0 verbose cli /usr/local/bin/node /usr/local/bin/npm
1 info using npm@11.8.0
2 info using node@v25.6.0
3 silly config load:file:/usr/local/lib/node_modules/npm/npmrc
4 silly config load:file:/Users/edwininganji/VSCodeProjects/cchis/frontend/.npmrc
5 silly config load:file:/Users/edwininganji/.npmrc
6 silly config load:file:/usr/local/etc/npmrc
7 verbose title npm install
8 verbose argv "install" "--cache" ".npm-cache" "--loglevel" "verbose"
9 verbose logfile logs-max:10 dir:/Users/edwininganji/VSCodeProjects/cchis/frontend/.npm-cache/_logs/2026-04-21T17_05_26_408Z-
10 verbose logfile /Users/edwininganji/VSCodeProjects/cchis/frontend/.npm-cache/_logs/2026-04-21T17_05_26_408Z-debug-0.log
11 silly logfile done cleaning log files
12 silly packumentCache heap:2348810240 maxSize:587202560 maxEntrySize:293601280
13 silly idealTree buildDeps
14 silly fetch manifest lucide-react@0.462.0
15 silly packumentCache full:https://registry.npmjs.org/lucide-react cache-miss
16 http cache https://registry.npmjs.org/lucide-react 11ms (cache hit)
17 silly packumentCache full:https://registry.npmjs.org/lucide-react set size:2239186 disposed:false
18 silly fetch manifest react@18.3.1
19 silly packumentCache full:https://registry.npmjs.org/react cache-miss
20 http cache https://registry.npmjs.org/react 11ms (cache hit)
21 silly packumentCache full:https://registry.npmjs.org/react set size:6617823 disposed:false
22 silly fetch manifest next@15.0.3
23 silly packumentCache full:https://registry.npmjs.org/next cache-miss
24 http cache https://registry.npmjs.org/next 49ms (cache hit)
25 silly packumentCache full:https://registry.npmjs.org/next set size:30198231 disposed:false
26 silly fetch manifest @opentelemetry/api@^1.1.0
27 silly packumentCache full:https://registry.npmjs.org/@opentelemetry%2fapi cache-miss
28 http cache https://registry.npmjs.org/@opentelemetry%2fapi 7ms (cache hit)
29 silly packumentCache full:https://registry.npmjs.org/@opentelemetry%2fapi set size:272855 disposed:false
30 silly fetch manifest @playwright/test@^1.41.2
31 silly packumentCache full:https://registry.npmjs.org/@playwright%2ftest cache-miss
32 http cache https://registry.npmjs.org/@playwright%2ftest 16ms (cache hit)
33 silly packumentCache full:https://registry.npmjs.org/@playwright%2ftest set size:9029425 disposed:false
34 silly fetch manifest babel-plugin-react-compiler@*
35 silly packumentCache full:https://registry.npmjs.org/babel-plugin-react-compiler cache-miss
36 http cache https://registry.npmjs.org/babel-plugin-react-compiler 4ms (cache hit)
37 silly packumentCache full:https://registry.npmjs.org/babel-plugin-react-compiler set size:1333788 disposed:false
38 silly fetch manifest react-dom@18.3.1
39 silly packumentCache full:https://registry.npmjs.org/react-dom cache-miss
40 http cache https://registry.npmjs.org/react-dom 15ms (cache hit)
41 silly packumentCache full:https://registry.npmjs.org/react-dom set size:8812489 disposed:false
42 silly fetch manifest sass@^1.3.0
43 silly packumentCache full:https://registry.npmjs.org/sass cache-miss
44 http cache https://registry.npmjs.org/sass 9ms (cache hit)
45 silly packumentCache full:https://registry.npmjs.org/sass set size:726244 disposed:false
46 silly fetch manifest @types/node@22.9.0
47 silly packumentCache full:https://registry.npmjs.org/@types%2fnode cache-miss
48 http cache https://registry.npmjs.org/@types%2fnode 21ms (cache hit)
49 silly packumentCache full:https://registry.npmjs.org/@types%2fnode set size:10972342 disposed:false
50 silly fetch manifest @types/react@18.3.12
51 silly packumentCache full:https://registry.npmjs.org/@types%2freact cache-miss
52 http cache https://registry.npmjs.org/@types%2freact 7ms (cache hit)
53 silly packumentCache full:https://registry.npmjs.org/@types%2freact set size:2588964 disposed:false
54 silly fetch manifest @types/react-dom@18.3.1
55 silly packumentCache full:https://registry.npmjs.org/@types%2freact-dom cache-miss
56 http cache https://registry.npmjs.org/@types%2freact-dom 11ms (cache hit)
57 silly packumentCache full:https://registry.npmjs.org/@types%2freact-dom set size:429026 disposed:false
58 silly fetch manifest eslint@9.14.0
59 silly packumentCache full:https://registry.npmjs.org/eslint cache-miss
60 http cache https://registry.npmjs.org/eslint 6ms (cache hit)
61 silly packumentCache full:https://registry.npmjs.org/eslint set size:1983515 disposed:false
62 silly fetch manifest jiti@*
63 silly packumentCache full:https://registry.npmjs.org/jiti cache-miss
64 http cache https://registry.npmjs.org/jiti 7ms (cache hit)
65 silly packumentCache full:https://registry.npmjs.org/jiti set size:382310 disposed:false
66 silly fetch manifest eslint-config-next@15.0.3
67 silly packumentCache full:https://registry.npmjs.org/eslint-config-next cache-miss
68 http cache https://registry.npmjs.org/eslint-config-next 20ms (cache hit)
69 silly packumentCache full:https://registry.npmjs.org/eslint-config-next set size:6612084 disposed:false
70 silly fetch manifest typescript@5.6.3
71 silly packumentCache full:https://registry.npmjs.org/typescript cache-miss
72 http cache https://registry.npmjs.org/typescript 25ms (cache hit)
73 silly packumentCache full:https://registry.npmjs.org/typescript set size:15409943 disposed:false
74 silly placeDep ROOT @types/node@22.9.0 OK for: cchis-dashboard@0.1.0 want: 22.9.0
75 silly placeDep ROOT @types/react@18.3.12 OK for: cchis-dashboard@0.1.0 want: 18.3.12
76 silly placeDep ROOT @types/react-dom@18.3.1 OK for: cchis-dashboard@0.1.0 want: 18.3.1
77 silly placeDep ROOT eslint@9.14.0 OK for: cchis-dashboard@0.1.0 want: 9.14.0
78 silly placeDep ROOT eslint-config-next@15.0.3 OK for: cchis-dashboard@0.1.0 want: 15.0.3
79 silly placeDep ROOT lucide-react@0.462.0 OK for: cchis-dashboard@0.1.0 want: 0.462.0
80 silly placeDep ROOT react@18.3.1 OK for: lucide-react@0.462.0 want: ^16.5.1 || ^17.0.0 || ^18.0.0 || ^19.0.0-rc
81 silly placeDep ROOT next@15.0.3 OK for: cchis-dashboard@0.1.0 want: 15.0.3
82 silly placeDep ROOT react-dom@18.3.1 OK for: next@15.0.3 want: ^18.2.0 || 19.0.0-rc-66855b96-20241106
83 silly placeDep ROOT typescript@5.6.3 OK for: cchis-dashboard@0.1.0 want: 5.6.3
84 silly fetch manifest undici-types@~6.19.8
85 silly packumentCache full:https://registry.npmjs.org/undici-types cache-miss
86 silly fetch manifest csstype@^3.0.2
87 silly packumentCache full:https://registry.npmjs.org/csstype cache-miss
88 silly fetch manifest @types/prop-types@*
89 silly packumentCache full:https://registry.npmjs.org/@types%2fprop-types cache-miss
90 silly fetch manifest ajv@^6.12.4
91 silly packumentCache full:https://registry.npmjs.org/ajv cache-miss
92 silly fetch manifest chalk@^4.0.0
93 silly packumentCache full:https://registry.npmjs.org/chalk cache-miss
94 silly fetch manifest debug@^4.3.2
95 silly packumentCache full:https://registry.npmjs.org/debug cache-miss
96 silly fetch manifest espree@^10.3.0
97 silly packumentCache full:https://registry.npmjs.org/espree cache-miss
98 http cache https://registry.npmjs.org/espree 3ms (cache hit)
99 silly packumentCache full:https://registry.npmjs.org/espree set size:326080 disposed:false
100 silly fetch manifest ignore@^5.2.0
101 silly packumentCache full:https://registry.npmjs.org/ignore cache-miss
102 http cache https://registry.npmjs.org/debug 6ms (cache hit)
103 silly packumentCache full:https://registry.npmjs.org/debug set size:195840 disposed:false
104 silly fetch manifest esquery@^1.5.0
105 silly packumentCache full:https://registry.npmjs.org/esquery cache-miss
106 http cache https://registry.npmjs.org/ajv 8ms (cache hit)
107 silly packumentCache full:https://registry.npmjs.org/ajv set size:1120197 disposed:false
108 silly fetch manifest esutils@^2.0.2
109 silly packumentCache full:https://registry.npmjs.org/esutils cache-miss
110 http cache https://registry.npmjs.org/chalk 23ms (cache hit)
111 silly packumentCache full:https://registry.npmjs.org/chalk set size:117861 disposed:false
112 silly fetch manifest find-up@^5.0.0
113 silly packumentCache full:https://registry.npmjs.org/find-up cache-miss
114 http cache https://registry.npmjs.org/csstype 31ms (cache hit)
115 silly packumentCache full:https://registry.npmjs.org/csstype set size:274189 disposed:false
116 silly fetch manifest is-glob@^4.0.0
117 silly packumentCache full:https://registry.npmjs.org/is-glob cache-miss
118 http cache https://registry.npmjs.org/@types%2fprop-types 35ms (cache hit)
119 silly packumentCache full:https://registry.npmjs.org/@types%2fprop-types set size:53942 disposed:false
120 silly fetch manifest minimatch@^3.1.2
121 silly packumentCache full:https://registry.npmjs.org/minimatch cache-miss
122 http cache https://registry.npmjs.org/undici-types 38ms (cache hit)
123 silly packumentCache full:https://registry.npmjs.org/undici-types set size:210150 disposed:false
124 silly fetch manifest @eslint/js@9.14.0
125 silly packumentCache full:https://registry.npmjs.org/@eslint%2fjs cache-miss
126 http cache https://registry.npmjs.org/is-glob 16ms (cache hit)
127 silly packumentCache full:https://registry.npmjs.org/is-glob set size:40530 disposed:false
128 silly fetch manifest optionator@^0.9.3
129 silly packumentCache full:https://registry.npmjs.org/optionator cache-miss
130 http cache https://registry.npmjs.org/esutils 28ms (cache hit)
131 silly packumentCache full:https://registry.npmjs.org/esutils set size:29522 disposed:false
132 silly fetch manifest text-table@^0.2.0
133 silly packumentCache full:https://registry.npmjs.org/text-table cache-miss
134 http cache https://registry.npmjs.org/ignore 47ms (cache hit)
135 silly packumentCache full:https://registry.npmjs.org/ignore set size:237380 disposed:false
136 silly fetch manifest cross-spawn@^7.0.2
137 silly packumentCache full:https://registry.npmjs.org/cross-spawn cache-miss
138 http cache https://registry.npmjs.org/esquery 51ms (cache hit)
139 silly packumentCache full:https://registry.npmjs.org/esquery set size:48888 disposed:false
140 silly fetch manifest glob-parent@^6.0.2
141 silly packumentCache full:https://registry.npmjs.org/glob-parent cache-miss
142 http cache https://registry.npmjs.org/find-up 36ms (cache hit)
143 silly packumentCache full:https://registry.npmjs.org/find-up set size:42620 disposed:false
144 silly fetch manifest imurmurhash@^0.1.4
145 silly packumentCache full:https://registry.npmjs.org/imurmurhash cache-miss
146 http cache https://registry.npmjs.org/minimatch 40ms (cache hit)
147 silly packumentCache full:https://registry.npmjs.org/minimatch set size:375282 disposed:false
148 silly fetch manifest @eslint/core@^0.7.0
149 silly packumentCache full:https://registry.npmjs.org/@eslint%2fcore cache-miss
150 http cache https://registry.npmjs.org/@eslint%2fjs 47ms (cache hit)
151 silly packumentCache full:https://registry.npmjs.org/@eslint%2fjs set size:140022 disposed:false
152 silly fetch manifest eslint-scope@^8.2.0
153 silly packumentCache full:https://registry.npmjs.org/eslint-scope cache-miss
154 http cache https://registry.npmjs.org/imurmurhash 34ms (cache hit)
155 silly packumentCache full:https://registry.npmjs.org/imurmurhash set size:35819 disposed:false
156 silly fetch manifest lodash.merge@^4.6.2
157 silly packumentCache full:https://registry.npmjs.org/lodash.merge cache-miss
158 http cache https://registry.npmjs.org/text-table 55ms (cache hit)
159 silly packumentCache full:https://registry.npmjs.org/text-table set size:20701 disposed:false
160 silly fetch manifest @humanfs/node@^0.16.6
161 silly packumentCache full:https://registry.npmjs.org/@humanfs%2fnode cache-miss
162 http cache https://registry.npmjs.org/glob-parent 44ms (cache hit)
163 silly packumentCache full:https://registry.npmjs.org/glob-parent set size:42445 disposed:false
164 silly fetch manifest @types/estree@^1.0.6
165 silly packumentCache full:https://registry.npmjs.org/@types%2festree cache-miss
166 http cache https://registry.npmjs.org/optionator 67ms (cache hit)
167 silly packumentCache full:https://registry.npmjs.org/optionator set size:49651 disposed:false
168 silly fetch manifest fast-deep-equal@^3.1.3
169 silly packumentCache full:https://registry.npmjs.org/fast-deep-equal cache-miss
170 http cache https://registry.npmjs.org/cross-spawn 63ms (cache hit)
171 silly packumentCache full:https://registry.npmjs.org/cross-spawn set size:109066 disposed:false
172 silly fetch manifest natural-compare@^1.4.0
173 silly packumentCache full:https://registry.npmjs.org/natural-compare cache-miss
174 http cache https://registry.npmjs.org/@eslint%2fcore 35ms (cache hit)
175 silly packumentCache full:https://registry.npmjs.org/@eslint%2fcore set size:58023 disposed:false
176 silly fetch manifest @eslint/eslintrc@^3.1.0
177 silly packumentCache full:https://registry.npmjs.org/@eslint%2feslintrc cache-miss
178 http cache https://registry.npmjs.org/eslint-scope 36ms (cache hit)
179 silly packumentCache full:https://registry.npmjs.org/eslint-scope set size:98867 disposed:false
180 silly fetch manifest file-entry-cache@^8.0.0
181 silly packumentCache full:https://registry.npmjs.org/file-entry-cache cache-miss
182 http cache https://registry.npmjs.org/fast-deep-equal 15ms (cache hit)
183 silly packumentCache full:https://registry.npmjs.org/fast-deep-equal set size:48634 disposed:false
184 silly fetch manifest @eslint/plugin-kit@^0.2.0
185 silly packumentCache full:https://registry.npmjs.org/@eslint%2fplugin-kit cache-miss
186 http cache https://registry.npmjs.org/@types%2festree 20ms (cache hit)
187 silly packumentCache full:https://registry.npmjs.org/@types%2festree set size:74091 disposed:false
188 silly fetch manifest @types/json-schema@^7.0.15
189 silly packumentCache full:https://registry.npmjs.org/@types%2fjson-schema cache-miss
190 http cache https://registry.npmjs.org/lodash.merge 33ms (cache hit)
191 silly packumentCache full:https://registry.npmjs.org/lodash.merge set size:78575 disposed:false
192 silly fetch manifest eslint-visitor-keys@^4.2.0
193 silly packumentCache full:https://registry.npmjs.org/eslint-visitor-keys cache-miss
194 http cache https://registry.npmjs.org/@humanfs%2fnode 35ms (cache hit)
195 silly packumentCache full:https://registry.npmjs.org/@humanfs%2fnode set size:39629 disposed:false
196 silly fetch manifest @eslint/config-array@^0.18.0
197 silly packumentCache full:https://registry.npmjs.org/@eslint%2fconfig-array cache-miss
198 http cache https://registry.npmjs.org/natural-compare 26ms (cache hit)
199 silly packumentCache full:https://registry.npmjs.org/natural-compare set size:7852 disposed:false
200 silly fetch manifest @humanwhocodes/retry@^0.4.0
201 silly packumentCache full:https://registry.npmjs.org/@humanwhocodes%2fretry cache-miss
202 http cache https://registry.npmjs.org/@eslint%2feslintrc 25ms (cache hit)
203 silly packumentCache full:https://registry.npmjs.org/@eslint%2feslintrc set size:168674 disposed:false
204 silly fetch manifest escape-string-regexp@^4.0.0
205 silly packumentCache full:https://registry.npmjs.org/escape-string-regexp cache-miss
206 http cache https://registry.npmjs.org/file-entry-cache 38ms (cache hit)
207 silly packumentCache full:https://registry.npmjs.org/file-entry-cache set size:151480 disposed:false
208 silly fetch manifest @eslint-community/regexpp@^4.12.1
209 silly packumentCache full:https://registry.npmjs.org/@eslint-community%2fregexpp cache-miss
210 http cache https://registry.npmjs.org/@eslint%2fplugin-kit 78ms (cache hit)
211 silly packumentCache full:https://registry.npmjs.org/@eslint%2fplugin-kit set size:73270 disposed:false
212 silly fetch manifest @eslint-community/eslint-utils@^4.2.0
213 silly packumentCache full:https://registry.npmjs.org/@eslint-community%2feslint-utils cache-miss
214 http cache https://registry.npmjs.org/@types%2fjson-schema 86ms (cache hit)
215 silly packumentCache full:https://registry.npmjs.org/@types%2fjson-schema set size:44704 disposed:false
216 silly fetch manifest @humanwhocodes/module-importer@^1.0.1
217 silly packumentCache full:https://registry.npmjs.org/@humanwhocodes%2fmodule-importer cache-miss
218 http cache https://registry.npmjs.org/eslint-visitor-keys 84ms (cache hit)
219 silly packumentCache full:https://registry.npmjs.org/eslint-visitor-keys set size:69949 disposed:false
220 silly fetch manifest json-stable-stringify-without-jsonify@^1.0.1
221 silly packumentCache full:https://registry.npmjs.org/json-stable-stringify-without-jsonify cache-miss
222 http cache https://registry.npmjs.org/@humanwhocodes%2fretry 80ms (cache hit)
223 silly packumentCache full:https://registry.npmjs.org/@humanwhocodes%2fretry set size:42348 disposed:false
224 silly fetch manifest eslint-plugin-react@^7.35.0
225 silly packumentCache full:https://registry.npmjs.org/eslint-plugin-react cache-miss
226 http cache https://registry.npmjs.org/@eslint%2fconfig-array 83ms (cache hit)
227 silly packumentCache full:https://registry.npmjs.org/@eslint%2fconfig-array set size:74140 disposed:false
228 silly fetch manifest eslint-plugin-import@^2.31.0
229 silly packumentCache full:https://registry.npmjs.org/eslint-plugin-import cache-miss
230 http cache https://registry.npmjs.org/escape-string-regexp 85ms (cache hit)
231 silly packumentCache full:https://registry.npmjs.org/escape-string-regexp set size:22244 disposed:false
232 silly fetch manifest eslint-plugin-jsx-a11y@^6.10.0
233 silly packumentCache full:https://registry.npmjs.org/eslint-plugin-jsx-a11y cache-miss
234 http cache https://registry.npmjs.org/@eslint-community%2fregexpp 35ms (cache hit)
235 silly packumentCache full:https://registry.npmjs.org/@eslint-community%2fregexpp set size:106609 disposed:false
236 silly fetch manifest @rushstack/eslint-patch@^1.10.3
237 silly packumentCache full:https://registry.npmjs.org/@rushstack%2feslint-patch cache-miss
238 http cache https://registry.npmjs.org/@eslint-community%2feslint-utils 29ms (cache hit)
239 silly packumentCache full:https://registry.npmjs.org/@eslint-community%2feslint-utils set size:93301 disposed:false
240 silly fetch manifest @next/eslint-plugin-next@15.0.3
241 silly packumentCache full:https://registry.npmjs.org/@next%2feslint-plugin-next cache-miss
242 http cache https://registry.npmjs.org/@humanwhocodes%2fmodule-importer 30ms (cache hit)
243 silly packumentCache full:https://registry.npmjs.org/@humanwhocodes%2fmodule-importer set size:9516 disposed:false
244 silly fetch manifest @typescript-eslint/parser@^5.4.2 || ^6.0.0 || ^7.0.0 || ^8.0.0
245 silly packumentCache full:https://registry.npmjs.org/@typescript-eslint%2fparser cache-miss
246 http cache https://registry.npmjs.org/eslint-plugin-react 29ms (cache hit)
247 silly packumentCache full:https://registry.npmjs.org/eslint-plugin-react set size:646827 disposed:false
248 silly fetch manifest eslint-plugin-react-hooks@^5.0.0
249 silly packumentCache full:https://registry.npmjs.org/eslint-plugin-react-hooks cache-miss
250 http cache https://registry.npmjs.org/eslint-plugin-import 32ms (cache hit)
251 silly packumentCache full:https://registry.npmjs.org/eslint-plugin-import set size:484928 disposed:false
252 silly fetch manifest eslint-import-resolver-node@^0.3.6
253 silly packumentCache full:https://registry.npmjs.org/eslint-import-resolver-node cache-miss
254 http cache https://registry.npmjs.org/json-stable-stringify-without-jsonify 44ms (cache hit)
255 silly packumentCache full:https://registry.npmjs.org/json-stable-stringify-without-jsonify set size:5808 disposed:false
256 silly fetch manifest @typescript-eslint/eslint-plugin@^5.4.2 || ^6.0.0 || ^7.0.0 || ^8.0.0
257 silly packumentCache full:https://registry.npmjs.org/@typescript-eslint%2feslint-plugin cache-miss
258 http cache https://registry.npmjs.org/eslint-plugin-jsx-a11y 37ms (cache hit)
259 silly packumentCache full:https://registry.npmjs.org/eslint-plugin-jsx-a11y set size:280052 disposed:false
260 silly fetch manifest eslint-import-resolver-typescript@^3.5.2
261 silly packumentCache full:https://registry.npmjs.org/eslint-import-resolver-typescript cache-miss
262 http cache https://registry.npmjs.org/@rushstack%2feslint-patch 28ms (cache hit)
263 silly packumentCache full:https://registry.npmjs.org/@rushstack%2feslint-patch set size:114289 disposed:false
264 silly fetch manifest loose-envify@^1.1.0
265 silly packumentCache full:https://registry.npmjs.org/loose-envify cache-miss
266 http cache https://registry.npmjs.org/eslint-import-resolver-node 14ms (cache hit)
267 silly packumentCache full:https://registry.npmjs.org/eslint-import-resolver-node set size:37178 disposed:false
268 silly fetch manifest busboy@1.6.0
269 silly packumentCache full:https://registry.npmjs.org/busboy cache-miss
270 http cache https://registry.npmjs.org/eslint-plugin-react-hooks 48ms (cache hit)
271 silly packumentCache full:https://registry.npmjs.org/eslint-plugin-react-hooks set size:7333957 disposed:false
272 silly fetch manifest postcss@8.4.31
273 silly packumentCache full:https://registry.npmjs.org/postcss cache-miss
274 http cache https://registry.npmjs.org/@typescript-eslint%2fparser 110ms (cache hit)
275 silly packumentCache full:https://registry.npmjs.org/@typescript-eslint%2fparser set size:15043899 disposed:false
276 silly fetch manifest @next/env@15.0.3
277 silly packumentCache full:https://registry.npmjs.org/@next%2fenv cache-miss
278 http cache https://registry.npmjs.org/@next%2feslint-plugin-next 179ms (cache hit)
279 silly packumentCache full:https://registry.npmjs.org/@next%2feslint-plugin-next set size:6714416 disposed:false
280 silly fetch manifest styled-jsx@5.1.6
281 silly packumentCache full:https://registry.npmjs.org/styled-jsx cache-miss
282 http cache https://registry.npmjs.org/@typescript-eslint%2feslint-plugin 215ms (cache hit)
283 silly packumentCache full:https://registry.npmjs.org/@typescript-eslint%2feslint-plugin set size:17732032 disposed:false
284 silly fetch manifest @swc/counter@0.1.3
285 silly packumentCache full:https://registry.npmjs.org/@swc%2fcounter cache-miss
286 http cache https://registry.npmjs.org/eslint-import-resolver-typescript 253ms (cache hit)
287 silly packumentCache full:https://registry.npmjs.org/eslint-import-resolver-typescript set size:334387 disposed:false
288 silly fetch manifest @swc/helpers@0.5.13
289 silly packumentCache full:https://registry.npmjs.org/@swc%2fhelpers cache-miss
290 http cache https://registry.npmjs.org/loose-envify 253ms (cache hit)
291 silly packumentCache full:https://registry.npmjs.org/loose-envify set size:12559 disposed:false
292 silly fetch manifest caniuse-lite@^1.0.30001579
293 silly packumentCache full:https://registry.npmjs.org/caniuse-lite cache-miss
294 http cache https://registry.npmjs.org/busboy 237ms (cache hit)
295 silly packumentCache full:https://registry.npmjs.org/busboy set size:78925 disposed:false
296 silly fetch manifest sharp@^0.33.5
297 silly packumentCache full:https://registry.npmjs.org/sharp cache-miss
298 http cache https://registry.npmjs.org/@swc%2fcounter 7ms (cache hit)
299 silly packumentCache full:https://registry.npmjs.org/@swc%2fcounter set size:7199 disposed:false
300 silly fetch manifest @next/swc-darwin-x64@15.0.3
301 silly packumentCache full:https://registry.npmjs.org/@next%2fswc-darwin-x64 cache-miss
302 http cache https://registry.npmjs.org/styled-jsx 66ms (cache hit)
303 silly packumentCache full:https://registry.npmjs.org/styled-jsx set size:436113 disposed:false
304 silly fetch manifest @next/swc-darwin-arm64@15.0.3
305 silly packumentCache full:https://registry.npmjs.org/@next%2fswc-darwin-arm64 cache-miss
306 http cache https://registry.npmjs.org/postcss 191ms (cache hit)
307 silly packumentCache full:https://registry.npmjs.org/postcss set size:708244 disposed:false
308 silly fetch manifest @next/swc-linux-x64-gnu@15.0.3
309 silly packumentCache full:https://registry.npmjs.org/@next%2fswc-linux-x64-gnu cache-miss
310 http cache https://registry.npmjs.org/@next%2fenv 146ms (cache hit)
311 silly packumentCache full:https://registry.npmjs.org/@next%2fenv set size:7187849 disposed:false
312 silly fetch manifest @next/swc-linux-x64-musl@15.0.3
313 silly packumentCache full:https://registry.npmjs.org/@next%2fswc-linux-x64-musl cache-miss
314 http cache https://registry.npmjs.org/@swc%2fhelpers 78ms (cache hit)
315 silly packumentCache full:https://registry.npmjs.org/@swc%2fhelpers set size:726705 disposed:false
316 silly fetch manifest @next/swc-win32-x64-msvc@15.0.3
317 silly packumentCache full:https://registry.npmjs.org/@next%2fswc-win32-x64-msvc cache-miss
318 http cache https://registry.npmjs.org/sharp 83ms (cache hit)
319 silly packumentCache full:https://registry.npmjs.org/sharp set size:1062973 disposed:false
320 silly fetch manifest @next/swc-linux-arm64-gnu@15.0.3
321 silly packumentCache full:https://registry.npmjs.org/@next%2fswc-linux-arm64-gnu cache-miss
322 http cache https://registry.npmjs.org/caniuse-lite 94ms (cache hit)
323 silly packumentCache full:https://registry.npmjs.org/caniuse-lite set size:2285117 disposed:false
324 silly fetch manifest @next/swc-linux-arm64-musl@15.0.3
325 silly packumentCache full:https://registry.npmjs.org/@next%2fswc-linux-arm64-musl cache-miss
326 http cache https://registry.npmjs.org/@next%2fswc-darwin-x64 118ms (cache hit)
327 silly packumentCache full:https://registry.npmjs.org/@next%2fswc-darwin-x64 set size:5147556 disposed:false
328 silly fetch manifest @next/swc-win32-arm64-msvc@15.0.3
329 silly packumentCache full:https://registry.npmjs.org/@next%2fswc-win32-arm64-msvc cache-miss
330 http cache https://registry.npmjs.org/@next%2fswc-linux-x64-musl 72ms (cache hit)
331 silly packumentCache full:https://registry.npmjs.org/@next%2fswc-linux-x64-musl set size:5008594 disposed:false
332 silly fetch manifest scheduler@^0.23.2
333 silly packumentCache full:https://registry.npmjs.org/scheduler cache-miss
334 http cache https://registry.npmjs.org/@next%2fswc-darwin-arm64 163ms (cache hit)
335 silly packumentCache full:https://registry.npmjs.org/@next%2fswc-darwin-arm64 set size:5203902 disposed:false
336 http cache https://registry.npmjs.org/@next%2fswc-win32-x64-msvc 136ms (cache hit)
337 silly packumentCache full:https://registry.npmjs.org/@next%2fswc-win32-x64-msvc set size:5224674 disposed:false
338 http cache https://registry.npmjs.org/@next%2fswc-linux-x64-gnu 257ms (cache hit)
339 silly packumentCache full:https://registry.npmjs.org/@next%2fswc-linux-x64-gnu set size:5252464 disposed:false
340 http cache https://registry.npmjs.org/@next%2fswc-win32-arm64-msvc 184ms (cache hit)
341 silly packumentCache full:https://registry.npmjs.org/@next%2fswc-win32-arm64-msvc set size:5037624 disposed:false
342 http cache https://registry.npmjs.org/scheduler 178ms (cache hit)
343 silly packumentCache full:https://registry.npmjs.org/scheduler set size:5484053 disposed:false
344 http cache https://registry.npmjs.org/@next%2fswc-linux-arm64-gnu 284ms (cache hit)
345 silly packumentCache full:https://registry.npmjs.org/@next%2fswc-linux-arm64-gnu set size:5055427 disposed:false
346 http cache https://registry.npmjs.org/@next%2fswc-linux-arm64-musl 293ms (cache hit)
347 silly packumentCache full:https://registry.npmjs.org/@next%2fswc-linux-arm64-musl set size:5073098 disposed:false
348 silly placeDep ROOT undici-types@6.19.8 OK for: @types/node@22.9.0 want: ~6.19.8
349 silly placeDep ROOT @types/prop-types@15.7.15 OK for: @types/react@18.3.12 want: *
350 silly placeDep ROOT csstype@3.2.3 OK for: @types/react@18.3.12 want: ^3.0.2
351 silly fetch manifest eslint@^6.0.0 || ^7.0.0 || >=8.0.0
352 silly packumentCache full:https://registry.npmjs.org/eslint cache-miss
353 http cache https://registry.npmjs.org/eslint 2ms (cache hit)
354 silly packumentCache full:https://registry.npmjs.org/eslint set size:1983515 disposed:false
355 silly placeDep ROOT @eslint-community/eslint-utils@4.9.1 OK for: eslint@9.14.0 want: ^4.2.0
356 silly placeDep ROOT @eslint-community/regexpp@4.12.2 OK for: eslint@9.14.0 want: ^4.12.1
357 silly placeDep ROOT @eslint/config-array@0.18.0 OK for: eslint@9.14.0 want: ^0.18.0
358 silly placeDep ROOT @eslint/core@0.7.0 OK for: eslint@9.14.0 want: ^0.7.0
359 silly placeDep ROOT @eslint/eslintrc@3.3.5 OK for: eslint@9.14.0 want: ^3.1.0
360 silly placeDep ROOT @eslint/js@9.14.0 OK for: eslint@9.14.0 want: 9.14.0
361 silly placeDep ROOT @eslint/plugin-kit@0.2.8 OK for: eslint@9.14.0 want: ^0.2.0
362 silly placeDep ROOT @humanfs/node@0.16.8 OK for: eslint@9.14.0 want: ^0.16.6
363 silly placeDep ROOT @humanwhocodes/module-importer@1.0.1 OK for: eslint@9.14.0 want: ^1.0.1
364 silly placeDep ROOT @humanwhocodes/retry@0.4.3 OK for: eslint@9.14.0 want: ^0.4.0
365 silly placeDep ROOT @types/estree@1.0.8 OK for: eslint@9.14.0 want: ^1.0.6
366 silly placeDep ROOT @types/json-schema@7.0.15 OK for: eslint@9.14.0 want: ^7.0.15
367 silly placeDep ROOT ajv@6.14.0 OK for: eslint@9.14.0 want: ^6.12.4
368 silly placeDep ROOT chalk@4.1.2 OK for: eslint@9.14.0 want: ^4.0.0
369 silly placeDep ROOT cross-spawn@7.0.6 OK for: eslint@9.14.0 want: ^7.0.2
370 silly placeDep ROOT debug@4.4.3 OK for: eslint@9.14.0 want: ^4.3.2
371 silly placeDep ROOT escape-string-regexp@4.0.0 OK for: eslint@9.14.0 want: ^4.0.0
372 silly placeDep ROOT eslint-scope@8.4.0 OK for: eslint@9.14.0 want: ^8.2.0
373 silly placeDep ROOT eslint-visitor-keys@4.2.1 OK for: eslint@9.14.0 want: ^4.2.0
374 silly placeDep ROOT espree@10.4.0 OK for: eslint@9.14.0 want: ^10.3.0
375 silly placeDep ROOT esquery@1.7.0 OK for: eslint@9.14.0 want: ^1.5.0
376 silly placeDep ROOT esutils@2.0.3 OK for: eslint@9.14.0 want: ^2.0.2
377 silly placeDep ROOT fast-deep-equal@3.1.3 OK for: eslint@9.14.0 want: ^3.1.3
378 silly placeDep ROOT file-entry-cache@8.0.0 OK for: eslint@9.14.0 want: ^8.0.0
379 silly placeDep ROOT find-up@5.0.0 OK for: eslint@9.14.0 want: ^5.0.0
380 silly placeDep ROOT glob-parent@6.0.2 OK for: eslint@9.14.0 want: ^6.0.2
381 silly placeDep ROOT ignore@5.3.2 OK for: eslint@9.14.0 want: ^5.2.0
382 silly placeDep ROOT imurmurhash@0.1.4 OK for: eslint@9.14.0 want: ^0.1.4
383 silly placeDep ROOT is-glob@4.0.3 OK for: eslint@9.14.0 want: ^4.0.0
384 silly placeDep ROOT json-stable-stringify-without-jsonify@1.0.1 OK for: eslint@9.14.0 want: ^1.0.1
385 silly placeDep ROOT lodash.merge@4.6.2 OK for: eslint@9.14.0 want: ^4.6.2
386 silly placeDep ROOT minimatch@3.1.5 OK for: eslint@9.14.0 want: ^3.1.2
387 silly placeDep ROOT natural-compare@1.4.0 OK for: eslint@9.14.0 want: ^1.4.0
388 silly placeDep ROOT optionator@0.9.4 OK for: eslint@9.14.0 want: ^0.9.3
389 silly placeDep ROOT text-table@0.2.0 OK for: eslint@9.14.0 want: ^0.2.0
390 silly fetch manifest eslint-visitor-keys@^3.4.3
391 silly packumentCache full:https://registry.npmjs.org/eslint-visitor-keys cache-hit
392 silly fetch manifest debug@^4.3.1
393 silly packumentCache full:https://registry.npmjs.org/debug cache-hit
394 silly fetch manifest @eslint/object-schema@^2.1.4
395 silly packumentCache full:https://registry.npmjs.org/@eslint%2fobject-schema cache-miss
396 silly fetch manifest ajv@^6.14.0
397 silly packumentCache full:https://registry.npmjs.org/ajv cache-miss
398 silly fetch manifest espree@^10.0.1
399 silly packumentCache full:https://registry.npmjs.org/espree cache-hit
400 silly fetch manifest globals@^14.0.0
401 silly packumentCache full:https://registry.npmjs.org/globals cache-miss
402 silly fetch manifest import-fresh@^3.2.1
403 silly packumentCache full:https://registry.npmjs.org/import-fresh cache-miss
404 silly fetch manifest js-yaml@^4.1.1
405 silly packumentCache full:https://registry.npmjs.org/js-yaml cache-miss
406 silly fetch manifest minimatch@^3.1.5
407 silly packumentCache full:https://registry.npmjs.org/minimatch cache-hit
408 silly fetch manifest strip-json-comments@^3.1.1
409 silly packumentCache full:https://registry.npmjs.org/strip-json-comments cache-miss
410 silly fetch manifest levn@^0.4.1
411 silly packumentCache full:https://registry.npmjs.org/levn cache-miss
412 http cache https://registry.npmjs.org/strip-json-comments 3ms (cache hit)
413 silly packumentCache full:https://registry.npmjs.org/strip-json-comments set size:43569 disposed:false
414 silly fetch manifest @eslint/core@^0.13.0
415 silly packumentCache full:https://registry.npmjs.org/@eslint%2fcore cache-hit
416 silly fetch manifest @humanfs/core@^0.19.2
417 silly packumentCache full:https://registry.npmjs.org/@humanfs%2fcore cache-miss
418 http cache https://registry.npmjs.org/import-fresh 5ms (cache hit)
419 silly packumentCache full:https://registry.npmjs.org/import-fresh set size:24604 disposed:false
420 silly fetch manifest @humanfs/types@^0.15.0
421 silly packumentCache full:https://registry.npmjs.org/@humanfs%2ftypes cache-miss
422 http cache https://registry.npmjs.org/@eslint%2fobject-schema 6ms (cache hit)
423 silly packumentCache full:https://registry.npmjs.org/@eslint%2fobject-schema set size:38535 disposed:false
424 silly fetch manifest fast-deep-equal@^3.1.1
425 silly packumentCache full:https://registry.npmjs.org/fast-deep-equal cache-hit
426 silly fetch manifest fast-json-stable-stringify@^2.0.0
427 silly packumentCache full:https://registry.npmjs.org/fast-json-stable-stringify cache-miss
428 http cache https://registry.npmjs.org/globals 7ms (cache hit)
429 silly packumentCache full:https://registry.npmjs.org/globals set size:312297 disposed:false
430 silly fetch manifest json-schema-traverse@^0.4.1
431 silly packumentCache full:https://registry.npmjs.org/json-schema-traverse cache-miss
432 http cache https://registry.npmjs.org/ajv 10ms (cache hit)
433 silly packumentCache full:https://registry.npmjs.org/ajv set size:1120197 disposed:false
434 silly fetch manifest uri-js@^4.2.2
435 silly packumentCache full:https://registry.npmjs.org/uri-js cache-miss
436 http cache https://registry.npmjs.org/levn 21ms (cache hit)
437 silly packumentCache full:https://registry.npmjs.org/levn set size:28223 disposed:false
438 silly fetch manifest ansi-styles@^4.1.0
439 silly packumentCache full:https://registry.npmjs.org/ansi-styles cache-miss
440 http cache https://registry.npmjs.org/js-yaml 26ms (cache hit)
441 silly packumentCache full:https://registry.npmjs.org/js-yaml set size:152232 disposed:false
442 silly fetch manifest supports-color@^7.1.0
443 silly packumentCache full:https://registry.npmjs.org/supports-color cache-miss
444 http cache https://registry.npmjs.org/@humanfs%2ftypes 24ms (cache hit)
445 silly packumentCache full:https://registry.npmjs.org/@humanfs%2ftypes set size:19212 disposed:false
446 silly fetch manifest which@^2.0.1
447 silly packumentCache full:https://registry.npmjs.org/which cache-miss
448 http cache https://registry.npmjs.org/uri-js 10ms (cache hit)
449 silly packumentCache full:https://registry.npmjs.org/uri-js set size:42559 disposed:false
450 silly fetch manifest path-key@^3.1.0
451 silly packumentCache full:https://registry.npmjs.org/path-key cache-miss
452 http cache https://registry.npmjs.org/@humanfs%2fcore 27ms (cache hit)
453 silly packumentCache full:https://registry.npmjs.org/@humanfs%2fcore set size:37261 disposed:false
454 silly fetch manifest shebang-command@^2.0.0
455 silly packumentCache full:https://registry.npmjs.org/shebang-command cache-miss
456 http cache https://registry.npmjs.org/json-schema-traverse 25ms (cache hit)
457 silly packumentCache full:https://registry.npmjs.org/json-schema-traverse set size:23537 disposed:false
458 silly fetch manifest ms@^2.1.3
459 silly packumentCache full:https://registry.npmjs.org/ms cache-miss
460 http cache https://registry.npmjs.org/fast-json-stable-stringify 28ms (cache hit)
461 silly packumentCache full:https://registry.npmjs.org/fast-json-stable-stringify set size:11337 disposed:false
462 silly fetch manifest esrecurse@^4.3.0
463 silly packumentCache full:https://registry.npmjs.org/esrecurse cache-miss
464 http cache https://registry.npmjs.org/ansi-styles 8ms (cache hit)
465 silly packumentCache full:https://registry.npmjs.org/ansi-styles set size:63233 disposed:false
466 silly fetch manifest estraverse@^5.2.0
467 silly packumentCache full:https://registry.npmjs.org/estraverse cache-miss
468 http cache https://registry.npmjs.org/supports-color 13ms (cache hit)
469 silly packumentCache full:https://registry.npmjs.org/supports-color set size:118680 disposed:false
470 silly fetch manifest acorn@^8.15.0
471 silly packumentCache full:https://registry.npmjs.org/acorn cache-miss
472 http cache https://registry.npmjs.org/path-key 23ms (cache hit)
473 silly packumentCache full:https://registry.npmjs.org/path-key set size:16975 disposed:false
474 silly fetch manifest acorn-jsx@^5.3.2
475 silly packumentCache full:https://registry.npmjs.org/acorn-jsx cache-miss
476 http cache https://registry.npmjs.org/which 25ms (cache hit)
477 silly packumentCache full:https://registry.npmjs.org/which set size:67747 disposed:false
478 silly fetch manifest estraverse@^5.1.0
479 silly packumentCache full:https://registry.npmjs.org/estraverse cache-miss
480 http cache https://registry.npmjs.org/shebang-command 25ms (cache hit)
481 silly packumentCache full:https://registry.npmjs.org/shebang-command set size:8525 disposed:false
482 silly fetch manifest flat-cache@^4.0.0
483 silly packumentCache full:https://registry.npmjs.org/flat-cache cache-miss
484 http cache https://registry.npmjs.org/esrecurse 24ms (cache hit)
485 silly packumentCache full:https://registry.npmjs.org/esrecurse set size:29005 disposed:false
486 silly fetch manifest locate-path@^6.0.0
487 silly packumentCache full:https://registry.npmjs.org/locate-path cache-miss
488 http cache https://registry.npmjs.org/ms 27ms (cache hit)
489 silly packumentCache full:https://registry.npmjs.org/ms set size:92208 disposed:false
490 silly fetch manifest path-exists@^4.0.0
491 silly packumentCache full:https://registry.npmjs.org/path-exists cache-miss
492 http cache https://registry.npmjs.org/estraverse 23ms (cache hit)
493 silly packumentCache full:https://registry.npmjs.org/estraverse set size:62412 disposed:false
494 silly fetch manifest is-glob@^4.0.3
495 silly packumentCache full:https://registry.npmjs.org/is-glob cache-hit
496 silly fetch manifest is-extglob@^2.1.1
497 silly packumentCache full:https://registry.npmjs.org/is-extglob cache-miss
498 http cache https://registry.npmjs.org/acorn 20ms (cache hit)
499 silly packumentCache full:https://registry.npmjs.org/acorn set size:379626 disposed:false
500 silly fetch manifest brace-expansion@^1.1.7
501 silly packumentCache full:https://registry.npmjs.org/brace-expansion cache-miss
502 http cache https://registry.npmjs.org/locate-path 13ms (cache hit)
503 silly packumentCache full:https://registry.npmjs.org/locate-path set size:31329 disposed:false
504 silly fetch manifest prelude-ls@^1.2.1
505 silly packumentCache full:https://registry.npmjs.org/prelude-ls cache-miss
506 http cache https://registry.npmjs.org/acorn-jsx 19ms (cache hit)
507 silly packumentCache full:https://registry.npmjs.org/acorn-jsx set size:71068 disposed:false
508 silly fetch manifest deep-is@^0.1.3
509 silly packumentCache full:https://registry.npmjs.org/deep-is cache-miss
510 http cache https://registry.npmjs.org/estraverse 21ms (cache hit)
511 silly packumentCache full:https://registry.npmjs.org/estraverse set size:62412 disposed:false
512 silly packumentCache full:https://registry.npmjs.org/estraverse dispose
513 silly fetch manifest word-wrap@^1.2.5
514 silly packumentCache full:https://registry.npmjs.org/word-wrap cache-miss
515 http cache https://registry.npmjs.org/flat-cache 22ms (cache hit)
516 silly packumentCache full:https://registry.npmjs.org/flat-cache set size:169582 disposed:false
517 silly fetch manifest type-check@^0.4.0
518 silly packumentCache full:https://registry.npmjs.org/type-check cache-miss
519 http cache https://registry.npmjs.org/is-extglob 24ms (cache hit)
520 silly packumentCache full:https://registry.npmjs.org/is-extglob set size:11766 disposed:false
521 silly fetch manifest fast-levenshtein@^2.0.6
522 silly packumentCache full:https://registry.npmjs.org/fast-levenshtein cache-miss
523 http cache https://registry.npmjs.org/path-exists 26ms (cache hit)
524 silly packumentCache full:https://registry.npmjs.org/path-exists set size:13704 disposed:false
525 http cache https://registry.npmjs.org/brace-expansion 20ms (cache hit)
526 silly packumentCache full:https://registry.npmjs.org/brace-expansion set size:65768 disposed:false
527 http cache https://registry.npmjs.org/deep-is 22ms (cache hit)
528 silly packumentCache full:https://registry.npmjs.org/deep-is set size:10205 disposed:false
529 http cache https://registry.npmjs.org/prelude-ls 28ms (cache hit)
530 silly packumentCache full:https://registry.npmjs.org/prelude-ls set size:25777 disposed:false
531 http cache https://registry.npmjs.org/type-check 18ms (cache hit)
532 silly packumentCache full:https://registry.npmjs.org/type-check set size:21221 disposed:false
533 http cache https://registry.npmjs.org/fast-levenshtein 17ms (cache hit)
534 silly packumentCache full:https://registry.npmjs.org/fast-levenshtein set size:39317 disposed:false
535 http cache https://registry.npmjs.org/word-wrap 25ms (cache hit)
536 silly packumentCache full:https://registry.npmjs.org/word-wrap set size:37835 disposed:false
537 silly placeDep node_modules/@eslint-community/eslint-utils eslint-visitor-keys@3.4.3 OK for: @eslint-community/eslint-utils@4.9.1 want: ^3.4.3
538 silly placeDep ROOT @eslint/object-schema@2.1.7 OK for: @eslint/config-array@0.18.0 want: ^2.1.4
539 silly placeDep ROOT globals@14.0.0 OK for: @eslint/eslintrc@3.3.5 want: ^14.0.0
540 silly placeDep ROOT import-fresh@3.3.1 OK for: @eslint/eslintrc@3.3.5 want: ^3.2.1
541 silly placeDep ROOT js-yaml@4.1.1 OK for: @eslint/eslintrc@3.3.5 want: ^4.1.1
542 silly placeDep ROOT strip-json-comments@3.1.1 OK for: @eslint/eslintrc@3.3.5 want: ^3.1.1
543 silly fetch manifest resolve-from@^4.0.0
544 silly packumentCache full:https://registry.npmjs.org/resolve-from cache-miss
545 silly fetch manifest parent-module@^1.0.0
546 silly packumentCache full:https://registry.npmjs.org/parent-module cache-miss
547 silly fetch manifest argparse@^2.0.1
548 silly packumentCache full:https://registry.npmjs.org/argparse cache-miss
549 http cache https://registry.npmjs.org/argparse 6ms (cache hit)
550 silly packumentCache full:https://registry.npmjs.org/argparse set size:49266 disposed:false
551 http cache https://registry.npmjs.org/parent-module 13ms (cache hit)
552 silly packumentCache full:https://registry.npmjs.org/parent-module set size:18255 disposed:false
553 http cache https://registry.npmjs.org/resolve-from 15ms (cache hit)
554 silly packumentCache full:https://registry.npmjs.org/resolve-from set size:12911 disposed:false
555 silly placeDep node_modules/@eslint/plugin-kit @eslint/core@0.13.0 OK for: @eslint/plugin-kit@0.2.8 want: ^0.13.0
556 silly placeDep ROOT levn@0.4.1 OK for: @eslint/plugin-kit@0.2.8 want: ^0.4.1
557 silly fetch manifest type-check@~0.4.0
558 silly packumentCache full:https://registry.npmjs.org/type-check cache-hit
559 silly placeDep ROOT @humanfs/core@0.19.2 OK for: @humanfs/node@0.16.8 want: ^0.19.2
560 silly placeDep ROOT @humanfs/types@0.15.0 OK for: @humanfs/node@0.16.8 want: ^0.15.0
561 silly placeDep ROOT fast-json-stable-stringify@2.1.0 OK for: ajv@6.14.0 want: ^2.0.0
562 silly placeDep ROOT json-schema-traverse@0.4.1 OK for: ajv@6.14.0 want: ^0.4.1
563 silly placeDep ROOT uri-js@4.4.1 OK for: ajv@6.14.0 want: ^4.2.2
564 silly fetch manifest punycode@^2.1.0
565 silly packumentCache full:https://registry.npmjs.org/punycode cache-miss
566 http cache https://registry.npmjs.org/punycode 3ms (cache hit)
567 silly packumentCache full:https://registry.npmjs.org/punycode set size:61302 disposed:false
568 silly placeDep ROOT ansi-styles@4.3.0 OK for: chalk@4.1.2 want: ^4.1.0
569 silly placeDep ROOT supports-color@7.2.0 OK for: chalk@4.1.2 want: ^7.1.0
570 silly fetch manifest color-convert@^2.0.1
571 silly packumentCache full:https://registry.npmjs.org/color-convert cache-miss
572 silly fetch manifest has-flag@^4.0.0
573 silly packumentCache full:https://registry.npmjs.org/has-flag cache-miss
574 http cache https://registry.npmjs.org/has-flag 2ms (cache hit)
575 silly packumentCache full:https://registry.npmjs.org/has-flag set size:15180 disposed:false
576 http cache https://registry.npmjs.org/color-convert 4ms (cache hit)
577 silly packumentCache full:https://registry.npmjs.org/color-convert set size:72663 disposed:false
578 silly placeDep ROOT color-convert@2.0.1 OK for: ansi-styles@4.3.0 want: ^2.0.1
579 silly fetch manifest color-name@~1.1.4
580 silly packumentCache full:https://registry.npmjs.org/color-name cache-miss
581 http cache https://registry.npmjs.org/color-name 8ms (cache hit)
582 silly packumentCache full:https://registry.npmjs.org/color-name set size:19467 disposed:false
583 silly placeDep ROOT color-name@1.1.4 OK for: color-convert@2.0.1 want: ~1.1.4
584 silly placeDep ROOT path-key@3.1.1 OK for: cross-spawn@7.0.6 want: ^3.1.0
585 silly placeDep ROOT shebang-command@2.0.0 OK for: cross-spawn@7.0.6 want: ^2.0.0
586 silly placeDep ROOT which@2.0.2 OK for: cross-spawn@7.0.6 want: ^2.0.1
587 silly fetch manifest shebang-regex@^3.0.0
588 silly packumentCache full:https://registry.npmjs.org/shebang-regex cache-miss
589 silly fetch manifest isexe@^2.0.0
590 silly packumentCache full:https://registry.npmjs.org/isexe cache-miss
591 http cache https://registry.npmjs.org/isexe 5ms (cache hit)
592 silly packumentCache full:https://registry.npmjs.org/isexe set size:31756 disposed:false
593 http cache https://registry.npmjs.org/shebang-regex 10ms (cache hit)
594 silly packumentCache full:https://registry.npmjs.org/shebang-regex set size:9763 disposed:false
595 silly placeDep ROOT ms@2.1.3 OK for: debug@4.4.3 want: ^2.1.3
596 silly fetch manifest eslint@^7.23.0 || ^8.0.0 || ^9.0.0
597 silly packumentCache full:https://registry.npmjs.org/eslint cache-miss
598 http cache https://registry.npmjs.org/eslint 6ms (cache hit)
599 silly packumentCache full:https://registry.npmjs.org/eslint set size:1983515 disposed:false
600 silly fetch manifest typescript@>=3.3.1
601 silly packumentCache full:https://registry.npmjs.org/typescript cache-miss
602 http cache https://registry.npmjs.org/typescript 147ms (cache hit)
603 silly packumentCache full:https://registry.npmjs.org/typescript set size:15409943 disposed:false
604 silly fetch manifest eslint-plugin-import-x@*
605 silly packumentCache full:https://registry.npmjs.org/eslint-plugin-import-x cache-miss
606 http fetch GET 200 https://registry.npmjs.org/eslint-plugin-import-x 696ms (cache miss)
607 silly packumentCache full:https://registry.npmjs.org/eslint-plugin-import-x set size:undefined disposed:false
608 silly fetch manifest @typescript-eslint/utils@^8.56.0
609 silly packumentCache full:https://registry.npmjs.org/@typescript-eslint%2futils cache-miss
610 http fetch GET 200 https://registry.npmjs.org/@typescript-eslint%2futils 1013ms (cache miss)
611 silly packumentCache full:https://registry.npmjs.org/@typescript-eslint%2futils set size:undefined disposed:false
612 silly placeDep ROOT @next/eslint-plugin-next@15.0.3 OK for: eslint-config-next@15.0.3 want: 15.0.3
613 silly placeDep ROOT @rushstack/eslint-patch@1.16.1 OK for: eslint-config-next@15.0.3 want: ^1.10.3
614 silly placeDep ROOT @typescript-eslint/eslint-plugin@8.59.0 OK for: eslint-config-next@15.0.3 want: ^5.4.2 || ^6.0.0 || ^7.0.0 || ^8.0.0
615 silly placeDep ROOT @typescript-eslint/parser@8.59.0 OK for: @typescript-eslint/eslint-plugin@8.59.0 want: ^8.59.0
616 silly placeDep ROOT eslint-import-resolver-node@0.3.10 OK for: eslint-config-next@15.0.3 want: ^0.3.6
617 silly placeDep ROOT eslint-import-resolver-typescript@3.10.1 OK for: eslint-config-next@15.0.3 want: ^3.5.2
618 silly placeDep ROOT eslint-plugin-import@2.32.0 OK for: eslint-config-next@15.0.3 want: ^2.31.0
619 silly placeDep ROOT eslint-plugin-jsx-a11y@6.10.2 OK for: eslint-config-next@15.0.3 want: ^6.10.0
620 silly placeDep ROOT eslint-plugin-react@7.37.5 OK for: eslint-config-next@15.0.3 want: ^7.35.0
621 silly placeDep ROOT eslint-plugin-react-hooks@5.2.0 OK for: eslint-config-next@15.0.3 want: ^5.0.0
622 silly fetch manifest fast-glob@3.3.1
623 silly packumentCache full:https://registry.npmjs.org/fast-glob cache-miss
624 silly fetch manifest ignore@^7.0.5
625 silly packumentCache full:https://registry.npmjs.org/ignore cache-hit
626 silly fetch manifest ts-api-utils@^2.5.0
627 silly packumentCache full:https://registry.npmjs.org/ts-api-utils cache-miss
628 silly fetch manifest @typescript-eslint/utils@8.59.0
629 silly packumentCache full:https://registry.npmjs.org/@typescript-eslint%2futils cache-miss
630 silly fetch manifest @typescript-eslint/type-utils@8.59.0
631 silly packumentCache full:https://registry.npmjs.org/@typescript-eslint%2ftype-utils cache-miss
632 silly fetch manifest @typescript-eslint/visitor-keys@8.59.0
633 silly packumentCache full:https://registry.npmjs.org/@typescript-eslint%2fvisitor-keys cache-miss
634 silly fetch manifest @typescript-eslint/scope-manager@8.59.0
635 silly packumentCache full:https://registry.npmjs.org/@typescript-eslint%2fscope-manager cache-miss
636 silly fetch manifest @typescript-eslint/types@8.59.0
637 silly packumentCache full:https://registry.npmjs.org/@typescript-eslint%2ftypes cache-miss
638 http cache https://registry.npmjs.org/@typescript-eslint%2futils 34ms (cache hit)
639 silly packumentCache full:https://registry.npmjs.org/@typescript-eslint%2futils set size:9982400 disposed:false
640 silly fetch manifest @typescript-eslint/visitor-keys@8.59.0
641 silly packumentCache full:https://registry.npmjs.org/@typescript-eslint%2fvisitor-keys cache-miss
642 http fetch GET 200 https://registry.npmjs.org/fast-glob 285ms (cache miss)
643 silly packumentCache full:https://registry.npmjs.org/fast-glob set size:undefined disposed:false
644 silly fetch manifest @typescript-eslint/scope-manager@8.59.0
645 silly packumentCache full:https://registry.npmjs.org/@typescript-eslint%2fscope-manager cache-miss
646 http fetch GET 200 https://registry.npmjs.org/ts-api-utils 770ms (cache miss)
647 silly packumentCache full:https://registry.npmjs.org/ts-api-utils set size:undefined disposed:false
648 silly fetch manifest @typescript-eslint/typescript-estree@8.59.0
649 silly packumentCache full:https://registry.npmjs.org/@typescript-eslint%2ftypescript-estree cache-miss
650 http fetch GET 200 https://registry.npmjs.org/@typescript-eslint%2fscope-manager 635ms (cache miss)
651 silly packumentCache full:https://registry.npmjs.org/@typescript-eslint%2fscope-manager set size:undefined disposed:false
652 silly fetch manifest debug@^3.2.7
653 silly packumentCache full:https://registry.npmjs.org/debug cache-hit
654 silly fetch manifest is-core-module@^2.16.1
655 silly packumentCache full:https://registry.npmjs.org/is-core-module cache-miss
656 http fetch GET 200 https://registry.npmjs.org/is-core-module 4734ms (cache miss)
657 silly packumentCache full:https://registry.npmjs.org/is-core-module set size:undefined disposed:false
658 silly fetch manifest resolve@^2.0.0-next.6
659 silly packumentCache full:https://registry.npmjs.org/resolve cache-miss
660 http fetch GET 200 https://registry.npmjs.org/resolve 2205ms (cache miss)
661 silly packumentCache full:https://registry.npmjs.org/resolve set size:undefined disposed:false
662 silly fetch manifest tinyglobby@^0.2.13
663 silly packumentCache full:https://registry.npmjs.org/tinyglobby cache-miss
664 http fetch GET 200 https://registry.npmjs.org/tinyglobby 450ms (cache miss)
665 silly packumentCache full:https://registry.npmjs.org/tinyglobby set size:undefined disposed:false
666 silly fetch manifest stable-hash@^0.0.5
667 silly packumentCache full:https://registry.npmjs.org/stable-hash cache-miss
668 http fetch GET 200 https://registry.npmjs.org/stable-hash 348ms (cache miss)
669 silly packumentCache full:https://registry.npmjs.org/stable-hash set size:undefined disposed:false
670 silly fetch manifest get-tsconfig@^4.10.0
671 silly packumentCache full:https://registry.npmjs.org/get-tsconfig cache-miss
672 http fetch GET 200 https://registry.npmjs.org/get-tsconfig 966ms (cache miss)
673 silly packumentCache full:https://registry.npmjs.org/get-tsconfig set size:undefined disposed:false
674 silly fetch manifest is-bun-module@^2.0.0
675 silly packumentCache full:https://registry.npmjs.org/is-bun-module cache-miss
676 http fetch GET 200 https://registry.npmjs.org/is-bun-module 292ms (cache miss)
677 silly packumentCache full:https://registry.npmjs.org/is-bun-module set size:undefined disposed:false
678 silly fetch manifest unrs-resolver@^1.6.2
679 silly packumentCache full:https://registry.npmjs.org/unrs-resolver cache-miss
680 http fetch GET 200 https://registry.npmjs.org/unrs-resolver 739ms (cache miss)
681 silly packumentCache full:https://registry.npmjs.org/unrs-resolver set size:undefined disposed:false
682 silly fetch manifest @nolyfill/is-core-module@1.0.39
683 silly packumentCache full:https://registry.npmjs.org/@nolyfill%2fis-core-module cache-miss
684 http fetch GET 200 https://registry.npmjs.org/@nolyfill%2fis-core-module 297ms (cache miss)
685 silly packumentCache full:https://registry.npmjs.org/@nolyfill%2fis-core-module set size:undefined disposed:false
686 silly fetch manifest @rtsao/scc@^1.1.0
687 silly packumentCache full:https://registry.npmjs.org/@rtsao%2fscc cache-miss
688 http cache https://registry.npmjs.org/@rtsao%2fscc 1ms (cache hit)
689 silly packumentCache full:https://registry.npmjs.org/@rtsao%2fscc set size:6332 disposed:false
690 silly fetch manifest array-includes@^3.1.9
691 silly packumentCache full:https://registry.npmjs.org/array-includes cache-miss
692 http cache https://registry.npmjs.org/array-includes 2ms (cache hit)
693 silly packumentCache full:https://registry.npmjs.org/array-includes set size:77143 disposed:false
694 silly fetch manifest array.prototype.findlastindex@^1.2.6
695 silly packumentCache full:https://registry.npmjs.org/array.prototype.findlastindex cache-miss
696 http cache https://registry.npmjs.org/array.prototype.findlastindex 2ms (cache hit)
697 silly packumentCache full:https://registry.npmjs.org/array.prototype.findlastindex set size:44828 disposed:false
698 silly fetch manifest array.prototype.flat@^1.3.3
699 silly packumentCache full:https://registry.npmjs.org/array.prototype.flat cache-miss
700 http fetch GET 200 https://registry.npmjs.org/array.prototype.flat 636ms (cache miss)
701 silly packumentCache full:https://registry.npmjs.org/array.prototype.flat set size:undefined disposed:false
702 silly fetch manifest array.prototype.flatmap@^1.3.3
703 silly packumentCache full:https://registry.npmjs.org/array.prototype.flatmap cache-miss
704 http fetch GET 200 https://registry.npmjs.org/array.prototype.flatmap 452ms (cache miss)
705 silly packumentCache full:https://registry.npmjs.org/array.prototype.flatmap set size:undefined disposed:false
706 silly fetch manifest doctrine@^2.1.0
707 silly packumentCache full:https://registry.npmjs.org/doctrine cache-miss
708 http cache https://registry.npmjs.org/doctrine 2ms (cache hit)
709 silly packumentCache full:https://registry.npmjs.org/doctrine set size:64052 disposed:false
710 silly fetch manifest eslint-module-utils@^2.12.1
711 silly packumentCache full:https://registry.npmjs.org/eslint-module-utils cache-miss
712 http fetch GET 200 https://registry.npmjs.org/@typescript-eslint%2ftype-utils 12374ms (cache miss)
713 silly packumentCache full:https://registry.npmjs.org/@typescript-eslint%2ftype-utils set size:undefined disposed:false
714 silly fetch manifest hasown@^2.0.2
715 silly packumentCache full:https://registry.npmjs.org/hasown cache-miss
716 http cache https://registry.npmjs.org/hasown 5ms (cache hit)
717 silly packumentCache full:https://registry.npmjs.org/hasown set size:15429 disposed:false
718 silly fetch manifest object.fromentries@^2.0.8
719 silly packumentCache full:https://registry.npmjs.org/object.fromentries cache-miss
720 http fetch GET 200 https://registry.npmjs.org/object.fromentries 295ms (cache miss)
721 silly packumentCache full:https://registry.npmjs.org/object.fromentries set size:undefined disposed:false
722 silly fetch manifest object.groupby@^1.0.3
723 silly packumentCache full:https://registry.npmjs.org/object.groupby cache-miss
724 http cache https://registry.npmjs.org/object.groupby 1ms (cache hit)
725 silly packumentCache full:https://registry.npmjs.org/object.groupby set size:15504 disposed:false
726 silly fetch manifest object.values@^1.2.1
727 silly packumentCache full:https://registry.npmjs.org/object.values cache-miss
728 http cache https://registry.npmjs.org/object.values 1ms (cache hit)
729 silly packumentCache full:https://registry.npmjs.org/object.values set size:49009 disposed:false
730 silly fetch manifest semver@^6.3.1
731 silly packumentCache full:https://registry.npmjs.org/semver cache-miss
732 http fetch GET 200 https://registry.npmjs.org/eslint-module-utils 589ms (cache miss)
733 silly packumentCache full:https://registry.npmjs.org/eslint-module-utils set size:undefined disposed:false
734 silly fetch manifest string.prototype.trimend@^1.0.9
735 silly packumentCache full:https://registry.npmjs.org/string.prototype.trimend cache-miss
736 http cache https://registry.npmjs.org/string.prototype.trimend 1ms (cache hit)
737 silly packumentCache full:https://registry.npmjs.org/string.prototype.trimend set size:41090 disposed:false
738 silly fetch manifest tsconfig-paths@^3.15.0
739 silly packumentCache full:https://registry.npmjs.org/tsconfig-paths cache-miss
740 http fetch GET 200 https://registry.npmjs.org/@typescript-eslint%2fscope-manager 13089ms (cache miss)
741 silly packumentCache full:https://registry.npmjs.org/@typescript-eslint%2fscope-manager set size:undefined disposed:false
742 silly fetch manifest aria-query@^5.3.2
743 silly packumentCache full:https://registry.npmjs.org/aria-query cache-miss
744 http cache https://registry.npmjs.org/aria-query 2ms (cache hit)
745 silly packumentCache full:https://registry.npmjs.org/aria-query set size:98864 disposed:false
746 silly fetch manifest array-includes@^3.1.8
747 silly packumentCache full:https://registry.npmjs.org/array-includes cache-hit
748 silly fetch manifest array.prototype.flatmap@^1.3.2
749 silly packumentCache full:https://registry.npmjs.org/array.prototype.flatmap cache-miss
750 http cache https://registry.npmjs.org/array.prototype.flatmap 1ms (cache hit)
751 silly packumentCache full:https://registry.npmjs.org/array.prototype.flatmap set size:51458 disposed:false
752 silly fetch manifest ast-types-flow@^0.0.8
753 silly packumentCache full:https://registry.npmjs.org/ast-types-flow cache-miss
754 http cache https://registry.npmjs.org/ast-types-flow 1ms (cache hit)
755 silly packumentCache full:https://registry.npmjs.org/ast-types-flow set size:15144 disposed:false
756 silly fetch manifest axe-core@^4.10.0
757 silly packumentCache full:https://registry.npmjs.org/axe-core cache-miss
758 http fetch GET 200 https://registry.npmjs.org/semver 550ms (cache miss)
759 silly packumentCache full:https://registry.npmjs.org/semver set size:undefined disposed:false
760 silly fetch manifest axobject-query@^4.1.0
761 silly packumentCache full:https://registry.npmjs.org/axobject-query cache-miss
762 http fetch GET 200 https://registry.npmjs.org/axobject-query 307ms (cache miss)
763 silly packumentCache full:https://registry.npmjs.org/axobject-query set size:undefined disposed:false
764 silly fetch manifest damerau-levenshtein@^1.0.8
765 silly packumentCache full:https://registry.npmjs.org/damerau-levenshtein cache-miss
766 http fetch GET 200 https://registry.npmjs.org/tsconfig-paths 802ms (cache miss)
767 silly packumentCache full:https://registry.npmjs.org/tsconfig-paths set size:undefined disposed:false
768 silly fetch manifest emoji-regex@^9.2.2
769 silly packumentCache full:https://registry.npmjs.org/emoji-regex cache-miss
770 http fetch GET 200 https://registry.npmjs.org/damerau-levenshtein 302ms (cache miss)
771 silly packumentCache full:https://registry.npmjs.org/damerau-levenshtein set size:undefined disposed:false
772 silly fetch manifest jsx-ast-utils@^3.3.5
773 silly packumentCache full:https://registry.npmjs.org/jsx-ast-utils cache-miss
774 http fetch GET 200 https://registry.npmjs.org/emoji-regex 559ms (cache miss)
775 silly packumentCache full:https://registry.npmjs.org/emoji-regex set size:undefined disposed:false
776 silly fetch manifest language-tags@^1.0.9
777 silly packumentCache full:https://registry.npmjs.org/language-tags cache-miss
778 http cache https://registry.npmjs.org/language-tags 2ms (cache hit)
779 silly packumentCache full:https://registry.npmjs.org/language-tags set size:38675 disposed:false
780 silly fetch manifest safe-regex-test@^1.0.3
781 silly packumentCache full:https://registry.npmjs.org/safe-regex-test cache-miss
782 http cache https://registry.npmjs.org/safe-regex-test 1ms (cache hit)
783 silly packumentCache full:https://registry.npmjs.org/safe-regex-test set size:17412 disposed:false
784 silly fetch manifest string.prototype.includes@^2.0.1
785 silly packumentCache full:https://registry.npmjs.org/string.prototype.includes cache-miss
786 http fetch GET 200 https://registry.npmjs.org/jsx-ast-utils 503ms (cache miss)
787 silly packumentCache full:https://registry.npmjs.org/jsx-ast-utils set size:undefined disposed:false
788 silly fetch manifest array.prototype.findlast@^1.2.5
789 silly packumentCache full:https://registry.npmjs.org/array.prototype.findlast cache-miss
790 http cache https://registry.npmjs.org/array.prototype.findlast 1ms (cache hit)
791 silly packumentCache full:https://registry.npmjs.org/array.prototype.findlast set size:40323 disposed:false
792 silly fetch manifest array.prototype.tosorted@^1.1.4
793 silly packumentCache full:https://registry.npmjs.org/array.prototype.tosorted cache-miss
794 http fetch GET 200 https://registry.npmjs.org/string.prototype.includes 230ms (cache miss)
795 silly packumentCache full:https://registry.npmjs.org/string.prototype.includes set size:undefined disposed:false
796 silly fetch manifest es-iterator-helpers@^1.2.1
797 silly packumentCache full:https://registry.npmjs.org/es-iterator-helpers cache-miss
798 http fetch GET 200 https://registry.npmjs.org/array.prototype.tosorted 261ms (cache miss)
799 silly packumentCache full:https://registry.npmjs.org/array.prototype.tosorted set size:undefined disposed:false
800 silly fetch manifest estraverse@^5.3.0
801 silly packumentCache full:https://registry.npmjs.org/estraverse cache-hit
802 silly fetch manifest jsx-ast-utils@^2.4.1 || ^3.0.0
803 silly packumentCache full:https://registry.npmjs.org/jsx-ast-utils cache-miss
804 http cache https://registry.npmjs.org/jsx-ast-utils 2ms (cache hit)
805 silly packumentCache full:https://registry.npmjs.org/jsx-ast-utils set size:115998 disposed:false
806 silly fetch manifest object.entries@^1.1.9
807 silly packumentCache full:https://registry.npmjs.org/object.entries cache-miss
808 http fetch GET 200 https://registry.npmjs.org/es-iterator-helpers 534ms (cache miss)
809 silly packumentCache full:https://registry.npmjs.org/es-iterator-helpers set size:undefined disposed:false
810 silly fetch manifest prop-types@^15.8.1
811 silly packumentCache full:https://registry.npmjs.org/prop-types cache-miss
812 http cache https://registry.npmjs.org/prop-types 2ms (cache hit)
813 silly packumentCache full:https://registry.npmjs.org/prop-types set size:76747 disposed:false
814 silly fetch manifest resolve@^2.0.0-next.5
815 silly packumentCache full:https://registry.npmjs.org/resolve cache-miss
816 http cache https://registry.npmjs.org/resolve 4ms (cache hit)
817 silly packumentCache full:https://registry.npmjs.org/resolve set size:252941 disposed:false
818 silly fetch manifest string.prototype.matchall@^4.0.12
819 silly packumentCache full:https://registry.npmjs.org/string.prototype.matchall cache-miss
820 http fetch GET 200 https://registry.npmjs.org/object.entries 377ms (cache miss)
821 silly packumentCache full:https://registry.npmjs.org/object.entries set size:undefined disposed:false
822 silly fetch manifest string.prototype.repeat@^1.0.0
823 silly packumentCache full:https://registry.npmjs.org/string.prototype.repeat cache-miss
824 http fetch GET 200 https://registry.npmjs.org/string.prototype.matchall 461ms (cache miss)
825 silly packumentCache full:https://registry.npmjs.org/string.prototype.matchall set size:undefined disposed:false
826 http fetch GET 200 https://registry.npmjs.org/string.prototype.repeat 421ms (cache miss)
827 silly packumentCache full:https://registry.npmjs.org/string.prototype.repeat set size:undefined disposed:false
828 http fetch GET 200 https://registry.npmjs.org/@typescript-eslint%2ftypes 17556ms (cache miss)
829 silly packumentCache full:https://registry.npmjs.org/@typescript-eslint%2ftypes set size:undefined disposed:false
830 http fetch GET 200 https://registry.npmjs.org/@typescript-eslint%2fvisitor-keys 18065ms (cache miss)
831 silly packumentCache full:https://registry.npmjs.org/@typescript-eslint%2fvisitor-keys set size:undefined disposed:false
832 http fetch GET 200 https://registry.npmjs.org/@typescript-eslint%2ftypescript-estree 17623ms (cache miss)
833 silly packumentCache full:https://registry.npmjs.org/@typescript-eslint%2ftypescript-estree set size:undefined disposed:false
834 http fetch GET 200 https://registry.npmjs.org/axe-core 5607ms (cache miss)
835 silly packumentCache full:https://registry.npmjs.org/axe-core set size:undefined disposed:false
836 http fetch GET 200 https://registry.npmjs.org/@typescript-eslint%2fvisitor-keys 18935ms (cache miss)
837 silly packumentCache full:https://registry.npmjs.org/@typescript-eslint%2fvisitor-keys set size:undefined disposed:false
838 silly placeDep ROOT fast-glob@3.3.1 OK for: @next/eslint-plugin-next@15.0.3 want: 3.3.1
839 silly fetch manifest merge2@^1.3.0
840 silly packumentCache full:https://registry.npmjs.org/merge2 cache-miss
841 silly fetch manifest micromatch@^4.0.4
842 silly packumentCache full:https://registry.npmjs.org/micromatch cache-miss
843 silly fetch manifest glob-parent@^5.1.2
844 silly packumentCache full:https://registry.npmjs.org/glob-parent cache-hit
845 silly fetch manifest @nodelib/fs.stat@^2.0.2
846 silly packumentCache full:https://registry.npmjs.org/@nodelib%2ffs.stat cache-miss
847 silly fetch manifest @nodelib/fs.walk@^1.2.3
848 silly packumentCache full:https://registry.npmjs.org/@nodelib%2ffs.walk cache-miss
849 http fetch GET 200 https://registry.npmjs.org/@nodelib%2ffs.walk 282ms (cache miss)
850 silly packumentCache full:https://registry.npmjs.org/@nodelib%2ffs.walk set size:undefined disposed:false
851 http fetch GET 200 https://registry.npmjs.org/merge2 288ms (cache miss)
852 silly packumentCache full:https://registry.npmjs.org/merge2 set size:undefined disposed:false
853 http fetch GET 200 https://registry.npmjs.org/@nodelib%2ffs.stat 319ms (cache miss)
854 silly packumentCache full:https://registry.npmjs.org/@nodelib%2ffs.stat set size:undefined disposed:false
855 http fetch GET 200 https://registry.npmjs.org/micromatch 673ms (cache miss)
856 silly packumentCache full:https://registry.npmjs.org/micromatch set size:undefined disposed:false
857 silly fetch manifest typescript@>=4.8.4 <6.1.0
858 silly packumentCache full:https://registry.npmjs.org/typescript cache-miss
859 http cache https://registry.npmjs.org/typescript 36ms (cache hit)
860 silly packumentCache full:https://registry.npmjs.org/typescript set size:15409943 disposed:false
861 silly fetch manifest eslint@^8.57.0 || ^9.0.0 || ^10.0.0
862 silly packumentCache full:https://registry.npmjs.org/eslint cache-miss
863 http cache https://registry.npmjs.org/eslint 34ms (cache hit)
864 silly packumentCache full:https://registry.npmjs.org/eslint set size:1983515 disposed:false
865 silly placeDep ROOT @typescript-eslint/scope-manager@8.59.0 OK for: @typescript-eslint/eslint-plugin@8.59.0 want: 8.59.0
866 silly placeDep ROOT @typescript-eslint/type-utils@8.59.0 OK for: @typescript-eslint/eslint-plugin@8.59.0 want: 8.59.0
867 silly placeDep ROOT @typescript-eslint/utils@8.59.0 OK for: @typescript-eslint/eslint-plugin@8.59.0 want: 8.59.0
868 silly placeDep ROOT @typescript-eslint/visitor-keys@8.59.0 OK for: @typescript-eslint/eslint-plugin@8.59.0 want: 8.59.0
869 silly placeDep node_modules/@typescript-eslint/eslint-plugin ignore@7.0.5 OK for: @typescript-eslint/eslint-plugin@8.59.0 want: ^7.0.5
870 silly placeDep ROOT ts-api-utils@2.5.0 OK for: @typescript-eslint/eslint-plugin@8.59.0 want: ^2.5.0
871 silly fetch manifest eslint-visitor-keys@^5.0.0
872 silly packumentCache full:https://registry.npmjs.org/eslint-visitor-keys cache-hit
873 silly placeDep ROOT @typescript-eslint/types@8.59.0 OK for: @typescript-eslint/parser@8.59.0 want: 8.59.0
874 silly placeDep ROOT @typescript-eslint/typescript-estree@8.59.0 OK for: @typescript-eslint/parser@8.59.0 want: 8.59.0
875 silly fetch manifest semver@^7.7.3
876 silly packumentCache full:https://registry.npmjs.org/semver cache-miss
877 silly fetch manifest minimatch@^10.2.2
878 silly packumentCache full:https://registry.npmjs.org/minimatch cache-hit
879 silly fetch manifest tinyglobby@^0.2.15
880 silly packumentCache full:https://registry.npmjs.org/tinyglobby cache-miss
881 silly fetch manifest @typescript-eslint/tsconfig-utils@8.59.0
882 silly packumentCache full:https://registry.npmjs.org/@typescript-eslint%2ftsconfig-utils cache-miss
883 silly fetch manifest @typescript-eslint/project-service@8.59.0
884 silly packumentCache full:https://registry.npmjs.org/@typescript-eslint%2fproject-service cache-miss
885 http cache https://registry.npmjs.org/tinyglobby 41ms (cache hit)
886 silly packumentCache full:https://registry.npmjs.org/tinyglobby set size:52660 disposed:false
887 http cache https://registry.npmjs.org/semver 46ms (cache hit)
888 silly packumentCache full:https://registry.npmjs.org/semver set size:229620 disposed:false
889 http fetch GET 200 https://registry.npmjs.org/@typescript-eslint%2fproject-service 580ms (cache miss)
890 silly packumentCache full:https://registry.npmjs.org/@typescript-eslint%2fproject-service set size:undefined disposed:false
891 http fetch GET 200 https://registry.npmjs.org/@typescript-eslint%2ftsconfig-utils 725ms (cache miss)
892 silly packumentCache full:https://registry.npmjs.org/@typescript-eslint%2ftsconfig-utils set size:undefined disposed:false
893 silly placeDep ROOT @typescript-eslint/project-service@8.59.0 OK for: @typescript-eslint/typescript-estree@8.59.0 want: 8.59.0
894 silly placeDep ROOT @typescript-eslint/tsconfig-utils@8.59.0 OK for: @typescript-eslint/typescript-estree@8.59.0 want: 8.59.0
895 silly placeDep node_modules/@typescript-eslint/typescript-estree minimatch@10.2.5 OK for: @typescript-eslint/typescript-estree@8.59.0 want: ^10.2.2
896 silly placeDep ROOT semver@7.7.4 OK for: @typescript-eslint/typescript-estree@8.59.0 want: ^7.7.3
897 silly placeDep ROOT tinyglobby@0.2.16 OK for: @typescript-eslint/typescript-estree@8.59.0 want: ^0.2.15
898 silly fetch manifest @typescript-eslint/tsconfig-utils@^8.59.0
899 silly packumentCache full:https://registry.npmjs.org/@typescript-eslint%2ftsconfig-utils cache-miss
900 silly fetch manifest brace-expansion@^5.0.5
901 silly packumentCache full:https://registry.npmjs.org/brace-expansion cache-hit
902 silly fetch manifest fdir@^6.5.0
903 silly packumentCache full:https://registry.npmjs.org/fdir cache-miss
904 silly fetch manifest picomatch@^4.0.4
905 silly packumentCache full:https://registry.npmjs.org/picomatch cache-miss
906 http cache https://registry.npmjs.org/@typescript-eslint%2ftsconfig-utils 17ms (cache hit)
907 silly packumentCache full:https://registry.npmjs.org/@typescript-eslint%2ftsconfig-utils set size:1112374 disposed:false
908 http fetch GET 200 https://registry.npmjs.org/picomatch 374ms (cache miss)
909 silly packumentCache full:https://registry.npmjs.org/picomatch set size:undefined disposed:false
910 http fetch GET 200 https://registry.npmjs.org/fdir 428ms (cache miss)
911 silly packumentCache full:https://registry.npmjs.org/fdir set size:undefined disposed:false
912 silly placeDep node_modules/@typescript-eslint/visitor-keys eslint-visitor-keys@5.0.1 OK for: @typescript-eslint/visitor-keys@8.59.0 want: ^5.0.0
913 silly placeDep node_modules/eslint-import-resolver-node debug@3.2.7 OK for: eslint-import-resolver-node@0.3.10 want: ^3.2.7
914 silly placeDep ROOT is-core-module@2.16.1 OK for: eslint-import-resolver-node@0.3.10 want: ^2.16.1
915 silly placeDep ROOT resolve@2.0.0-next.6 OK for: eslint-import-resolver-node@0.3.10 want: ^2.0.0-next.6
916 silly fetch manifest es-errors@^1.3.0
917 silly packumentCache full:https://registry.npmjs.org/es-errors cache-miss
918 silly fetch manifest path-parse@^1.0.7
919 silly packumentCache full:https://registry.npmjs.org/path-parse cache-miss
920 silly fetch manifest object-keys@^1.1.1
921 silly packumentCache full:https://registry.npmjs.org/object-keys cache-miss
922 silly fetch manifest node-exports-info@^1.6.0
923 silly packumentCache full:https://registry.npmjs.org/node-exports-info cache-miss
924 silly fetch manifest supports-preserve-symlinks-flag@^1.0.0
925 silly packumentCache full:https://registry.npmjs.org/supports-preserve-symlinks-flag cache-miss
926 http fetch GET 200 https://registry.npmjs.org/supports-preserve-symlinks-flag 231ms (cache miss)
927 silly packumentCache full:https://registry.npmjs.org/supports-preserve-symlinks-flag set size:undefined disposed:false
928 http fetch GET 200 https://registry.npmjs.org/path-parse 234ms (cache miss)
929 silly packumentCache full:https://registry.npmjs.org/path-parse set size:undefined disposed:false
930 http fetch GET 200 https://registry.npmjs.org/es-errors 234ms (cache miss)
931 silly packumentCache full:https://registry.npmjs.org/es-errors set size:undefined disposed:false
932 http fetch GET 200 https://registry.npmjs.org/node-exports-info 271ms (cache miss)
933 silly packumentCache full:https://registry.npmjs.org/node-exports-info set size:undefined disposed:false
934 http fetch GET 200 https://registry.npmjs.org/object-keys 317ms (cache miss)
935 silly packumentCache full:https://registry.npmjs.org/object-keys set size:undefined disposed:false
936 silly placeDep ROOT @nolyfill/is-core-module@1.0.39 OK for: eslint-import-resolver-typescript@3.10.1 want: 1.0.39
937 silly placeDep ROOT get-tsconfig@4.14.0 OK for: eslint-import-resolver-typescript@3.10.1 want: ^4.10.0
938 silly placeDep ROOT is-bun-module@2.0.0 OK for: eslint-import-resolver-typescript@3.10.1 want: ^2.0.0
939 silly placeDep ROOT stable-hash@0.0.5 OK for: eslint-import-resolver-typescript@3.10.1 want: ^0.0.5
940 silly placeDep ROOT unrs-resolver@1.11.1 OK for: eslint-import-resolver-typescript@3.10.1 want: ^1.6.2
941 silly fetch manifest resolve-pkg-maps@^1.0.0
942 silly packumentCache full:https://registry.npmjs.org/resolve-pkg-maps cache-miss
943 silly fetch manifest napi-postinstall@^0.3.0
944 silly packumentCache full:https://registry.npmjs.org/napi-postinstall cache-miss
945 silly fetch manifest @unrs/resolver-binding-win32-x64-msvc@1.11.1
946 silly packumentCache full:https://registry.npmjs.org/@unrs%2fresolver-binding-win32-x64-msvc cache-miss
947 silly fetch manifest @unrs/resolver-binding-win32-arm64-msvc@1.11.1
948 silly packumentCache full:https://registry.npmjs.org/@unrs%2fresolver-binding-win32-arm64-msvc cache-miss
949 silly fetch manifest @unrs/resolver-binding-win32-ia32-msvc@1.11.1
950 silly packumentCache full:https://registry.npmjs.org/@unrs%2fresolver-binding-win32-ia32-msvc cache-miss
951 silly fetch manifest @unrs/resolver-binding-linux-x64-gnu@1.11.1
952 silly packumentCache full:https://registry.npmjs.org/@unrs%2fresolver-binding-linux-x64-gnu cache-miss
953 silly fetch manifest @unrs/resolver-binding-linux-x64-musl@1.11.1
954 silly packumentCache full:https://registry.npmjs.org/@unrs%2fresolver-binding-linux-x64-musl cache-miss
955 http fetch GET 200 https://registry.npmjs.org/resolve-pkg-maps 191ms (cache miss)
956 silly packumentCache full:https://registry.npmjs.org/resolve-pkg-maps set size:undefined disposed:false
957 silly fetch manifest @unrs/resolver-binding-freebsd-x64@1.11.1
958 silly packumentCache full:https://registry.npmjs.org/@unrs%2fresolver-binding-freebsd-x64 cache-miss
959 http fetch GET 200 https://registry.npmjs.org/napi-postinstall 234ms (cache miss)
960 silly packumentCache full:https://registry.npmjs.org/napi-postinstall set size:undefined disposed:false
961 silly fetch manifest @unrs/resolver-binding-android-arm64@1.11.1
962 silly packumentCache full:https://registry.npmjs.org/@unrs%2fresolver-binding-android-arm64 cache-miss
963 http fetch GET 200 https://registry.npmjs.org/@unrs%2fresolver-binding-win32-x64-msvc 236ms (cache miss)
964 silly packumentCache full:https://registry.npmjs.org/@unrs%2fresolver-binding-win32-x64-msvc set size:undefined disposed:false
965 silly fetch manifest @unrs/resolver-binding-linux-arm64-gnu@1.11.1
966 silly packumentCache full:https://registry.npmjs.org/@unrs%2fresolver-binding-linux-arm64-gnu cache-miss
967 http fetch GET 200 https://registry.npmjs.org/@unrs%2fresolver-binding-linux-x64-musl 365ms (cache miss)
968 silly packumentCache full:https://registry.npmjs.org/@unrs%2fresolver-binding-linux-x64-musl set size:undefined disposed:false
969 silly fetch manifest @unrs/resolver-binding-linux-arm64-musl@1.11.1
970 silly packumentCache full:https://registry.npmjs.org/@unrs%2fresolver-binding-linux-arm64-musl cache-miss
971 http fetch GET 200 https://registry.npmjs.org/@unrs%2fresolver-binding-freebsd-x64 263ms (cache miss)
972 silly packumentCache full:https://registry.npmjs.org/@unrs%2fresolver-binding-freebsd-x64 set size:undefined disposed:false
973 silly fetch manifest @unrs/resolver-binding-android-arm-eabi@1.11.1
974 silly packumentCache full:https://registry.npmjs.org/@unrs%2fresolver-binding-android-arm-eabi cache-miss
975 http fetch GET 200 https://registry.npmjs.org/@unrs%2fresolver-binding-android-arm64 236ms (cache miss)
976 silly packumentCache full:https://registry.npmjs.org/@unrs%2fresolver-binding-android-arm64 set size:undefined disposed:false
977 silly fetch manifest @unrs/resolver-binding-linux-arm-gnueabihf@1.11.1
978 silly packumentCache full:https://registry.npmjs.org/@unrs%2fresolver-binding-linux-arm-gnueabihf cache-miss
979 http fetch GET 200 https://registry.npmjs.org/@unrs%2fresolver-binding-linux-x64-gnu 607ms (cache miss)
980 silly packumentCache full:https://registry.npmjs.org/@unrs%2fresolver-binding-linux-x64-gnu set size:undefined disposed:false
981 silly fetch manifest @unrs/resolver-binding-linux-arm-musleabihf@1.11.1
982 silly packumentCache full:https://registry.npmjs.org/@unrs%2fresolver-binding-linux-arm-musleabihf cache-miss
983 http fetch GET 200 https://registry.npmjs.org/@unrs%2fresolver-binding-linux-arm64-gnu 376ms (cache miss)
984 silly packumentCache full:https://registry.npmjs.org/@unrs%2fresolver-binding-linux-arm64-gnu set size:undefined disposed:false
985 silly fetch manifest @unrs/resolver-binding-linux-ppc64-gnu@1.11.1
986 silly packumentCache full:https://registry.npmjs.org/@unrs%2fresolver-binding-linux-ppc64-gnu cache-miss
987 http fetch GET 200 https://registry.npmjs.org/@unrs%2fresolver-binding-win32-arm64-msvc 623ms (cache miss)
988 silly packumentCache full:https://registry.npmjs.org/@unrs%2fresolver-binding-win32-arm64-msvc set size:undefined disposed:false
989 silly fetch manifest @unrs/resolver-binding-linux-riscv64-gnu@1.11.1
990 silly packumentCache full:https://registry.npmjs.org/@unrs%2fresolver-binding-linux-riscv64-gnu cache-miss
991 http fetch GET 200 https://registry.npmjs.org/@unrs%2fresolver-binding-win32-ia32-msvc 660ms (cache miss)
992 silly packumentCache full:https://registry.npmjs.org/@unrs%2fresolver-binding-win32-ia32-msvc set size:undefined disposed:false
993 silly fetch manifest @unrs/resolver-binding-linux-riscv64-musl@1.11.1
994 silly packumentCache full:https://registry.npmjs.org/@unrs%2fresolver-binding-linux-riscv64-musl cache-miss
995 http fetch GET 200 https://registry.npmjs.org/@unrs%2fresolver-binding-android-arm-eabi 210ms (cache miss)
996 silly packumentCache full:https://registry.npmjs.org/@unrs%2fresolver-binding-android-arm-eabi set size:undefined disposed:false
997 silly fetch manifest @unrs/resolver-binding-linux-s390x-gnu@1.11.1
998 silly packumentCache full:https://registry.npmjs.org/@unrs%2fresolver-binding-linux-s390x-gnu cache-miss
999 http fetch GET 200 https://registry.npmjs.org/@unrs%2fresolver-binding-linux-arm64-musl 312ms (cache miss)
1000 silly packumentCache full:https://registry.npmjs.org/@unrs%2fresolver-binding-linux-arm64-musl set size:undefined disposed:false
1001 silly fetch manifest @unrs/resolver-binding-darwin-x64@1.11.1
1002 silly packumentCache full:https://registry.npmjs.org/@unrs%2fresolver-binding-darwin-x64 cache-miss
1003 http fetch GET 200 https://registry.npmjs.org/@unrs%2fresolver-binding-linux-arm-gnueabihf 283ms (cache miss)
1004 silly packumentCache full:https://registry.npmjs.org/@unrs%2fresolver-binding-linux-arm-gnueabihf set size:undefined disposed:false
1005 silly fetch manifest @unrs/resolver-binding-darwin-arm64@1.11.1
1006 silly packumentCache full:https://registry.npmjs.org/@unrs%2fresolver-binding-darwin-arm64 cache-miss
1007 http fetch GET 200 https://registry.npmjs.org/@unrs%2fresolver-binding-linux-ppc64-gnu 327ms (cache miss)
1008 silly packumentCache full:https://registry.npmjs.org/@unrs%2fresolver-binding-linux-ppc64-gnu set size:undefined disposed:false
1009 silly fetch manifest @unrs/resolver-binding-wasm32-wasi@1.11.1
1010 silly packumentCache full:https://registry.npmjs.org/@unrs%2fresolver-binding-wasm32-wasi cache-miss
1011 http fetch GET 200 https://registry.npmjs.org/@unrs%2fresolver-binding-linux-s390x-gnu 278ms (cache miss)
1012 silly packumentCache full:https://registry.npmjs.org/@unrs%2fresolver-binding-linux-s390x-gnu set size:undefined disposed:false
1013 http fetch GET 200 https://registry.npmjs.org/@unrs%2fresolver-binding-darwin-x64 330ms (cache miss)
1014 silly packumentCache full:https://registry.npmjs.org/@unrs%2fresolver-binding-darwin-x64 set size:undefined disposed:false
1015 http fetch GET 200 https://registry.npmjs.org/@unrs%2fresolver-binding-linux-arm-musleabihf 465ms (cache miss)
1016 silly packumentCache full:https://registry.npmjs.org/@unrs%2fresolver-binding-linux-arm-musleabihf set size:undefined disposed:false
1017 http fetch GET 200 https://registry.npmjs.org/@unrs%2fresolver-binding-darwin-arm64 319ms (cache miss)
1018 silly packumentCache full:https://registry.npmjs.org/@unrs%2fresolver-binding-darwin-arm64 set size:undefined disposed:false
1019 http fetch GET 200 https://registry.npmjs.org/@unrs%2fresolver-binding-linux-riscv64-gnu 466ms (cache miss)
1020 silly packumentCache full:https://registry.npmjs.org/@unrs%2fresolver-binding-linux-riscv64-gnu set size:undefined disposed:false
1021 http fetch GET 200 https://registry.npmjs.org/@unrs%2fresolver-binding-linux-riscv64-musl 460ms (cache miss)
1022 silly packumentCache full:https://registry.npmjs.org/@unrs%2fresolver-binding-linux-riscv64-musl set size:undefined disposed:false
1023 http fetch GET 200 https://registry.npmjs.org/@unrs%2fresolver-binding-wasm32-wasi 217ms (cache miss)
1024 silly packumentCache full:https://registry.npmjs.org/@unrs%2fresolver-binding-wasm32-wasi set size:undefined disposed:false
1025 silly placeDep ROOT @rtsao/scc@1.1.0 OK for: eslint-plugin-import@2.32.0 want: ^1.1.0
1026 silly placeDep ROOT array-includes@3.1.9 OK for: eslint-plugin-import@2.32.0 want: ^3.1.9
1027 silly placeDep ROOT array.prototype.findlastindex@1.2.6 OK for: eslint-plugin-import@2.32.0 want: ^1.2.6
1028 silly placeDep ROOT array.prototype.flat@1.3.3 OK for: eslint-plugin-import@2.32.0 want: ^1.3.3
1029 silly placeDep ROOT array.prototype.flatmap@1.3.3 OK for: eslint-plugin-import@2.32.0 want: ^1.3.3
1030 silly placeDep node_modules/eslint-plugin-import debug@3.2.7 OK for: eslint-plugin-import@2.32.0 want: ^3.2.7
1031 silly placeDep ROOT doctrine@2.1.0 OK for: eslint-plugin-import@2.32.0 want: ^2.1.0
1032 silly placeDep ROOT eslint-module-utils@2.12.1 OK for: eslint-plugin-import@2.32.0 want: ^2.12.1
1033 silly placeDep ROOT hasown@2.0.3 OK for: eslint-plugin-import@2.32.0 want: ^2.0.2
1034 silly placeDep ROOT object.fromentries@2.0.8 OK for: eslint-plugin-import@2.32.0 want: ^2.0.8
1035 silly placeDep ROOT object.groupby@1.0.3 OK for: eslint-plugin-import@2.32.0 want: ^1.0.3
1036 silly placeDep ROOT object.values@1.2.1 OK for: eslint-plugin-import@2.32.0 want: ^1.2.1
1037 silly placeDep node_modules/eslint-plugin-import semver@6.3.1 OK for: eslint-plugin-import@2.32.0 want: ^6.3.1
1038 silly placeDep ROOT string.prototype.trimend@1.0.9 OK for: eslint-plugin-import@2.32.0 want: ^1.0.9
1039 silly placeDep ROOT tsconfig-paths@3.15.0 OK for: eslint-plugin-import@2.32.0 want: ^3.15.0
1040 silly fetch manifest call-bind@^1.0.8
1041 silly packumentCache full:https://registry.npmjs.org/call-bind cache-miss
1042 silly fetch manifest call-bound@^1.0.4
1043 silly packumentCache full:https://registry.npmjs.org/call-bound cache-miss
1044 silly fetch manifest define-properties@^1.2.1
1045 silly packumentCache full:https://registry.npmjs.org/define-properties cache-miss
1046 silly fetch manifest es-abstract@^1.24.0
1047 silly packumentCache full:https://registry.npmjs.org/es-abstract cache-miss
1048 silly fetch manifest es-object-atoms@^1.1.1
1049 silly packumentCache full:https://registry.npmjs.org/es-object-atoms cache-miss
1050 silly fetch manifest get-intrinsic@^1.3.0
1051 silly packumentCache full:https://registry.npmjs.org/get-intrinsic cache-miss
1052 silly fetch manifest is-string@^1.1.1
1053 silly packumentCache full:https://registry.npmjs.org/is-string cache-miss
1054 http fetch GET 200 https://registry.npmjs.org/call-bind 210ms (cache miss)
1055 silly packumentCache full:https://registry.npmjs.org/call-bind set size:undefined disposed:false
1056 silly fetch manifest math-intrinsics@^1.1.0
1057 silly packumentCache full:https://registry.npmjs.org/math-intrinsics cache-miss
1058 http fetch GET 200 https://registry.npmjs.org/define-properties 282ms (cache miss)
1059 silly packumentCache full:https://registry.npmjs.org/define-properties set size:undefined disposed:false
1060 silly fetch manifest call-bound@^1.0.4
1061 silly packumentCache full:https://registry.npmjs.org/call-bound cache-miss
1062 http fetch GET 200 https://registry.npmjs.org/call-bound 291ms (cache miss)
1063 silly packumentCache full:https://registry.npmjs.org/call-bound set size:undefined disposed:false
1064 silly fetch manifest es-abstract@^1.23.9
1065 silly packumentCache full:https://registry.npmjs.org/es-abstract cache-miss
1066 http fetch GET 200 https://registry.npmjs.org/es-object-atoms 301ms (cache miss)
1067 silly packumentCache full:https://registry.npmjs.org/es-object-atoms set size:undefined disposed:false
1068 silly fetch manifest es-shim-unscopables@^1.1.0
1069 silly packumentCache full:https://registry.npmjs.org/es-shim-unscopables cache-miss
1070 http fetch GET 200 https://registry.npmjs.org/is-string 303ms (cache miss)
1071 silly packumentCache full:https://registry.npmjs.org/is-string set size:undefined disposed:false
1072 silly fetch manifest es-abstract@^1.23.5
1073 silly packumentCache full:https://registry.npmjs.org/es-abstract cache-miss
1074 http fetch GET 200 https://registry.npmjs.org/get-intrinsic 307ms (cache miss)
1075 silly packumentCache full:https://registry.npmjs.org/get-intrinsic set size:undefined disposed:false
1076 silly fetch manifest es-shim-unscopables@^1.0.2
1077 silly packumentCache full:https://registry.npmjs.org/es-shim-unscopables cache-miss
1078 http fetch GET 200 https://registry.npmjs.org/math-intrinsics 200ms (cache miss)
1079 silly packumentCache full:https://registry.npmjs.org/math-intrinsics set size:undefined disposed:false
1080 silly fetch manifest es-abstract@^1.23.5
1081 silly packumentCache full:https://registry.npmjs.org/es-abstract cache-miss
1082 http fetch GET 200 https://registry.npmjs.org/es-shim-unscopables 175ms (cache miss)
1083 silly packumentCache full:https://registry.npmjs.org/es-shim-unscopables set size:undefined disposed:false
1084 silly fetch manifest function-bind@^1.1.2
1085 silly packumentCache full:https://registry.npmjs.org/function-bind cache-miss
1086 http fetch GET 200 https://registry.npmjs.org/es-shim-unscopables 199ms (cache miss)
1087 silly packumentCache full:https://registry.npmjs.org/es-shim-unscopables set size:undefined disposed:false
1088 silly fetch manifest call-bind@^1.0.7
1089 silly packumentCache full:https://registry.npmjs.org/call-bind cache-miss
1090 http cache https://registry.npmjs.org/call-bind 2ms (cache hit)
1091 silly packumentCache full:https://registry.npmjs.org/call-bind set size:32985 disposed:false
1092 silly fetch manifest es-abstract@^1.23.2
1093 silly packumentCache full:https://registry.npmjs.org/es-abstract cache-miss
1094 http fetch GET 200 https://registry.npmjs.org/call-bound 231ms (cache miss)
1095 silly packumentCache full:https://registry.npmjs.org/call-bound set size:undefined disposed:false
1096 silly fetch manifest es-object-atoms@^1.0.0
1097 silly packumentCache full:https://registry.npmjs.org/es-object-atoms cache-miss
1098 http cache https://registry.npmjs.org/es-object-atoms 2ms (cache hit)
1099 silly packumentCache full:https://registry.npmjs.org/es-object-atoms set size:15304 disposed:false
1100 silly fetch manifest es-abstract@^1.23.2
1101 silly packumentCache full:https://registry.npmjs.org/es-abstract cache-miss
1102 http fetch GET 200 https://registry.npmjs.org/es-abstract 542ms (cache miss)
1103 silly packumentCache full:https://registry.npmjs.org/es-abstract set size:undefined disposed:false
1104 silly fetch manifest call-bound@^1.0.3
1105 silly packumentCache full:https://registry.npmjs.org/call-bound cache-miss
1106 http cache https://registry.npmjs.org/call-bound 3ms (cache hit)
1107 silly packumentCache full:https://registry.npmjs.org/call-bound set size:15317 disposed:false
1108 silly fetch manifest call-bound@^1.0.2
1109 silly packumentCache full:https://registry.npmjs.org/call-bound cache-hit
1110 silly fetch manifest json5@^1.0.2
1111 silly packumentCache full:https://registry.npmjs.org/json5 cache-miss
1112 http fetch GET 200 https://registry.npmjs.org/function-bind 174ms (cache miss)
1113 silly packumentCache full:https://registry.npmjs.org/function-bind set size:undefined disposed:false
1114 silly fetch manifest minimist@^1.2.6
1115 silly packumentCache full:https://registry.npmjs.org/minimist cache-miss
1116 http fetch GET 200 https://registry.npmjs.org/es-abstract 522ms (cache miss)
1117 silly packumentCache full:https://registry.npmjs.org/es-abstract set size:undefined disposed:false
1118 silly fetch manifest strip-bom@^3.0.0
1119 silly packumentCache full:https://registry.npmjs.org/strip-bom cache-miss
1120 http fetch GET 200 https://registry.npmjs.org/json5 314ms (cache miss)
1121 silly packumentCache full:https://registry.npmjs.org/json5 set size:undefined disposed:false
1122 silly fetch manifest @types/json5@^0.0.29
1123 silly packumentCache full:https://registry.npmjs.org/@types%2fjson5 cache-miss
1124 http fetch GET 200 https://registry.npmjs.org/es-abstract 576ms (cache miss)
1125 silly packumentCache full:https://registry.npmjs.org/es-abstract set size:undefined disposed:false
1126 http fetch GET 200 https://registry.npmjs.org/es-abstract 463ms (cache miss)
1127 silly packumentCache full:https://registry.npmjs.org/es-abstract set size:undefined disposed:false
1128 http fetch GET 200 https://registry.npmjs.org/minimist 227ms (cache miss)
1129 silly packumentCache full:https://registry.npmjs.org/minimist set size:undefined disposed:false
1130 http fetch GET 200 https://registry.npmjs.org/es-abstract 551ms (cache miss)
1131 silly packumentCache full:https://registry.npmjs.org/es-abstract set size:undefined disposed:false
1132 http fetch GET 200 https://registry.npmjs.org/@types%2fjson5 229ms (cache miss)
1133 silly packumentCache full:https://registry.npmjs.org/@types%2fjson5 set size:undefined disposed:false
1134 http fetch GET 200 https://registry.npmjs.org/strip-bom 438ms (cache miss)
1135 silly packumentCache full:https://registry.npmjs.org/strip-bom set size:undefined disposed:false
1136 http fetch GET 200 https://registry.npmjs.org/es-abstract 898ms (cache miss)
1137 silly packumentCache full:https://registry.npmjs.org/es-abstract set size:undefined disposed:false
1138 silly placeDep ROOT call-bind@1.0.9 OK for: array-includes@3.1.9 want: ^1.0.8
1139 silly placeDep ROOT call-bound@1.0.4 OK for: array-includes@3.1.9 want: ^1.0.4
1140 silly placeDep ROOT define-properties@1.2.1 OK for: array-includes@3.1.9 want: ^1.2.1
1141 silly placeDep ROOT es-abstract@1.24.2 OK for: array-includes@3.1.9 want: ^1.24.0
1142 silly placeDep ROOT es-object-atoms@1.1.1 OK for: array-includes@3.1.9 want: ^1.1.1
1143 silly placeDep ROOT get-intrinsic@1.3.0 OK for: array-includes@3.1.9 want: ^1.3.0
1144 silly placeDep ROOT is-string@1.1.1 OK for: array-includes@3.1.9 want: ^1.1.1
1145 silly placeDep ROOT math-intrinsics@1.1.0 OK for: array-includes@3.1.9 want: ^1.1.0
1146 silly fetch manifest call-bind-apply-helpers@^1.0.2
1147 silly packumentCache full:https://registry.npmjs.org/call-bind-apply-helpers cache-miss
1148 silly fetch manifest es-define-property@^1.0.1
1149 silly packumentCache full:https://registry.npmjs.org/es-define-property cache-miss
1150 silly fetch manifest set-function-length@^1.2.2
1151 silly packumentCache full:https://registry.npmjs.org/set-function-length cache-miss
1152 silly fetch manifest call-bind-apply-helpers@^1.0.2
1153 silly packumentCache full:https://registry.npmjs.org/call-bind-apply-helpers cache-miss
1154 silly fetch manifest define-data-property@^1.0.1
1155 silly packumentCache full:https://registry.npmjs.org/define-data-property cache-miss
1156 silly fetch manifest has-property-descriptors@^1.0.0
1157 silly packumentCache full:https://registry.npmjs.org/has-property-descriptors cache-miss
1158 silly fetch manifest array-buffer-byte-length@^1.0.2
1159 silly packumentCache full:https://registry.npmjs.org/array-buffer-byte-length cache-miss
1160 http cache https://registry.npmjs.org/es-define-property 11ms (cache hit)
1161 silly packumentCache full:https://registry.npmjs.org/es-define-property set size:8542 disposed:false
1162 silly fetch manifest arraybuffer.prototype.slice@^1.0.4
1163 silly packumentCache full:https://registry.npmjs.org/arraybuffer.prototype.slice cache-miss
1164 http cache https://registry.npmjs.org/set-function-length 13ms (cache hit)
1165 silly packumentCache full:https://registry.npmjs.org/set-function-length set size:24261 disposed:false
1166 silly fetch manifest available-typed-arrays@^1.0.7
1167 silly packumentCache full:https://registry.npmjs.org/available-typed-arrays cache-miss
1168 http cache https://registry.npmjs.org/call-bind-apply-helpers 14ms (cache hit)
1169 silly packumentCache full:https://registry.npmjs.org/call-bind-apply-helpers set size:12744 disposed:false
1170 silly fetch manifest data-view-buffer@^1.0.2
1171 silly packumentCache full:https://registry.npmjs.org/data-view-buffer cache-miss
1172 http cache https://registry.npmjs.org/call-bind-apply-helpers 16ms (cache hit)
1173 silly packumentCache full:https://registry.npmjs.org/call-bind-apply-helpers set size:12744 disposed:false
1174 silly packumentCache full:https://registry.npmjs.org/call-bind-apply-helpers dispose
1175 silly fetch manifest data-view-byte-length@^1.0.2
1176 silly packumentCache full:https://registry.npmjs.org/data-view-byte-length cache-miss
1177 http cache https://registry.npmjs.org/array-buffer-byte-length 16ms (cache hit)
1178 silly packumentCache full:https://registry.npmjs.org/array-buffer-byte-length set size:13099 disposed:false
1179 silly fetch manifest data-view-byte-offset@^1.0.1
1180 silly packumentCache full:https://registry.npmjs.org/data-view-byte-offset cache-miss
1181 http cache https://registry.npmjs.org/has-property-descriptors 16ms (cache hit)
1182 silly packumentCache full:https://registry.npmjs.org/has-property-descriptors set size:12452 disposed:false
1183 silly fetch manifest es-set-tostringtag@^2.1.0
1184 silly packumentCache full:https://registry.npmjs.org/es-set-tostringtag cache-miss
1185 http fetch GET 200 https://registry.npmjs.org/arraybuffer.prototype.slice 192ms (cache miss)
1186 silly packumentCache full:https://registry.npmjs.org/arraybuffer.prototype.slice set size:undefined disposed:false
1187 silly fetch manifest es-to-primitive@^1.3.0
1188 silly packumentCache full:https://registry.npmjs.org/es-to-primitive cache-miss
1189 http fetch GET 200 https://registry.npmjs.org/available-typed-arrays 190ms (cache miss)
1190 silly packumentCache full:https://registry.npmjs.org/available-typed-arrays set size:undefined disposed:false
1191 silly fetch manifest function.prototype.name@^1.1.8
1192 silly packumentCache full:https://registry.npmjs.org/function.prototype.name cache-miss
1193 http fetch GET 200 https://registry.npmjs.org/define-data-property 211ms (cache miss)
1194 silly packumentCache full:https://registry.npmjs.org/define-data-property set size:undefined disposed:false
1195 silly fetch manifest get-proto@^1.0.1
1196 silly packumentCache full:https://registry.npmjs.org/get-proto cache-miss
1197 http fetch GET 200 https://registry.npmjs.org/data-view-buffer 201ms (cache miss)
1198 silly packumentCache full:https://registry.npmjs.org/data-view-buffer set size:undefined disposed:false
1199 silly fetch manifest get-symbol-description@^1.1.0
1200 silly packumentCache full:https://registry.npmjs.org/get-symbol-description cache-miss
1201 http fetch GET 200 https://registry.npmjs.org/data-view-byte-length 212ms (cache miss)
1202 silly packumentCache full:https://registry.npmjs.org/data-view-byte-length set size:undefined disposed:false
1203 silly fetch manifest globalthis@^1.0.4
1204 silly packumentCache full:https://registry.npmjs.org/globalthis cache-miss
1205 http fetch GET 200 https://registry.npmjs.org/data-view-byte-offset 230ms (cache miss)
1206 silly packumentCache full:https://registry.npmjs.org/data-view-byte-offset set size:undefined disposed:false
1207 silly fetch manifest gopd@^1.2.0
1208 silly packumentCache full:https://registry.npmjs.org/gopd cache-miss
1209 http fetch GET 200 https://registry.npmjs.org/es-set-tostringtag 258ms (cache miss)
1210 silly packumentCache full:https://registry.npmjs.org/es-set-tostringtag set size:undefined disposed:false
1211 silly fetch manifest has-property-descriptors@^1.0.2
1212 silly packumentCache full:https://registry.npmjs.org/has-property-descriptors cache-hit
1213 silly fetch manifest has-proto@^1.2.0
1214 silly packumentCache full:https://registry.npmjs.org/has-proto cache-miss
1215 http fetch GET 200 https://registry.npmjs.org/es-to-primitive 236ms (cache miss)
1216 silly packumentCache full:https://registry.npmjs.org/es-to-primitive set size:undefined disposed:false
1217 silly fetch manifest has-symbols@^1.1.0
1218 silly packumentCache full:https://registry.npmjs.org/has-symbols cache-miss
1219 http fetch GET 200 https://registry.npmjs.org/get-symbol-description 231ms (cache miss)
1220 silly packumentCache full:https://registry.npmjs.org/get-symbol-description set size:undefined disposed:false
1221 silly fetch manifest internal-slot@^1.1.0
1222 silly packumentCache full:https://registry.npmjs.org/internal-slot cache-miss
1223 http fetch GET 200 https://registry.npmjs.org/function.prototype.name 243ms (cache miss)
1224 silly packumentCache full:https://registry.npmjs.org/function.prototype.name set size:undefined disposed:false
1225 silly fetch manifest is-array-buffer@^3.0.5
1226 silly packumentCache full:https://registry.npmjs.org/is-array-buffer cache-miss
1227 http fetch GET 200 https://registry.npmjs.org/get-proto 237ms (cache miss)
1228 silly packumentCache full:https://registry.npmjs.org/get-proto set size:undefined disposed:false
1229 silly fetch manifest is-callable@^1.2.7
1230 silly packumentCache full:https://registry.npmjs.org/is-callable cache-miss
1231 http cache https://registry.npmjs.org/internal-slot 7ms (cache hit)
1232 silly packumentCache full:https://registry.npmjs.org/internal-slot set size:30267 disposed:false
1233 silly fetch manifest is-data-view@^1.0.2
1234 silly packumentCache full:https://registry.npmjs.org/is-data-view cache-miss
1235 http cache https://registry.npmjs.org/has-symbols 14ms (cache hit)
1236 silly packumentCache full:https://registry.npmjs.org/has-symbols set size:21550 disposed:false
1237 silly fetch manifest is-negative-zero@^2.0.3
1238 silly packumentCache full:https://registry.npmjs.org/is-negative-zero cache-miss
1239 http fetch GET 200 https://registry.npmjs.org/globalthis 229ms (cache miss)
1240 silly packumentCache full:https://registry.npmjs.org/globalthis set size:undefined disposed:false
1241 silly fetch manifest is-regex@^1.2.1
1242 silly packumentCache full:https://registry.npmjs.org/is-regex cache-miss
1243 http fetch GET 200 https://registry.npmjs.org/gopd 231ms (cache miss)
1244 silly packumentCache full:https://registry.npmjs.org/gopd set size:undefined disposed:false
1245 silly fetch manifest is-set@^2.0.3
1246 silly packumentCache full:https://registry.npmjs.org/is-set cache-miss
1247 http fetch GET 200 https://registry.npmjs.org/has-proto 233ms (cache miss)
1248 silly packumentCache full:https://registry.npmjs.org/has-proto set size:undefined disposed:false
1249 silly fetch manifest is-shared-array-buffer@^1.0.4
1250 silly packumentCache full:https://registry.npmjs.org/is-shared-array-buffer cache-miss
1251 http fetch GET 200 https://registry.npmjs.org/is-data-view 171ms (cache miss)
1252 silly packumentCache full:https://registry.npmjs.org/is-data-view set size:undefined disposed:false
1253 silly fetch manifest is-typed-array@^1.1.15
1254 silly packumentCache full:https://registry.npmjs.org/is-typed-array cache-miss
1255 http fetch GET 200 https://registry.npmjs.org/is-array-buffer 235ms (cache miss)
1256 silly packumentCache full:https://registry.npmjs.org/is-array-buffer set size:undefined disposed:false
1257 silly fetch manifest is-weakref@^1.1.1
1258 silly packumentCache full:https://registry.npmjs.org/is-weakref cache-miss
1259 http fetch GET 200 https://registry.npmjs.org/is-callable 251ms (cache miss)
1260 silly packumentCache full:https://registry.npmjs.org/is-callable set size:undefined disposed:false
1261 silly fetch manifest object-inspect@^1.13.4
1262 silly packumentCache full:https://registry.npmjs.org/object-inspect cache-miss
1263 http fetch GET 200 https://registry.npmjs.org/is-negative-zero 258ms (cache miss)
1264 silly packumentCache full:https://registry.npmjs.org/is-negative-zero set size:undefined disposed:false
1265 silly fetch manifest object.assign@^4.1.7
1266 silly packumentCache full:https://registry.npmjs.org/object.assign cache-miss
1267 http fetch GET 200 https://registry.npmjs.org/is-regex 259ms (cache miss)
1268 silly packumentCache full:https://registry.npmjs.org/is-regex set size:undefined disposed:false
1269 silly fetch manifest own-keys@^1.0.1
1270 silly packumentCache full:https://registry.npmjs.org/own-keys cache-miss
1271 http fetch GET 200 https://registry.npmjs.org/is-set 268ms (cache miss)
1272 silly packumentCache full:https://registry.npmjs.org/is-set set size:undefined disposed:false
1273 silly fetch manifest regexp.prototype.flags@^1.5.4
1274 silly packumentCache full:https://registry.npmjs.org/regexp.prototype.flags cache-miss
1275 http fetch GET 200 https://registry.npmjs.org/is-shared-array-buffer 243ms (cache miss)
1276 silly packumentCache full:https://registry.npmjs.org/is-shared-array-buffer set size:undefined disposed:false
1277 silly fetch manifest safe-array-concat@^1.1.3
1278 silly packumentCache full:https://registry.npmjs.org/safe-array-concat cache-miss
1279 http fetch GET 200 https://registry.npmjs.org/is-typed-array 793ms (cache miss)
1280 silly packumentCache full:https://registry.npmjs.org/is-typed-array set size:undefined disposed:false
1281 silly fetch manifest safe-push-apply@^1.0.0
1282 silly packumentCache full:https://registry.npmjs.org/safe-push-apply cache-miss
1283 http fetch GET 200 https://registry.npmjs.org/own-keys 741ms (cache miss)
1284 silly packumentCache full:https://registry.npmjs.org/own-keys set size:undefined disposed:false
1285 silly fetch manifest safe-regex-test@^1.1.0
1286 silly packumentCache full:https://registry.npmjs.org/safe-regex-test cache-hit
1287 silly fetch manifest set-proto@^1.0.0
1288 silly packumentCache full:https://registry.npmjs.org/set-proto cache-miss
1289 http fetch GET 200 https://registry.npmjs.org/is-weakref 779ms (cache miss)
1290 silly packumentCache full:https://registry.npmjs.org/is-weakref set size:undefined disposed:false
1291 silly fetch manifest stop-iteration-iterator@^1.1.0
1292 silly packumentCache full:https://registry.npmjs.org/stop-iteration-iterator cache-miss
1293 http fetch GET 200 https://registry.npmjs.org/safe-array-concat 722ms (cache miss)
1294 silly packumentCache full:https://registry.npmjs.org/safe-array-concat set size:undefined disposed:false
1295 silly fetch manifest string.prototype.trim@^1.2.10
1296 silly packumentCache full:https://registry.npmjs.org/string.prototype.trim cache-miss
1297 http fetch GET 200 https://registry.npmjs.org/regexp.prototype.flags 763ms (cache miss)
1298 silly packumentCache full:https://registry.npmjs.org/regexp.prototype.flags set size:undefined disposed:false
1299 silly fetch manifest string.prototype.trimstart@^1.0.8
1300 silly packumentCache full:https://registry.npmjs.org/string.prototype.trimstart cache-miss
1301 http fetch GET 200 https://registry.npmjs.org/object.assign 832ms (cache miss)
1302 silly packumentCache full:https://registry.npmjs.org/object.assign set size:undefined disposed:false
1303 silly fetch manifest typed-array-buffer@^1.0.3
1304 silly packumentCache full:https://registry.npmjs.org/typed-array-buffer cache-miss
1305 http fetch GET 200 https://registry.npmjs.org/object-inspect 847ms (cache miss)
1306 silly packumentCache full:https://registry.npmjs.org/object-inspect set size:undefined disposed:false
1307 silly fetch manifest typed-array-byte-length@^1.0.3
1308 silly packumentCache full:https://registry.npmjs.org/typed-array-byte-length cache-miss
1309 http cache https://registry.npmjs.org/safe-push-apply 121ms (cache hit)
1310 silly packumentCache full:https://registry.npmjs.org/safe-push-apply set size:5759 disposed:false
1311 silly fetch manifest typed-array-byte-offset@^1.0.4
1312 silly packumentCache full:https://registry.npmjs.org/typed-array-byte-offset cache-miss
1313 http cache https://registry.npmjs.org/stop-iteration-iterator 118ms (cache hit)
1314 silly packumentCache full:https://registry.npmjs.org/stop-iteration-iterator set size:9160 disposed:false
1315 silly fetch manifest typed-array-length@^1.0.7
1316 silly packumentCache full:https://registry.npmjs.org/typed-array-length cache-miss
1317 http cache https://registry.npmjs.org/set-proto 124ms (cache hit)
1318 silly packumentCache full:https://registry.npmjs.org/set-proto set size:5334 disposed:false
1319 silly fetch manifest unbox-primitive@^1.1.0
1320 silly packumentCache full:https://registry.npmjs.org/unbox-primitive cache-miss
1321 http fetch GET 200 https://registry.npmjs.org/typed-array-buffer 220ms (cache miss)
1322 silly packumentCache full:https://registry.npmjs.org/typed-array-buffer set size:undefined disposed:false
1323 silly fetch manifest which-typed-array@^1.1.19
1324 silly packumentCache full:https://registry.npmjs.org/which-typed-array cache-miss
1325 http fetch GET 200 https://registry.npmjs.org/string.prototype.trim 301ms (cache miss)
1326 silly packumentCache full:https://registry.npmjs.org/string.prototype.trim set size:undefined disposed:false
1327 silly fetch manifest has-tostringtag@^1.0.2
1328 silly packumentCache full:https://registry.npmjs.org/has-tostringtag cache-miss
1329 http fetch GET 200 https://registry.npmjs.org/string.prototype.trimstart 241ms (cache miss)
1330 silly packumentCache full:https://registry.npmjs.org/string.prototype.trimstart set size:undefined disposed:false
1331 http cache https://registry.npmjs.org/which-typed-array 10ms (cache hit)
1332 silly packumentCache full:https://registry.npmjs.org/which-typed-array set size:93605 disposed:false
1333 http fetch GET 200 https://registry.npmjs.org/typed-array-length 218ms (cache miss)
1334 silly packumentCache full:https://registry.npmjs.org/typed-array-length set size:undefined disposed:false
1335 http fetch GET 200 https://registry.npmjs.org/typed-array-byte-offset 226ms (cache miss)
1336 silly packumentCache full:https://registry.npmjs.org/typed-array-byte-offset set size:undefined disposed:false
1337 http fetch GET 200 https://registry.npmjs.org/unbox-primitive 234ms (cache miss)
1338 silly packumentCache full:https://registry.npmjs.org/unbox-primitive set size:undefined disposed:false
1339 http fetch GET 200 https://registry.npmjs.org/typed-array-byte-length 378ms (cache miss)
1340 silly packumentCache full:https://registry.npmjs.org/typed-array-byte-length set size:undefined disposed:false
1341 http fetch GET 200 https://registry.npmjs.org/has-tostringtag 177ms (cache miss)
1342 silly packumentCache full:https://registry.npmjs.org/has-tostringtag set size:undefined disposed:false
1343 silly placeDep ROOT es-errors@1.3.0 OK for: array.prototype.findlastindex@1.2.6 want: ^1.3.0
1344 silly placeDep ROOT es-shim-unscopables@1.1.0 OK for: array.prototype.findlastindex@1.2.6 want: ^1.1.0
1345 silly placeDep ROOT call-bind-apply-helpers@1.0.2 OK for: call-bind@1.0.9 want: ^1.0.2
1346 silly placeDep ROOT es-define-property@1.0.1 OK for: call-bind@1.0.9 want: ^1.0.1
1347 silly placeDep ROOT set-function-length@1.2.2 OK for: call-bind@1.0.9 want: ^1.2.2
1348 silly fetch manifest define-data-property@^1.1.4
1349 silly packumentCache full:https://registry.npmjs.org/define-data-property cache-miss
1350 silly fetch manifest gopd@^1.0.1
1351 silly packumentCache full:https://registry.npmjs.org/gopd cache-miss
1352 http cache https://registry.npmjs.org/gopd 2ms (cache hit)
1353 silly packumentCache full:https://registry.npmjs.org/gopd set size:11458 disposed:false
1354 http cache https://registry.npmjs.org/define-data-property 2ms (cache hit)
1355 silly packumentCache full:https://registry.npmjs.org/define-data-property set size:28048 disposed:false
1356 silly placeDep ROOT function-bind@1.1.2 OK for: call-bind-apply-helpers@1.0.2 want: ^1.1.2
1357 silly placeDep ROOT define-data-property@1.1.4 OK for: define-properties@1.2.1 want: ^1.0.1
1358 silly placeDep ROOT has-property-descriptors@1.0.2 OK for: define-properties@1.2.1 want: ^1.0.0
1359 silly placeDep ROOT object-keys@1.1.1 OK for: define-properties@1.2.1 want: ^1.1.1
1360 silly placeDep ROOT gopd@1.2.0 OK for: define-data-property@1.1.4 want: ^1.0.1
1361 silly placeDep ROOT array-buffer-byte-length@1.0.2 OK for: es-abstract@1.24.2 want: ^1.0.2
1362 silly placeDep ROOT arraybuffer.prototype.slice@1.0.4 OK for: es-abstract@1.24.2 want: ^1.0.4
1363 silly placeDep ROOT available-typed-arrays@1.0.7 OK for: es-abstract@1.24.2 want: ^1.0.7
1364 silly placeDep ROOT data-view-buffer@1.0.2 OK for: es-abstract@1.24.2 want: ^1.0.2
1365 silly placeDep ROOT data-view-byte-length@1.0.2 OK for: es-abstract@1.24.2 want: ^1.0.2
1366 silly placeDep ROOT data-view-byte-offset@1.0.1 OK for: es-abstract@1.24.2 want: ^1.0.1
1367 silly placeDep ROOT es-set-tostringtag@2.1.0 OK for: es-abstract@1.24.2 want: ^2.1.0
1368 silly placeDep ROOT es-to-primitive@1.3.0 OK for: es-abstract@1.24.2 want: ^1.3.0
1369 silly placeDep ROOT function.prototype.name@1.1.8 OK for: es-abstract@1.24.2 want: ^1.1.8
1370 silly placeDep ROOT get-proto@1.0.1 OK for: es-abstract@1.24.2 want: ^1.0.1
1371 silly placeDep ROOT get-symbol-description@1.1.0 OK for: es-abstract@1.24.2 want: ^1.1.0
1372 silly placeDep ROOT globalthis@1.0.4 OK for: es-abstract@1.24.2 want: ^1.0.4
1373 silly placeDep ROOT has-proto@1.2.0 OK for: es-abstract@1.24.2 want: ^1.2.0
1374 silly placeDep ROOT has-symbols@1.1.0 OK for: es-abstract@1.24.2 want: ^1.1.0
1375 silly placeDep ROOT internal-slot@1.1.0 OK for: es-abstract@1.24.2 want: ^1.1.0
1376 silly placeDep ROOT is-array-buffer@3.0.5 OK for: es-abstract@1.24.2 want: ^3.0.5
1377 silly placeDep ROOT is-callable@1.2.7 OK for: es-abstract@1.24.2 want: ^1.2.7
1378 silly placeDep ROOT is-data-view@1.0.2 OK for: es-abstract@1.24.2 want: ^1.0.2
1379 silly placeDep ROOT is-negative-zero@2.0.3 OK for: es-abstract@1.24.2 want: ^2.0.3
1380 silly placeDep ROOT is-regex@1.2.1 OK for: es-abstract@1.24.2 want: ^1.2.1
1381 silly placeDep ROOT is-set@2.0.3 OK for: es-abstract@1.24.2 want: ^2.0.3
1382 silly placeDep ROOT is-shared-array-buffer@1.0.4 OK for: es-abstract@1.24.2 want: ^1.0.4
1383 silly placeDep ROOT is-typed-array@1.1.15 OK for: es-abstract@1.24.2 want: ^1.1.15
1384 silly placeDep ROOT is-weakref@1.1.1 OK for: es-abstract@1.24.2 want: ^1.1.1
1385 silly placeDep ROOT object-inspect@1.13.4 OK for: es-abstract@1.24.2 want: ^1.13.4
1386 silly placeDep ROOT object.assign@4.1.7 OK for: es-abstract@1.24.2 want: ^4.1.7
1387 silly placeDep ROOT own-keys@1.0.1 OK for: es-abstract@1.24.2 want: ^1.0.1
1388 silly placeDep ROOT regexp.prototype.flags@1.5.4 OK for: es-abstract@1.24.2 want: ^1.5.4
1389 silly placeDep ROOT safe-array-concat@1.1.4 OK for: es-abstract@1.24.2 want: ^1.1.3
1390 silly placeDep ROOT safe-push-apply@1.0.0 OK for: es-abstract@1.24.2 want: ^1.0.0
1391 silly placeDep ROOT safe-regex-test@1.1.0 OK for: es-abstract@1.24.2 want: ^1.1.0
1392 silly placeDep ROOT set-proto@1.0.0 OK for: es-abstract@1.24.2 want: ^1.0.0
1393 silly placeDep ROOT stop-iteration-iterator@1.1.0 OK for: es-abstract@1.24.2 want: ^1.1.0
1394 silly placeDep ROOT string.prototype.trim@1.2.10 OK for: es-abstract@1.24.2 want: ^1.2.10
1395 silly placeDep ROOT string.prototype.trimstart@1.0.8 OK for: es-abstract@1.24.2 want: ^1.0.8
1396 silly placeDep ROOT typed-array-buffer@1.0.3 OK for: es-abstract@1.24.2 want: ^1.0.3
1397 silly placeDep ROOT typed-array-byte-length@1.0.3 OK for: es-abstract@1.24.2 want: ^1.0.3
1398 silly placeDep ROOT typed-array-byte-offset@1.0.4 OK for: es-abstract@1.24.2 want: ^1.0.4
1399 silly placeDep ROOT typed-array-length@1.0.7 OK for: es-abstract@1.24.2 want: ^1.0.7
1400 silly placeDep ROOT unbox-primitive@1.1.0 OK for: es-abstract@1.24.2 want: ^1.1.0
1401 silly placeDep ROOT which-typed-array@1.1.20 OK for: es-abstract@1.24.2 want: ^1.1.19
1402 silly fetch manifest is-array-buffer@^3.0.4
1403 silly packumentCache full:https://registry.npmjs.org/is-array-buffer cache-miss
1404 silly fetch manifest possible-typed-array-names@^1.0.0
1405 silly packumentCache full:https://registry.npmjs.org/possible-typed-array-names cache-miss
1406 silly fetch manifest is-data-view@^1.0.1
1407 silly packumentCache full:https://registry.npmjs.org/is-data-view cache-miss
1408 silly fetch manifest is-date-object@^1.0.5
1409 silly packumentCache full:https://registry.npmjs.org/is-date-object cache-miss
1410 silly fetch manifest is-symbol@^1.0.4
1411 silly packumentCache full:https://registry.npmjs.org/is-symbol cache-miss
1412 silly fetch manifest functions-have-names@^1.2.3
1413 silly packumentCache full:https://registry.npmjs.org/functions-have-names cache-miss
1414 silly fetch manifest dunder-proto@^1.0.1
1415 silly packumentCache full:https://registry.npmjs.org/dunder-proto cache-miss
1416 http cache https://registry.npmjs.org/is-data-view 5ms (cache hit)
1417 silly packumentCache full:https://registry.npmjs.org/is-data-view set size:13756 disposed:false
1418 silly fetch manifest dunder-proto@^1.0.0
1419 silly packumentCache full:https://registry.npmjs.org/dunder-proto cache-miss
1420 http cache https://registry.npmjs.org/is-array-buffer 6ms (cache hit)
1421 silly packumentCache full:https://registry.npmjs.org/is-array-buffer set size:33562 disposed:false
1422 silly fetch manifest side-channel@^1.1.0
1423 silly packumentCache full:https://registry.npmjs.org/side-channel cache-miss
1424 http fetch GET 200 https://registry.npmjs.org/possible-typed-array-names 206ms (cache miss)
1425 silly packumentCache full:https://registry.npmjs.org/possible-typed-array-names set size:undefined disposed:false
1426 silly fetch manifest is-typed-array@^1.1.13
1427 silly packumentCache full:https://registry.npmjs.org/is-typed-array cache-miss
1428 http fetch GET 200 https://registry.npmjs.org/dunder-proto 201ms (cache miss)
1429 silly packumentCache full:https://registry.npmjs.org/dunder-proto set size:undefined disposed:false
1430 silly fetch manifest which-typed-array@^1.1.16
1431 silly packumentCache full:https://registry.npmjs.org/which-typed-array cache-hit
1432 silly fetch manifest set-function-name@^2.0.2
1433 silly packumentCache full:https://registry.npmjs.org/set-function-name cache-miss
1434 http fetch GET 200 https://registry.npmjs.org/side-channel 201ms (cache miss)
1435 silly packumentCache full:https://registry.npmjs.org/side-channel set size:undefined disposed:false
1436 silly fetch manifest isarray@^2.0.5
1437 silly packumentCache full:https://registry.npmjs.org/isarray cache-miss
1438 http fetch GET 200 https://registry.npmjs.org/is-date-object 209ms (cache miss)
1439 silly packumentCache full:https://registry.npmjs.org/is-date-object set size:undefined disposed:false
1440 silly fetch manifest isarray@^2.0.5
1441 silly packumentCache full:https://registry.npmjs.org/isarray cache-miss
1442 http cache https://registry.npmjs.org/is-typed-array 5ms (cache hit)
1443 silly packumentCache full:https://registry.npmjs.org/is-typed-array set size:79965 disposed:false
1444 silly fetch manifest dunder-proto@^1.0.1
1445 silly packumentCache full:https://registry.npmjs.org/dunder-proto cache-miss
1446 http cache https://registry.npmjs.org/dunder-proto 1ms (cache hit)
1447 silly packumentCache full:https://registry.npmjs.org/dunder-proto set size:8256 disposed:false
1448 silly fetch manifest for-each@^0.3.3
1449 silly packumentCache full:https://registry.npmjs.org/for-each cache-miss
1450 http fetch GET 200 https://registry.npmjs.org/functions-have-names 216ms (cache miss)
1451 silly packumentCache full:https://registry.npmjs.org/functions-have-names set size:undefined disposed:false
1452 silly fetch manifest for-each@^0.3.3
1453 silly packumentCache full:https://registry.npmjs.org/for-each cache-miss
1454 http fetch GET 200 https://registry.npmjs.org/dunder-proto 224ms (cache miss)
1455 silly packumentCache full:https://registry.npmjs.org/dunder-proto set size:undefined disposed:false
1456 silly packumentCache full:https://registry.npmjs.org/dunder-proto dispose
1457 silly fetch manifest reflect.getprototypeof@^1.0.9
1458 silly packumentCache full:https://registry.npmjs.org/reflect.getprototypeof cache-miss
1459 http fetch GET 200 https://registry.npmjs.org/is-symbol 255ms (cache miss)
1460 silly packumentCache full:https://registry.npmjs.org/is-symbol set size:undefined disposed:false
1461 silly fetch manifest for-each@^0.3.3
1462 silly packumentCache full:https://registry.npmjs.org/for-each cache-miss
1463 http fetch GET 200 https://registry.npmjs.org/isarray 172ms (cache miss)
1464 silly packumentCache full:https://registry.npmjs.org/isarray set size:undefined disposed:false
1465 silly fetch manifest reflect.getprototypeof@^1.0.6
1466 silly packumentCache full:https://registry.npmjs.org/reflect.getprototypeof cache-miss
1467 http fetch GET 200 https://registry.npmjs.org/set-function-name 177ms (cache miss)
1468 silly packumentCache full:https://registry.npmjs.org/set-function-name set size:undefined disposed:false
1469 silly fetch manifest has-bigints@^1.0.2
1470 silly packumentCache full:https://registry.npmjs.org/has-bigints cache-miss
1471 http fetch GET 200 https://registry.npmjs.org/for-each 194ms (cache miss)
1472 silly packumentCache full:https://registry.npmjs.org/for-each set size:undefined disposed:false
1473 silly fetch manifest which-boxed-primitive@^1.1.1
1474 silly packumentCache full:https://registry.npmjs.org/which-boxed-primitive cache-miss
1475 http fetch GET 200 https://registry.npmjs.org/isarray 211ms (cache miss)
1476 silly packumentCache full:https://registry.npmjs.org/isarray set size:undefined disposed:false
1477 silly fetch manifest for-each@^0.3.5
1478 silly packumentCache full:https://registry.npmjs.org/for-each cache-miss
1479 http fetch GET 200 https://registry.npmjs.org/for-each 208ms (cache miss)
1480 silly packumentCache full:https://registry.npmjs.org/for-each set size:undefined disposed:false
1481 http cache https://registry.npmjs.org/for-each 4ms (cache hit)
1482 silly packumentCache full:https://registry.npmjs.org/for-each set size:14327 disposed:false
1483 http fetch GET 200 https://registry.npmjs.org/reflect.getprototypeof 317ms (cache miss)
1484 silly packumentCache full:https://registry.npmjs.org/reflect.getprototypeof set size:undefined disposed:false
1485 http fetch GET 200 https://registry.npmjs.org/for-each 289ms (cache miss)
1486 silly packumentCache full:https://registry.npmjs.org/for-each set size:undefined disposed:false
1487 silly packumentCache full:https://registry.npmjs.org/for-each dispose
1488 http fetch GET 200 https://registry.npmjs.org/has-bigints 186ms (cache miss)
1489 silly packumentCache full:https://registry.npmjs.org/has-bigints set size:undefined disposed:false
1490 http fetch GET 200 https://registry.npmjs.org/reflect.getprototypeof 191ms (cache miss)
1491 silly packumentCache full:https://registry.npmjs.org/reflect.getprototypeof set size:undefined disposed:false
1492 http fetch GET 200 https://registry.npmjs.org/which-boxed-primitive 220ms (cache miss)
1493 silly packumentCache full:https://registry.npmjs.org/which-boxed-primitive set size:undefined disposed:false
1494 silly placeDep ROOT possible-typed-array-names@1.1.0 OK for: available-typed-arrays@1.0.7 want: ^1.0.0
1495 silly placeDep ROOT has-tostringtag@1.0.2 OK for: es-set-tostringtag@2.1.0 want: ^1.0.2
1496 silly placeDep ROOT is-date-object@1.1.0 OK for: es-to-primitive@1.3.0 want: ^1.0.5
1497 silly placeDep ROOT is-symbol@1.1.1 OK for: es-to-primitive@1.3.0 want: ^1.0.4
1498 silly placeDep node_modules/eslint-module-utils debug@3.2.7 OK for: eslint-module-utils@2.12.1 want: ^3.2.7
1499 silly placeDep ROOT aria-query@5.3.2 OK for: eslint-plugin-jsx-a11y@6.10.2 want: ^5.3.2
1500 silly placeDep ROOT ast-types-flow@0.0.8 OK for: eslint-plugin-jsx-a11y@6.10.2 want: ^0.0.8
1501 silly placeDep ROOT axe-core@4.11.3 OK for: eslint-plugin-jsx-a11y@6.10.2 want: ^4.10.0
1502 silly placeDep ROOT axobject-query@4.1.0 OK for: eslint-plugin-jsx-a11y@6.10.2 want: ^4.1.0
1503 silly placeDep ROOT damerau-levenshtein@1.0.8 OK for: eslint-plugin-jsx-a11y@6.10.2 want: ^1.0.8
1504 silly placeDep ROOT emoji-regex@9.2.2 OK for: eslint-plugin-jsx-a11y@6.10.2 want: ^9.2.2
1505 silly placeDep ROOT jsx-ast-utils@3.3.5 OK for: eslint-plugin-jsx-a11y@6.10.2 want: ^3.3.5
1506 silly placeDep ROOT language-tags@1.0.9 OK for: eslint-plugin-jsx-a11y@6.10.2 want: ^1.0.9
1507 silly placeDep ROOT string.prototype.includes@2.0.1 OK for: eslint-plugin-jsx-a11y@6.10.2 want: ^2.0.1
1508 silly fetch manifest language-subtag-registry@^0.3.20
1509 silly packumentCache full:https://registry.npmjs.org/language-subtag-registry cache-miss
1510 http fetch GET 200 https://registry.npmjs.org/language-subtag-registry 255ms (cache miss)
1511 silly packumentCache full:https://registry.npmjs.org/language-subtag-registry set size:undefined disposed:false
1512 silly placeDep ROOT array.prototype.findlast@1.2.5 OK for: eslint-plugin-react@7.37.5 want: ^1.2.5
1513 silly placeDep ROOT array.prototype.tosorted@1.1.4 OK for: eslint-plugin-react@7.37.5 want: ^1.1.4
1514 silly placeDep ROOT es-iterator-helpers@1.3.2 OK for: eslint-plugin-react@7.37.5 want: ^1.2.1
1515 silly placeDep ROOT estraverse@5.3.0 OK for: eslint-plugin-react@7.37.5 want: ^5.3.0
1516 silly placeDep ROOT object.entries@1.1.9 OK for: eslint-plugin-react@7.37.5 want: ^1.1.9
1517 silly placeDep ROOT prop-types@15.8.1 OK for: eslint-plugin-react@7.37.5 want: ^15.8.1
1518 silly placeDep node_modules/eslint-plugin-react semver@6.3.1 OK for: eslint-plugin-react@7.37.5 want: ^6.3.1
1519 silly placeDep ROOT string.prototype.matchall@4.0.12 OK for: eslint-plugin-react@7.37.5 want: ^4.0.12
1520 silly placeDep ROOT string.prototype.repeat@1.0.0 OK for: eslint-plugin-react@7.37.5 want: ^1.0.0
1521 silly fetch manifest iterator.prototype@^1.1.5
1522 silly packumentCache full:https://registry.npmjs.org/iterator.prototype cache-miss
1523 silly fetch manifest loose-envify@^1.4.0
1524 silly packumentCache full:https://registry.npmjs.org/loose-envify cache-hit
1525 silly fetch manifest object-assign@^4.1.1
1526 silly packumentCache full:https://registry.npmjs.org/object-assign cache-miss
1527 silly fetch manifest react-is@^16.13.1
1528 silly packumentCache full:https://registry.npmjs.org/react-is cache-miss
1529 http fetch GET 200 https://registry.npmjs.org/iterator.prototype 211ms (cache miss)
1530 silly packumentCache full:https://registry.npmjs.org/iterator.prototype set size:undefined disposed:false
1531 http fetch GET 200 https://registry.npmjs.org/object-assign 241ms (cache miss)
1532 silly packumentCache full:https://registry.npmjs.org/object-assign set size:undefined disposed:false
1533 http fetch GET 200 https://registry.npmjs.org/react-is 6357ms (cache miss)
1534 silly packumentCache full:https://registry.npmjs.org/react-is set size:undefined disposed:false
1535 silly placeDep ROOT iterator.prototype@1.1.5 OK for: es-iterator-helpers@1.3.2 want: ^1.1.5
1536 silly placeDep ROOT esrecurse@4.3.0 OK for: eslint-scope@8.4.0 want: ^4.3.0
1537 silly placeDep ROOT acorn@8.16.0 OK for: espree@10.4.0 want: ^8.15.0
1538 silly placeDep ROOT acorn-jsx@5.3.2 OK for: espree@10.4.0 want: ^5.3.2
1539 silly placeDep ROOT @nodelib/fs.stat@2.0.5 OK for: fast-glob@3.3.1 want: ^2.0.2
1540 silly placeDep ROOT @nodelib/fs.walk@1.2.8 OK for: fast-glob@3.3.1 want: ^1.2.3
1541 silly placeDep node_modules/fast-glob glob-parent@5.1.2 OK for: fast-glob@3.3.1 want: ^5.1.2
1542 silly placeDep ROOT merge2@1.4.1 OK for: fast-glob@3.3.1 want: ^1.3.0
1543 silly placeDep ROOT micromatch@4.0.8 OK for: fast-glob@3.3.1 want: ^4.0.4
1544 silly fetch manifest fastq@^1.6.0
1545 silly packumentCache full:https://registry.npmjs.org/fastq cache-miss
1546 silly fetch manifest @nodelib/fs.scandir@2.1.5
1547 silly packumentCache full:https://registry.npmjs.org/@nodelib%2ffs.scandir cache-miss
1548 silly fetch manifest braces@^3.0.3
1549 silly packumentCache full:https://registry.npmjs.org/braces cache-miss
1550 silly fetch manifest picomatch@^2.3.1
1551 silly packumentCache full:https://registry.npmjs.org/picomatch cache-miss
1552 http cache https://registry.npmjs.org/braces 16ms (cache hit)
1553 silly packumentCache full:https://registry.npmjs.org/braces set size:114529 disposed:false
1554 http cache https://registry.npmjs.org/picomatch 20ms (cache hit)
1555 silly packumentCache full:https://registry.npmjs.org/picomatch set size:126376 disposed:false
1556 http cache https://registry.npmjs.org/fastq 23ms (cache hit)
1557 silly packumentCache full:https://registry.npmjs.org/fastq set size:78301 disposed:false
1558 http cache https://registry.npmjs.org/@nodelib%2ffs.scandir 32ms (cache hit)
1559 silly packumentCache full:https://registry.npmjs.org/@nodelib%2ffs.scandir set size:49256 disposed:false
1560 silly placeDep ROOT @nodelib/fs.scandir@2.1.5 OK for: @nodelib/fs.walk@1.2.8 want: 2.1.5
1561 silly placeDep ROOT fastq@1.20.1 OK for: @nodelib/fs.walk@1.2.8 want: ^1.6.0
1562 silly fetch manifest run-parallel@^1.1.9
1563 silly packumentCache full:https://registry.npmjs.org/run-parallel cache-miss
1564 silly fetch manifest reusify@^1.0.4
1565 silly packumentCache full:https://registry.npmjs.org/reusify cache-miss
1566 http cache https://registry.npmjs.org/reusify 5ms (cache hit)
1567 silly packumentCache full:https://registry.npmjs.org/reusify set size:14249 disposed:false
1568 http cache https://registry.npmjs.org/run-parallel 6ms (cache hit)
1569 silly packumentCache full:https://registry.npmjs.org/run-parallel set size:35172 disposed:false
1570 silly placeDep ROOT run-parallel@1.2.0 OK for: @nodelib/fs.scandir@2.1.5 want: ^1.1.9
1571 silly fetch manifest queue-microtask@^1.2.2
1572 silly packumentCache full:https://registry.npmjs.org/queue-microtask cache-miss
1573 http cache https://registry.npmjs.org/queue-microtask 2ms (cache hit)
1574 silly packumentCache full:https://registry.npmjs.org/queue-microtask set size:36088 disposed:false
1575 silly placeDep ROOT reusify@1.1.0 OK for: fastq@1.20.1 want: ^1.0.4
1576 silly placeDep ROOT flat-cache@4.0.1 OK for: file-entry-cache@8.0.0 want: ^4.0.0
1577 silly fetch manifest keyv@^4.5.4
1578 silly packumentCache full:https://registry.npmjs.org/keyv cache-miss
1579 silly fetch manifest flatted@^3.2.9
1580 silly packumentCache full:https://registry.npmjs.org/flatted cache-miss
1581 http cache https://registry.npmjs.org/flatted 2ms (cache hit)
1582 silly packumentCache full:https://registry.npmjs.org/flatted set size:137347 disposed:false
1583 http cache https://registry.npmjs.org/keyv 4ms (cache hit)
1584 silly packumentCache full:https://registry.npmjs.org/keyv set size:215840 disposed:false
1585 silly placeDep ROOT locate-path@6.0.0 OK for: find-up@5.0.0 want: ^6.0.0
1586 silly placeDep ROOT path-exists@4.0.0 OK for: find-up@5.0.0 want: ^4.0.0
1587 silly fetch manifest p-locate@^5.0.0
1588 silly packumentCache full:https://registry.npmjs.org/p-locate cache-miss
1589 http cache https://registry.npmjs.org/p-locate 3ms (cache hit)
1590 silly packumentCache full:https://registry.npmjs.org/p-locate set size:22488 disposed:false
1591 silly placeDep ROOT flatted@3.4.2 OK for: flat-cache@4.0.1 want: ^3.2.9
1592 silly placeDep ROOT keyv@4.5.4 OK for: flat-cache@4.0.1 want: ^4.5.4
1593 silly fetch manifest json-buffer@3.0.1
1594 silly packumentCache full:https://registry.npmjs.org/json-buffer cache-miss
1595 http cache https://registry.npmjs.org/json-buffer 1ms (cache hit)
1596 silly packumentCache full:https://registry.npmjs.org/json-buffer set size:23474 disposed:false
1597 silly placeDep ROOT functions-have-names@1.2.3 OK for: function.prototype.name@1.1.8 want: ^1.2.3
1598 silly placeDep ROOT dunder-proto@1.0.1 OK for: get-proto@1.0.1 want: ^1.0.1
1599 silly placeDep ROOT resolve-pkg-maps@1.0.0 OK for: get-tsconfig@4.14.0 want: ^1.0.0
1600 silly placeDep ROOT parent-module@1.0.1 OK for: import-fresh@3.3.1 want: ^1.0.0
1601 silly placeDep ROOT resolve-from@4.0.0 OK for: import-fresh@3.3.1 want: ^4.0.0
1602 silly fetch manifest callsites@^3.0.0
1603 silly packumentCache full:https://registry.npmjs.org/callsites cache-miss
1604 http cache https://registry.npmjs.org/callsites 1ms (cache hit)
1605 silly packumentCache full:https://registry.npmjs.org/callsites set size:21349 disposed:false
1606 silly placeDep ROOT side-channel@1.1.0 OK for: internal-slot@1.1.0 want: ^1.1.0
1607 silly fetch manifest side-channel-list@^1.0.0
1608 silly packumentCache full:https://registry.npmjs.org/side-channel-list cache-miss
1609 silly fetch manifest side-channel-map@^1.0.1
1610 silly packumentCache full:https://registry.npmjs.org/side-channel-map cache-miss
1611 silly fetch manifest side-channel-weakmap@^1.0.2
1612 silly packumentCache full:https://registry.npmjs.org/side-channel-weakmap cache-miss
1613 http cache https://registry.npmjs.org/side-channel-weakmap 5ms (cache hit)
1614 silly packumentCache full:https://registry.npmjs.org/side-channel-weakmap set size:12620 disposed:false
1615 http cache https://registry.npmjs.org/side-channel-list 6ms (cache hit)
1616 silly packumentCache full:https://registry.npmjs.org/side-channel-list set size:9021 disposed:false
1617 http cache https://registry.npmjs.org/side-channel-map 6ms (cache hit)
1618 silly packumentCache full:https://registry.npmjs.org/side-channel-map set size:9126 disposed:false
1619 silly placeDep ROOT is-extglob@2.1.1 OK for: is-glob@4.0.3 want: ^2.1.1
1620 silly placeDep ROOT set-function-name@2.0.2 OK for: iterator.prototype@1.1.5 want: ^2.0.2
1621 silly placeDep ROOT argparse@2.0.1 OK for: js-yaml@4.1.1 want: ^2.0.1
1622 silly placeDep ROOT json-buffer@3.0.1 OK for: keyv@4.5.4 want: 3.0.1
1623 silly placeDep ROOT language-subtag-registry@0.3.23 OK for: language-tags@1.0.9 want: ^0.3.20
1624 silly placeDep ROOT prelude-ls@1.2.1 OK for: levn@0.4.1 want: ^1.2.1
1625 silly placeDep ROOT type-check@0.4.0 OK for: levn@0.4.1 want: ~0.4.0
1626 silly placeDep ROOT p-locate@5.0.0 OK for: locate-path@6.0.0 want: ^5.0.0
1627 silly fetch manifest p-limit@^3.0.2
1628 silly packumentCache full:https://registry.npmjs.org/p-limit cache-miss
1629 http cache https://registry.npmjs.org/p-limit 4ms (cache hit)
1630 silly packumentCache full:https://registry.npmjs.org/p-limit set size:61867 disposed:false
1631 silly placeDep ROOT braces@3.0.3 OK for: micromatch@4.0.8 want: ^3.0.3
1632 silly placeDep ROOT picomatch@2.3.2 OK for: micromatch@4.0.8 want: ^2.3.1
1633 silly fetch manifest fill-range@^7.1.1
1634 silly packumentCache full:https://registry.npmjs.org/fill-range cache-miss
1635 http cache https://registry.npmjs.org/fill-range 2ms (cache hit)
1636 silly packumentCache full:https://registry.npmjs.org/fill-range set size:90212 disposed:false
1637 silly placeDep ROOT fill-range@7.1.1 OK for: braces@3.0.3 want: ^7.1.1
1638 silly fetch manifest to-regex-range@^5.0.1
1639 silly packumentCache full:https://registry.npmjs.org/to-regex-range cache-miss
1640 http cache https://registry.npmjs.org/to-regex-range 3ms (cache hit)
1641 silly packumentCache full:https://registry.npmjs.org/to-regex-range set size:61569 disposed:false
1642 silly placeDep ROOT to-regex-range@5.0.1 OK for: fill-range@7.1.1 want: ^5.0.1
1643 silly fetch manifest is-number@^7.0.0
1644 silly packumentCache full:https://registry.npmjs.org/is-number cache-miss
1645 http cache https://registry.npmjs.org/is-number 1ms (cache hit)
1646 silly packumentCache full:https://registry.npmjs.org/is-number set size:36183 disposed:false
1647 silly placeDep ROOT brace-expansion@1.1.14 OK for: minimatch@3.1.5 want: ^1.1.7
1648 silly fetch manifest concat-map@0.0.1
1649 silly packumentCache full:https://registry.npmjs.org/concat-map cache-miss
1650 silly fetch manifest balanced-match@^1.0.0
1651 silly packumentCache full:https://registry.npmjs.org/balanced-match cache-miss
1652 http cache https://registry.npmjs.org/concat-map 1ms (cache hit)
1653 silly packumentCache full:https://registry.npmjs.org/concat-map set size:9290 disposed:false
1654 http cache https://registry.npmjs.org/balanced-match 2ms (cache hit)
1655 silly packumentCache full:https://registry.npmjs.org/balanced-match set size:39082 disposed:false
1656 silly placeDep ROOT balanced-match@1.0.2 OK for: brace-expansion@1.1.14 want: ^1.0.0
1657 silly placeDep ROOT concat-map@0.0.1 OK for: brace-expansion@1.1.14 want: 0.0.1
1658 silly fetch manifest react@^18.2.0 || 19.0.0-rc-66855b96-20241106
1659 silly packumentCache full:https://registry.npmjs.org/react cache-miss
1660 http cache https://registry.npmjs.org/react 11ms (cache hit)
1661 silly packumentCache full:https://registry.npmjs.org/react set size:6617823 disposed:false
1662 silly placeDep ROOT @next/env@15.0.3 OK for: next@15.0.3 want: 15.0.3
1663 silly placeDep ROOT @next/swc-darwin-arm64@15.0.3 OK for: next@15.0.3 want: 15.0.3
1664 silly placeDep ROOT @next/swc-darwin-x64@15.0.3 OK for: next@15.0.3 want: 15.0.3
1665 silly placeDep ROOT @next/swc-linux-arm64-gnu@15.0.3 OK for: next@15.0.3 want: 15.0.3
1666 silly placeDep ROOT @next/swc-linux-arm64-musl@15.0.3 OK for: next@15.0.3 want: 15.0.3
1667 silly placeDep ROOT @next/swc-linux-x64-gnu@15.0.3 OK for: next@15.0.3 want: 15.0.3
1668 silly placeDep ROOT @next/swc-linux-x64-musl@15.0.3 OK for: next@15.0.3 want: 15.0.3
1669 silly placeDep ROOT @next/swc-win32-arm64-msvc@15.0.3 OK for: next@15.0.3 want: 15.0.3
1670 silly placeDep ROOT @next/swc-win32-x64-msvc@15.0.3 OK for: next@15.0.3 want: 15.0.3
1671 silly placeDep ROOT @swc/counter@0.1.3 OK for: next@15.0.3 want: 0.1.3
1672 silly placeDep ROOT @swc/helpers@0.5.13 OK for: next@15.0.3 want: 0.5.13
1673 silly placeDep ROOT busboy@1.6.0 OK for: next@15.0.3 want: 1.6.0
1674 silly placeDep ROOT caniuse-lite@1.0.30001788 OK for: next@15.0.3 want: ^1.0.30001579
1675 silly placeDep ROOT postcss@8.4.31 OK for: next@15.0.3 want: 8.4.31
1676 silly placeDep ROOT sharp@0.33.5 OK for: next@15.0.3 want: ^0.33.5
1677 silly placeDep ROOT styled-jsx@5.1.6 OK for: next@15.0.3 want: 5.1.6
1678 silly fetch manifest tslib@^2.4.0
1679 silly packumentCache full:https://registry.npmjs.org/tslib cache-miss
1680 silly fetch manifest streamsearch@^1.1.0
1681 silly packumentCache full:https://registry.npmjs.org/streamsearch cache-miss
1682 silly fetch manifest nanoid@^3.3.6
1683 silly packumentCache full:https://registry.npmjs.org/nanoid cache-miss
1684 silly fetch manifest picocolors@^1.0.0
1685 silly packumentCache full:https://registry.npmjs.org/picocolors cache-miss
1686 silly fetch manifest source-map-js@^1.0.2
1687 silly packumentCache full:https://registry.npmjs.org/source-map-js cache-miss
1688 silly fetch manifest color@^4.2.3
1689 silly packumentCache full:https://registry.npmjs.org/color cache-miss
1690 silly fetch manifest detect-libc@^2.0.3
1691 silly packumentCache full:https://registry.npmjs.org/detect-libc cache-miss
1692 http cache https://registry.npmjs.org/source-map-js 57ms (cache hit)
1693 silly packumentCache full:https://registry.npmjs.org/source-map-js set size:62640 disposed:false
1694 silly fetch manifest @img/sharp-wasm32@0.33.5
1695 silly packumentCache full:https://registry.npmjs.org/@img%2fsharp-wasm32 cache-miss
1696 http cache https://registry.npmjs.org/picocolors 59ms (cache hit)
1697 silly packumentCache full:https://registry.npmjs.org/picocolors set size:16648 disposed:false
1698 silly fetch manifest @img/sharp-linux-arm@0.33.5
1699 silly packumentCache full:https://registry.npmjs.org/@img%2fsharp-linux-arm cache-miss
1700 http cache https://registry.npmjs.org/color 67ms (cache hit)
1701 silly packumentCache full:https://registry.npmjs.org/color set size:98234 disposed:false
1702 silly fetch manifest @img/sharp-linux-x64@0.33.5
1703 silly packumentCache full:https://registry.npmjs.org/@img%2fsharp-linux-x64 cache-miss
1704 http cache https://registry.npmjs.org/detect-libc 70ms (cache hit)
1705 silly packumentCache full:https://registry.npmjs.org/detect-libc set size:47861 disposed:false
1706 silly fetch manifest @img/sharp-win32-x64@0.33.5
1707 silly packumentCache full:https://registry.npmjs.org/@img%2fsharp-win32-x64 cache-miss
1708 http cache https://registry.npmjs.org/streamsearch 71ms (cache hit)
1709 silly packumentCache full:https://registry.npmjs.org/streamsearch set size:27372 disposed:false
1710 silly fetch manifest @img/sharp-darwin-x64@0.33.5
1711 silly packumentCache full:https://registry.npmjs.org/@img%2fsharp-darwin-x64 cache-miss
1712 http cache https://registry.npmjs.org/tslib 72ms (cache hit)
1713 silly packumentCache full:https://registry.npmjs.org/tslib set size:108760 disposed:false
1714 silly fetch manifest @img/sharp-win32-ia32@0.33.5
1715 silly packumentCache full:https://registry.npmjs.org/@img%2fsharp-win32-ia32 cache-miss
1716 http cache https://registry.npmjs.org/nanoid 73ms (cache hit)
1717 silly packumentCache full:https://registry.npmjs.org/nanoid set size:304025 disposed:false
1718 silly fetch manifest @img/sharp-linux-arm64@0.33.5
1719 silly packumentCache full:https://registry.npmjs.org/@img%2fsharp-linux-arm64 cache-miss
1720 http cache https://registry.npmjs.org/@img%2fsharp-linux-arm 20ms (cache hit)
1721 silly packumentCache full:https://registry.npmjs.org/@img%2fsharp-linux-arm set size:72929 disposed:false
1722 silly fetch manifest @img/sharp-linux-s390x@0.33.5
1723 silly packumentCache full:https://registry.npmjs.org/@img%2fsharp-linux-s390x cache-miss
1724 http cache https://registry.npmjs.org/@img%2fsharp-linux-x64 11ms (cache hit)
1725 silly packumentCache full:https://registry.npmjs.org/@img%2fsharp-linux-x64 set size:72573 disposed:false
1726 silly fetch manifest @img/sharp-darwin-arm64@0.33.5
1727 silly packumentCache full:https://registry.npmjs.org/@img%2fsharp-darwin-arm64 cache-miss
1728 http cache https://registry.npmjs.org/@img%2fsharp-win32-x64 10ms (cache hit)
1729 silly packumentCache full:https://registry.npmjs.org/@img%2fsharp-win32-x64 set size:70455 disposed:false
1730 silly fetch manifest @img/sharp-linuxmusl-x64@0.33.5
1731 silly packumentCache full:https://registry.npmjs.org/@img%2fsharp-linuxmusl-x64 cache-miss
1732 http cache https://registry.npmjs.org/@img%2fsharp-darwin-x64 10ms (cache hit)
1733 silly packumentCache full:https://registry.npmjs.org/@img%2fsharp-darwin-x64 set size:73394 disposed:false
1734 silly fetch manifest @img/sharp-linuxmusl-arm64@0.33.5
1735 silly packumentCache full:https://registry.npmjs.org/@img%2fsharp-linuxmusl-arm64 cache-miss
1736 http cache https://registry.npmjs.org/@img%2fsharp-wasm32 25ms (cache hit)
1737 silly packumentCache full:https://registry.npmjs.org/@img%2fsharp-wasm32 set size:67411 disposed:false
1738 silly fetch manifest @img/sharp-libvips-linux-arm@1.0.5
1739 silly packumentCache full:https://registry.npmjs.org/@img%2fsharp-libvips-linux-arm cache-miss
1740 http fetch GET 200 https://registry.npmjs.org/@img%2fsharp-libvips-linux-arm 302ms (cache miss)
1741 silly packumentCache full:https://registry.npmjs.org/@img%2fsharp-libvips-linux-arm set size:undefined disposed:false
1742 silly fetch manifest @img/sharp-libvips-linux-x64@1.0.4
1743 silly packumentCache full:https://registry.npmjs.org/@img%2fsharp-libvips-linux-x64 cache-miss
1744 http fetch GET 200 https://registry.npmjs.org/@img%2fsharp-linux-arm64 318ms (cache miss)
1745 silly packumentCache full:https://registry.npmjs.org/@img%2fsharp-linux-arm64 set size:undefined disposed:false
1746 silly fetch manifest @img/sharp-libvips-darwin-x64@1.0.4
1747 silly packumentCache full:https://registry.npmjs.org/@img%2fsharp-libvips-darwin-x64 cache-miss
1748 http cache https://registry.npmjs.org/@img%2fsharp-libvips-darwin-x64 1ms (cache hit)
1749 silly packumentCache full:https://registry.npmjs.org/@img%2fsharp-libvips-darwin-x64 set size:58117 disposed:false
1750 silly fetch manifest @img/sharp-libvips-linux-arm64@1.0.4
1751 silly packumentCache full:https://registry.npmjs.org/@img%2fsharp-libvips-linux-arm64 cache-miss
1752 http cache https://registry.npmjs.org/@img%2fsharp-libvips-linux-x64 6ms (cache hit)
1753 silly packumentCache full:https://registry.npmjs.org/@img%2fsharp-libvips-linux-x64 set size:63004 disposed:false
1754 silly fetch manifest @img/sharp-libvips-linux-s390x@1.0.4
1755 silly packumentCache full:https://registry.npmjs.org/@img%2fsharp-libvips-linux-s390x cache-miss
1756 http fetch GET 200 https://registry.npmjs.org/@img%2fsharp-linux-s390x 402ms (cache miss)
1757 silly packumentCache full:https://registry.npmjs.org/@img%2fsharp-linux-s390x set size:undefined disposed:false
1758 silly fetch manifest @img/sharp-libvips-darwin-arm64@1.0.4
1759 silly packumentCache full:https://registry.npmjs.org/@img%2fsharp-libvips-darwin-arm64 cache-miss
1760 http fetch GET 200 https://registry.npmjs.org/@img%2fsharp-win32-ia32 505ms (cache miss)
1761 silly packumentCache full:https://registry.npmjs.org/@img%2fsharp-win32-ia32 set size:undefined disposed:false
1762 silly fetch manifest @img/sharp-libvips-linuxmusl-x64@1.0.4
1763 silly packumentCache full:https://registry.npmjs.org/@img%2fsharp-libvips-linuxmusl-x64 cache-miss
1764 http fetch GET 200 https://registry.npmjs.org/@img%2fsharp-libvips-linux-s390x 204ms (cache miss)
1765 silly packumentCache full:https://registry.npmjs.org/@img%2fsharp-libvips-linux-s390x set size:undefined disposed:false
1766 silly fetch manifest @img/sharp-libvips-linuxmusl-arm64@1.0.4
1767 silly packumentCache full:https://registry.npmjs.org/@img%2fsharp-libvips-linuxmusl-arm64 cache-miss
1768 http fetch GET 200 https://registry.npmjs.org/@img%2fsharp-libvips-linux-arm64 220ms (cache miss)
1769 silly packumentCache full:https://registry.npmjs.org/@img%2fsharp-libvips-linux-arm64 set size:undefined disposed:false
1770 silly fetch manifest client-only@0.0.1
1771 silly packumentCache full:https://registry.npmjs.org/client-only cache-miss
1772 http cache https://registry.npmjs.org/client-only 1ms (cache hit)
1773 silly packumentCache full:https://registry.npmjs.org/client-only set size:2750 disposed:false
1774 http fetch GET 200 https://registry.npmjs.org/@img%2fsharp-linuxmusl-arm64 544ms (cache miss)
1775 silly packumentCache full:https://registry.npmjs.org/@img%2fsharp-linuxmusl-arm64 set size:undefined disposed:false
1776 http fetch GET 200 https://registry.npmjs.org/@img%2fsharp-darwin-arm64 569ms (cache miss)
1777 silly packumentCache full:https://registry.npmjs.org/@img%2fsharp-darwin-arm64 set size:undefined disposed:false
1778 http fetch GET 200 https://registry.npmjs.org/@img%2fsharp-libvips-linuxmusl-x64 215ms (cache miss)
1779 silly packumentCache full:https://registry.npmjs.org/@img%2fsharp-libvips-linuxmusl-x64 set size:undefined disposed:false
1780 http fetch GET 200 https://registry.npmjs.org/@img%2fsharp-libvips-linuxmusl-arm64 226ms (cache miss)
1781 silly packumentCache full:https://registry.npmjs.org/@img%2fsharp-libvips-linuxmusl-arm64 set size:undefined disposed:false
1782 http fetch GET 200 https://registry.npmjs.org/@img%2fsharp-libvips-darwin-arm64 352ms (cache miss)
1783 silly packumentCache full:https://registry.npmjs.org/@img%2fsharp-libvips-darwin-arm64 set size:undefined disposed:false
1784 http fetch GET 200 https://registry.npmjs.org/@img%2fsharp-linuxmusl-x64 982ms (cache miss)
1785 silly packumentCache full:https://registry.npmjs.org/@img%2fsharp-linuxmusl-x64 set size:undefined disposed:false
1786 silly placeDep ROOT tslib@2.8.1 OK for: @swc/helpers@0.5.13 want: ^2.4.0
1787 silly placeDep ROOT streamsearch@1.1.0 OK for: busboy@1.6.0 want: ^1.1.0
1788 silly placeDep ROOT deep-is@0.1.4 OK for: optionator@0.9.4 want: ^0.1.3
1789 silly placeDep ROOT fast-levenshtein@2.0.6 OK for: optionator@0.9.4 want: ^2.0.6
1790 silly placeDep ROOT word-wrap@1.2.5 OK for: optionator@0.9.4 want: ^1.2.5
1791 silly placeDep ROOT p-limit@3.1.0 OK for: p-locate@5.0.0 want: ^3.0.2
1792 silly fetch manifest yocto-queue@^0.1.0
1793 silly packumentCache full:https://registry.npmjs.org/yocto-queue cache-miss
1794 http cache https://registry.npmjs.org/yocto-queue 1ms (cache hit)
1795 silly packumentCache full:https://registry.npmjs.org/yocto-queue set size:20256 disposed:false
1796 silly placeDep ROOT yocto-queue@0.1.0 OK for: p-limit@3.1.0 want: ^0.1.0
1797 silly placeDep ROOT callsites@3.1.0 OK for: parent-module@1.0.1 want: ^3.0.0
1798 silly placeDep ROOT nanoid@3.3.11 OK for: postcss@8.4.31 want: ^3.3.6
1799 silly placeDep ROOT picocolors@1.1.1 OK for: postcss@8.4.31 want: ^1.0.0
1800 silly placeDep ROOT source-map-js@1.2.1 OK for: postcss@8.4.31 want: ^1.0.2
1801 silly placeDep ROOT loose-envify@1.4.0 OK for: prop-types@15.8.1 want: ^1.4.0
1802 silly placeDep ROOT object-assign@4.1.1 OK for: prop-types@15.8.1 want: ^4.1.1
1803 silly placeDep ROOT react-is@16.13.1 OK for: prop-types@15.8.1 want: ^16.13.1
1804 silly fetch manifest js-tokens@^3.0.0 || ^4.0.0
1805 silly packumentCache full:https://registry.npmjs.org/js-tokens cache-miss
1806 http fetch GET 200 https://registry.npmjs.org/js-tokens 193ms (cache miss)
1807 silly packumentCache full:https://registry.npmjs.org/js-tokens set size:undefined disposed:false
1808 silly placeDep ROOT js-tokens@4.0.0 OK for: loose-envify@1.4.0 want: ^3.0.0 || ^4.0.0
1809 silly placeDep ROOT scheduler@0.23.2 OK for: react-dom@18.3.1 want: ^0.23.2
1810 silly placeDep ROOT node-exports-info@1.6.0 OK for: resolve@2.0.0-next.6 want: ^1.6.0
1811 silly placeDep ROOT path-parse@1.0.7 OK for: resolve@2.0.0-next.6 want: ^1.0.7
1812 silly placeDep ROOT supports-preserve-symlinks-flag@1.0.0 OK for: resolve@2.0.0-next.6 want: ^1.0.0
1813 silly placeDep node_modules/node-exports-info semver@6.3.1 OK for: node-exports-info@1.6.0 want: ^6.3.1
1814 silly placeDep ROOT queue-microtask@1.2.3 OK for: run-parallel@1.2.0 want: ^1.2.2
1815 silly placeDep ROOT isarray@2.0.5 OK for: safe-array-concat@1.1.4 want: ^2.0.5
1816 silly placeDep ROOT @img/sharp-darwin-arm64@0.33.5 OK for: sharp@0.33.5 want: 0.33.5
1817 silly placeDep ROOT @img/sharp-darwin-x64@0.33.5 OK for: sharp@0.33.5 want: 0.33.5
1818 silly placeDep ROOT @img/sharp-libvips-darwin-arm64@1.0.4 OK for: sharp@0.33.5 want: 1.0.4
1819 silly placeDep ROOT @img/sharp-libvips-darwin-x64@1.0.4 OK for: sharp@0.33.5 want: 1.0.4
1820 silly placeDep ROOT @img/sharp-libvips-linux-arm@1.0.5 OK for: sharp@0.33.5 want: 1.0.5
1821 silly placeDep ROOT @img/sharp-libvips-linux-arm64@1.0.4 OK for: sharp@0.33.5 want: 1.0.4
1822 silly placeDep ROOT @img/sharp-libvips-linux-s390x@1.0.4 OK for: sharp@0.33.5 want: 1.0.4
1823 silly placeDep ROOT @img/sharp-libvips-linux-x64@1.0.4 OK for: sharp@0.33.5 want: 1.0.4
1824 silly placeDep ROOT @img/sharp-libvips-linuxmusl-arm64@1.0.4 OK for: sharp@0.33.5 want: 1.0.4
1825 silly placeDep ROOT @img/sharp-libvips-linuxmusl-x64@1.0.4 OK for: sharp@0.33.5 want: 1.0.4
1826 silly placeDep ROOT @img/sharp-linux-arm@0.33.5 OK for: sharp@0.33.5 want: 0.33.5
1827 silly placeDep ROOT @img/sharp-linux-arm64@0.33.5 OK for: sharp@0.33.5 want: 0.33.5
1828 silly placeDep ROOT @img/sharp-linux-s390x@0.33.5 OK for: sharp@0.33.5 want: 0.33.5
1829 silly placeDep ROOT @img/sharp-linux-x64@0.33.5 OK for: sharp@0.33.5 want: 0.33.5
1830 silly placeDep ROOT @img/sharp-linuxmusl-arm64@0.33.5 OK for: sharp@0.33.5 want: 0.33.5
1831 silly placeDep ROOT @img/sharp-linuxmusl-x64@0.33.5 OK for: sharp@0.33.5 want: 0.33.5
1832 silly placeDep ROOT @img/sharp-wasm32@0.33.5 OK for: sharp@0.33.5 want: 0.33.5
1833 silly placeDep ROOT @img/sharp-win32-ia32@0.33.5 OK for: sharp@0.33.5 want: 0.33.5
1834 silly placeDep ROOT @img/sharp-win32-x64@0.33.5 OK for: sharp@0.33.5 want: 0.33.5
1835 silly placeDep ROOT color@4.2.3 OK for: sharp@0.33.5 want: ^4.2.3
1836 silly placeDep ROOT detect-libc@2.1.2 OK for: sharp@0.33.5 want: ^2.0.3
1837 silly fetch manifest @emnapi/runtime@^1.2.0
1838 silly packumentCache full:https://registry.npmjs.org/@emnapi%2fruntime cache-miss
1839 silly fetch manifest color-string@^1.9.0
1840 silly packumentCache full:https://registry.npmjs.org/color-string cache-miss
1841 http fetch GET 200 https://registry.npmjs.org/color-string 318ms (cache miss)
1842 silly packumentCache full:https://registry.npmjs.org/color-string set size:undefined disposed:false
1843 http fetch GET 200 https://registry.npmjs.org/@emnapi%2fruntime 392ms (cache miss)
1844 silly packumentCache full:https://registry.npmjs.org/@emnapi%2fruntime set size:undefined disposed:false
1845 silly placeDep ROOT @emnapi/runtime@1.10.0 OK for: @img/sharp-wasm32@0.33.5 want: ^1.2.0
1846 silly placeDep ROOT color-string@1.9.1 OK for: color@4.2.3 want: ^1.9.0
1847 silly fetch manifest simple-swizzle@^0.2.2
1848 silly packumentCache full:https://registry.npmjs.org/simple-swizzle cache-miss
1849 http fetch GET 200 https://registry.npmjs.org/simple-swizzle 195ms (cache miss)
1850 silly packumentCache full:https://registry.npmjs.org/simple-swizzle set size:undefined disposed:false
1851 silly placeDep ROOT simple-swizzle@0.2.4 OK for: color-string@1.9.1 want: ^0.2.2
1852 silly fetch manifest is-arrayish@^0.3.1
1853 silly packumentCache full:https://registry.npmjs.org/is-arrayish cache-miss
1854 http fetch GET 200 https://registry.npmjs.org/is-arrayish 176ms (cache miss)
1855 silly packumentCache full:https://registry.npmjs.org/is-arrayish set size:undefined disposed:false
1856 silly placeDep ROOT shebang-regex@3.0.0 OK for: shebang-command@2.0.0 want: ^3.0.0
1857 silly placeDep ROOT side-channel-list@1.0.1 OK for: side-channel@1.1.0 want: ^1.0.0
1858 silly placeDep ROOT side-channel-map@1.0.1 OK for: side-channel@1.1.0 want: ^1.0.1
1859 silly placeDep ROOT side-channel-weakmap@1.0.2 OK for: side-channel@1.1.0 want: ^1.0.2
1860 silly placeDep ROOT is-arrayish@0.3.4 OK for: simple-swizzle@0.2.4 want: ^0.3.1
1861 silly placeDep ROOT client-only@0.0.1 OK for: styled-jsx@5.1.6 want: 0.0.1
1862 silly placeDep ROOT has-flag@4.0.0 OK for: supports-color@7.2.0 want: ^4.0.0
1863 silly placeDep node_modules/tinyglobby fdir@6.5.0 OK for: tinyglobby@0.2.16 want: ^6.5.0
1864 silly placeDep node_modules/tinyglobby picomatch@4.0.4 OK for: fdir@6.5.0 want: ^3 || ^4
1865 silly placeDep ROOT is-number@7.0.0 OK for: to-regex-range@5.0.1 want: ^7.0.0
1866 silly placeDep ROOT @types/json5@0.0.29 OK for: tsconfig-paths@3.15.0 want: ^0.0.29
1867 silly placeDep ROOT json5@1.0.2 OK for: tsconfig-paths@3.15.0 want: ^1.0.2
1868 silly placeDep ROOT minimist@1.2.8 OK for: tsconfig-paths@3.15.0 want: ^1.2.6
1869 silly placeDep ROOT strip-bom@3.0.0 OK for: tsconfig-paths@3.15.0 want: ^3.0.0
1870 silly fetch manifest minimist@^1.2.0
1871 silly packumentCache full:https://registry.npmjs.org/minimist cache-miss
1872 http cache https://registry.npmjs.org/minimist 1ms (cache hit)
1873 silly packumentCache full:https://registry.npmjs.org/minimist set size:77063 disposed:false
1874 silly placeDep ROOT for-each@0.3.5 OK for: typed-array-byte-length@1.0.3 want: ^0.3.3
1875 silly placeDep ROOT reflect.getprototypeof@1.0.10 OK for: typed-array-byte-offset@1.0.4 want: ^1.0.9
1876 silly fetch manifest which-builtin-type@^1.2.1
1877 silly packumentCache full:https://registry.npmjs.org/which-builtin-type cache-miss
1878 http fetch GET 200 https://registry.npmjs.org/which-builtin-type 252ms (cache miss)
1879 silly packumentCache full:https://registry.npmjs.org/which-builtin-type set size:undefined disposed:false
1880 silly placeDep ROOT which-builtin-type@1.2.1 OK for: reflect.getprototypeof@1.0.10 want: ^1.2.1
1881 silly fetch manifest is-async-function@^2.0.0
1882 silly packumentCache full:https://registry.npmjs.org/is-async-function cache-miss
1883 silly fetch manifest is-finalizationregistry@^1.1.0
1884 silly packumentCache full:https://registry.npmjs.org/is-finalizationregistry cache-miss
1885 silly fetch manifest is-generator-function@^1.0.10
1886 silly packumentCache full:https://registry.npmjs.org/is-generator-function cache-miss
1887 silly fetch manifest which-boxed-primitive@^1.1.0
1888 silly packumentCache full:https://registry.npmjs.org/which-boxed-primitive cache-miss
1889 silly fetch manifest which-collection@^1.0.2
1890 silly packumentCache full:https://registry.npmjs.org/which-collection cache-miss
1891 http cache https://registry.npmjs.org/which-boxed-primitive 3ms (cache hit)
1892 silly packumentCache full:https://registry.npmjs.org/which-boxed-primitive set size:19407 disposed:false
1893 http fetch GET 200 https://registry.npmjs.org/is-finalizationregistry 204ms (cache miss)
1894 silly packumentCache full:https://registry.npmjs.org/is-finalizationregistry set size:undefined disposed:false
1895 http fetch GET 200 https://registry.npmjs.org/is-async-function 219ms (cache miss)
1896 silly packumentCache full:https://registry.npmjs.org/is-async-function set size:undefined disposed:false
1897 http fetch GET 200 https://registry.npmjs.org/which-collection 258ms (cache miss)
1898 silly packumentCache full:https://registry.npmjs.org/which-collection set size:undefined disposed:false
1899 http fetch GET 200 https://registry.npmjs.org/is-generator-function 258ms (cache miss)
1900 silly packumentCache full:https://registry.npmjs.org/is-generator-function set size:undefined disposed:false
1901 silly placeDep ROOT has-bigints@1.1.0 OK for: unbox-primitive@1.1.0 want: ^1.0.2
1902 silly placeDep ROOT which-boxed-primitive@1.1.1 OK for: unbox-primitive@1.1.0 want: ^1.1.1
1903 silly fetch manifest is-bigint@^1.1.0
1904 silly packumentCache full:https://registry.npmjs.org/is-bigint cache-miss
1905 silly fetch manifest is-boolean-object@^1.2.1
1906 silly packumentCache full:https://registry.npmjs.org/is-boolean-object cache-miss
1907 silly fetch manifest is-number-object@^1.1.1
1908 silly packumentCache full:https://registry.npmjs.org/is-number-object cache-miss
1909 http fetch GET 200 https://registry.npmjs.org/is-boolean-object 207ms (cache miss)
1910 silly packumentCache full:https://registry.npmjs.org/is-boolean-object set size:undefined disposed:false
1911 http fetch GET 200 https://registry.npmjs.org/is-bigint 211ms (cache miss)
1912 silly packumentCache full:https://registry.npmjs.org/is-bigint set size:undefined disposed:false
1913 http fetch GET 200 https://registry.npmjs.org/is-number-object 242ms (cache miss)
1914 silly packumentCache full:https://registry.npmjs.org/is-number-object set size:undefined disposed:false
1915 silly placeDep ROOT @unrs/resolver-binding-android-arm-eabi@1.11.1 OK for: unrs-resolver@1.11.1 want: 1.11.1
1916 silly placeDep ROOT @unrs/resolver-binding-android-arm64@1.11.1 OK for: unrs-resolver@1.11.1 want: 1.11.1
1917 silly placeDep ROOT @unrs/resolver-binding-darwin-arm64@1.11.1 OK for: unrs-resolver@1.11.1 want: 1.11.1
1918 silly placeDep ROOT @unrs/resolver-binding-darwin-x64@1.11.1 OK for: unrs-resolver@1.11.1 want: 1.11.1
1919 silly placeDep ROOT @unrs/resolver-binding-freebsd-x64@1.11.1 OK for: unrs-resolver@1.11.1 want: 1.11.1
1920 silly placeDep ROOT @unrs/resolver-binding-linux-arm-gnueabihf@1.11.1 OK for: unrs-resolver@1.11.1 want: 1.11.1
1921 silly placeDep ROOT @unrs/resolver-binding-linux-arm-musleabihf@1.11.1 OK for: unrs-resolver@1.11.1 want: 1.11.1
1922 silly placeDep ROOT @unrs/resolver-binding-linux-arm64-gnu@1.11.1 OK for: unrs-resolver@1.11.1 want: 1.11.1
1923 silly placeDep ROOT @unrs/resolver-binding-linux-arm64-musl@1.11.1 OK for: unrs-resolver@1.11.1 want: 1.11.1
1924 silly placeDep ROOT @unrs/resolver-binding-linux-ppc64-gnu@1.11.1 OK for: unrs-resolver@1.11.1 want: 1.11.1
1925 silly placeDep ROOT @unrs/resolver-binding-linux-riscv64-gnu@1.11.1 OK for: unrs-resolver@1.11.1 want: 1.11.1
1926 silly placeDep ROOT @unrs/resolver-binding-linux-riscv64-musl@1.11.1 OK for: unrs-resolver@1.11.1 want: 1.11.1
1927 silly placeDep ROOT @unrs/resolver-binding-linux-s390x-gnu@1.11.1 OK for: unrs-resolver@1.11.1 want: 1.11.1
1928 silly placeDep ROOT @unrs/resolver-binding-linux-x64-gnu@1.11.1 OK for: unrs-resolver@1.11.1 want: 1.11.1
1929 silly placeDep ROOT @unrs/resolver-binding-linux-x64-musl@1.11.1 OK for: unrs-resolver@1.11.1 want: 1.11.1
1930 silly placeDep ROOT @unrs/resolver-binding-wasm32-wasi@1.11.1 OK for: unrs-resolver@1.11.1 want: 1.11.1
1931 silly placeDep ROOT @unrs/resolver-binding-win32-arm64-msvc@1.11.1 OK for: unrs-resolver@1.11.1 want: 1.11.1
1932 silly placeDep ROOT @unrs/resolver-binding-win32-ia32-msvc@1.11.1 OK for: unrs-resolver@1.11.1 want: 1.11.1
1933 silly placeDep ROOT @unrs/resolver-binding-win32-x64-msvc@1.11.1 OK for: unrs-resolver@1.11.1 want: 1.11.1
1934 silly placeDep ROOT napi-postinstall@0.3.4 OK for: unrs-resolver@1.11.1 want: ^0.3.0
1935 silly fetch manifest @napi-rs/wasm-runtime@^0.2.11
1936 silly packumentCache full:https://registry.npmjs.org/@napi-rs%2fwasm-runtime cache-miss
1937 http fetch GET 200 https://registry.npmjs.org/@napi-rs%2fwasm-runtime 226ms (cache miss)
1938 silly packumentCache full:https://registry.npmjs.org/@napi-rs%2fwasm-runtime set size:undefined disposed:false
1939 silly placeDep ROOT @napi-rs/wasm-runtime@0.2.12 OK for: @unrs/resolver-binding-wasm32-wasi@1.11.1 want: ^0.2.11
1940 silly fetch manifest @emnapi/core@^1.4.3
1941 silly packumentCache full:https://registry.npmjs.org/@emnapi%2fcore cache-miss
1942 silly fetch manifest @tybys/wasm-util@^0.10.0
1943 silly packumentCache full:https://registry.npmjs.org/@tybys%2fwasm-util cache-miss
1944 http fetch GET 200 https://registry.npmjs.org/@tybys%2fwasm-util 271ms (cache miss)
1945 silly packumentCache full:https://registry.npmjs.org/@tybys%2fwasm-util set size:undefined disposed:false
1946 http fetch GET 200 https://registry.npmjs.org/@emnapi%2fcore 274ms (cache miss)
1947 silly packumentCache full:https://registry.npmjs.org/@emnapi%2fcore set size:undefined disposed:false
1948 silly placeDep ROOT @emnapi/core@1.10.0 OK for: @napi-rs/wasm-runtime@0.2.12 want: ^1.4.3
1949 silly placeDep ROOT @tybys/wasm-util@0.10.1 OK for: @napi-rs/wasm-runtime@0.2.12 want: ^0.10.0
1950 silly fetch manifest @emnapi/wasi-threads@1.2.1
1951 silly packumentCache full:https://registry.npmjs.org/@emnapi%2fwasi-threads cache-miss
1952 http fetch GET 200 https://registry.npmjs.org/@emnapi%2fwasi-threads 257ms (cache miss)
1953 silly packumentCache full:https://registry.npmjs.org/@emnapi%2fwasi-threads set size:undefined disposed:false
1954 silly placeDep ROOT @emnapi/wasi-threads@1.2.1 OK for: @emnapi/core@1.10.0 want: 1.2.1
1955 silly placeDep ROOT punycode@2.3.1 OK for: uri-js@4.4.1 want: ^2.1.0
1956 silly placeDep ROOT isexe@2.0.0 OK for: which@2.0.2 want: ^2.0.0
1957 silly placeDep ROOT is-bigint@1.1.0 OK for: which-boxed-primitive@1.1.1 want: ^1.1.0
1958 silly placeDep ROOT is-boolean-object@1.2.2 OK for: which-boxed-primitive@1.1.1 want: ^1.2.1
1959 silly placeDep ROOT is-number-object@1.1.1 OK for: which-boxed-primitive@1.1.1 want: ^1.1.1
1960 silly placeDep ROOT is-async-function@2.1.1 OK for: which-builtin-type@1.2.1 want: ^2.0.0
1961 silly placeDep ROOT is-finalizationregistry@1.1.1 OK for: which-builtin-type@1.2.1 want: ^1.1.0
1962 silly placeDep ROOT is-generator-function@1.1.2 OK for: which-builtin-type@1.2.1 want: ^1.0.10
1963 silly placeDep ROOT which-collection@1.0.2 OK for: which-builtin-type@1.2.1 want: ^1.0.2
1964 silly fetch manifest async-function@^1.0.0
1965 silly packumentCache full:https://registry.npmjs.org/async-function cache-miss
1966 silly fetch manifest generator-function@^2.0.0
1967 silly packumentCache full:https://registry.npmjs.org/generator-function cache-miss
1968 silly fetch manifest is-map@^2.0.3
1969 silly packumentCache full:https://registry.npmjs.org/is-map cache-miss
1970 silly fetch manifest is-weakmap@^2.0.2
1971 silly packumentCache full:https://registry.npmjs.org/is-weakmap cache-miss
1972 silly fetch manifest is-weakset@^2.0.3
1973 silly packumentCache full:https://registry.npmjs.org/is-weakset cache-miss
1974 http fetch GET 200 https://registry.npmjs.org/async-function 180ms (cache miss)
1975 silly packumentCache full:https://registry.npmjs.org/async-function set size:undefined disposed:false
1976 http fetch GET 200 https://registry.npmjs.org/generator-function 183ms (cache miss)
1977 silly packumentCache full:https://registry.npmjs.org/generator-function set size:undefined disposed:false
1978 http fetch GET 200 https://registry.npmjs.org/is-weakmap 192ms (cache miss)
1979 silly packumentCache full:https://registry.npmjs.org/is-weakmap set size:undefined disposed:false
1980 http fetch GET 200 https://registry.npmjs.org/is-map 206ms (cache miss)
1981 silly packumentCache full:https://registry.npmjs.org/is-map set size:undefined disposed:false
1982 http fetch GET 200 https://registry.npmjs.org/is-weakset 229ms (cache miss)
1983 silly packumentCache full:https://registry.npmjs.org/is-weakset set size:undefined disposed:false
1984 silly placeDep ROOT async-function@1.0.0 OK for: is-async-function@2.1.1 want: ^1.0.0
1985 silly placeDep ROOT generator-function@2.0.1 OK for: is-generator-function@1.1.2 want: ^2.0.0
1986 silly placeDep ROOT is-map@2.0.3 OK for: which-collection@1.0.2 want: ^2.0.3
1987 silly placeDep ROOT is-weakmap@2.0.2 OK for: which-collection@1.0.2 want: ^2.0.2
1988 silly placeDep ROOT is-weakset@2.0.4 OK for: which-collection@1.0.2 want: ^2.0.3
1989 silly placeDep node_modules/@typescript-eslint/typescript-estree brace-expansion@5.0.5 OK for: minimatch@10.2.5 want: ^5.0.5
1990 silly fetch manifest balanced-match@^4.0.2
1991 silly packumentCache full:https://registry.npmjs.org/balanced-match cache-hit
1992 silly placeDep node_modules/@typescript-eslint/typescript-estree balanced-match@4.0.4 OK for: brace-expansion@5.0.5 want: ^4.0.2
1993 silly reify moves {}
1994 silly audit bulk request {
1994 silly audit   '@types/node': [ '22.9.0' ],
1994 silly audit   '@types/react': [ '18.3.12' ],
1994 silly audit   '@types/react-dom': [ '18.3.1' ],
1994 silly audit   eslint: [ '9.14.0' ],
1994 silly audit   'eslint-config-next': [ '15.0.3' ],
1994 silly audit   'lucide-react': [ '0.462.0' ],
1994 silly audit   react: [ '18.3.1' ],
1994 silly audit   next: [ '15.0.3' ],
1994 silly audit   'react-dom': [ '18.3.1' ],
1994 silly audit   typescript: [ '5.6.3' ],
1994 silly audit   'undici-types': [ '6.19.8' ],
1994 silly audit   '@types/prop-types': [ '15.7.15' ],
1994 silly audit   csstype: [ '3.2.3' ],
1994 silly audit   '@eslint-community/eslint-utils': [ '4.9.1' ],
1994 silly audit   '@eslint-community/regexpp': [ '4.12.2' ],
1994 silly audit   '@eslint/config-array': [ '0.18.0' ],
1994 silly audit   '@eslint/core': [ '0.7.0', '0.13.0' ],
1994 silly audit   '@eslint/eslintrc': [ '3.3.5' ],
1994 silly audit   '@eslint/js': [ '9.14.0' ],
1994 silly audit   '@eslint/plugin-kit': [ '0.2.8' ],
1994 silly audit   '@humanfs/node': [ '0.16.8' ],
1994 silly audit   '@humanwhocodes/module-importer': [ '1.0.1' ],
1994 silly audit   '@humanwhocodes/retry': [ '0.4.3' ],
1994 silly audit   '@types/estree': [ '1.0.8' ],
1994 silly audit   '@types/json-schema': [ '7.0.15' ],
1994 silly audit   ajv: [ '6.14.0' ],
1994 silly audit   chalk: [ '4.1.2' ],
1994 silly audit   'cross-spawn': [ '7.0.6' ],
1994 silly audit   debug: [ '4.4.3', '3.2.7' ],
1994 silly audit   'escape-string-regexp': [ '4.0.0' ],
1994 silly audit   'eslint-scope': [ '8.4.0' ],
1994 silly audit   'eslint-visitor-keys': [ '4.2.1', '3.4.3', '5.0.1' ],
1994 silly audit   espree: [ '10.4.0' ],
1994 silly audit   esquery: [ '1.7.0' ],
1994 silly audit   esutils: [ '2.0.3' ],
1994 silly audit   'fast-deep-equal': [ '3.1.3' ],
1994 silly audit   'file-entry-cache': [ '8.0.0' ],
1994 silly audit   'find-up': [ '5.0.0' ],
1994 silly audit   'glob-parent': [ '6.0.2', '5.1.2' ],
1994 silly audit   ignore: [ '5.3.2', '7.0.5' ],
1994 silly audit   imurmurhash: [ '0.1.4' ],
1994 silly audit   'is-glob': [ '4.0.3' ],
1994 silly audit   'json-stable-stringify-without-jsonify': [ '1.0.1' ],
1994 silly audit   'lodash.merge': [ '4.6.2' ],
1994 silly audit   minimatch: [ '3.1.5', '10.2.5' ],
1994 silly audit   'natural-compare': [ '1.4.0' ],
1994 silly audit   optionator: [ '0.9.4' ],
1994 silly audit   'text-table': [ '0.2.0' ],
1994 silly audit   '@eslint/object-schema': [ '2.1.7' ],
1994 silly audit   globals: [ '14.0.0' ],
1994 silly audit   'import-fresh': [ '3.3.1' ],
1994 silly audit   'js-yaml': [ '4.1.1' ],
1994 silly audit   'strip-json-comments': [ '3.1.1' ],
1994 silly audit   levn: [ '0.4.1' ],
1994 silly audit   '@humanfs/core': [ '0.19.2' ],
1994 silly audit   '@humanfs/types': [ '0.15.0' ],
1994 silly audit   'fast-json-stable-stringify': [ '2.1.0' ],
1994 silly audit   'json-schema-traverse': [ '0.4.1' ],
1994 silly audit   'uri-js': [ '4.4.1' ],
1994 silly audit   'ansi-styles': [ '4.3.0' ],
1994 silly audit   'supports-color': [ '7.2.0' ],
1994 silly audit   'color-convert': [ '2.0.1' ],
1994 silly audit   'color-name': [ '1.1.4' ],
1994 silly audit   'path-key': [ '3.1.1' ],
1994 silly audit   'shebang-command': [ '2.0.0' ],
1994 silly audit   which: [ '2.0.2' ],
1994 silly audit   ms: [ '2.1.3' ],
1994 silly audit   '@next/eslint-plugin-next': [ '15.0.3' ],
1994 silly audit   '@rushstack/eslint-patch': [ '1.16.1' ],
1994 silly audit   '@typescript-eslint/eslint-plugin': [ '8.59.0' ],
1994 silly audit   '@typescript-eslint/parser': [ '8.59.0' ],
1994 silly audit   'eslint-import-resolver-node': [ '0.3.10' ],
1994 silly audit   'eslint-import-resolver-typescript': [ '3.10.1' ],
1994 silly audit   'eslint-plugin-import': [ '2.32.0' ],
1994 silly audit   'eslint-plugin-jsx-a11y': [ '6.10.2' ],
1994 silly audit   'eslint-plugin-react': [ '7.37.5' ],
1994 silly audit   'eslint-plugin-react-hooks': [ '5.2.0' ],
1994 silly audit   'fast-glob': [ '3.3.1' ],
1994 silly audit   '@typescript-eslint/scope-manager': [ '8.59.0' ],
1994 silly audit   '@typescript-eslint/type-utils': [ '8.59.0' ],
1994 silly audit   '@typescript-eslint/utils': [ '8.59.0' ],
1994 silly audit   '@typescript-eslint/visitor-keys': [ '8.59.0' ],
1994 silly audit   'ts-api-utils': [ '2.5.0' ],
1994 silly audit   '@typescript-eslint/types': [ '8.59.0' ],
1994 silly audit   '@typescript-eslint/typescript-estree': [ '8.59.0' ],
1994 silly audit   '@typescript-eslint/project-service': [ '8.59.0' ],
1994 silly audit   '@typescript-eslint/tsconfig-utils': [ '8.59.0' ],
1994 silly audit   semver: [ '7.7.4', '6.3.1' ],
1994 silly audit   tinyglobby: [ '0.2.16' ],
1994 silly audit   'is-core-module': [ '2.16.1' ],
1994 silly audit   resolve: [ '2.0.0-next.6' ],
1994 silly audit   '@nolyfill/is-core-module': [ '1.0.39' ],
1994 silly audit   'get-tsconfig': [ '4.14.0' ],
1994 silly audit   'is-bun-module': [ '2.0.0' ],
1994 silly audit   'stable-hash': [ '0.0.5' ],
1994 silly audit   'unrs-resolver': [ '1.11.1' ],
1994 silly audit   '@rtsao/scc': [ '1.1.0' ],
1994 silly audit   'array-includes': [ '3.1.9' ],
1994 silly audit   'array.prototype.findlastindex': [ '1.2.6' ],
1994 silly audit   'array.prototype.flat': [ '1.3.3' ],
1994 silly audit   'array.prototype.flatmap': [ '1.3.3' ],
1994 silly audit   doctrine: [ '2.1.0' ],
1994 silly audit   'eslint-module-utils': [ '2.12.1' ],
1994 silly audit   hasown: [ '2.0.3' ],
1994 silly audit   'object.fromentries': [ '2.0.8' ],
1994 silly audit   'object.groupby': [ '1.0.3' ],
1994 silly audit   'object.values': [ '1.2.1' ],
1994 silly audit   'string.prototype.trimend': [ '1.0.9' ],
1994 silly audit   'tsconfig-paths': [ '3.15.0' ],
1994 silly audit   'call-bind': [ '1.0.9' ],
1994 silly audit   'call-bound': [ '1.0.4' ],
1994 silly audit   'define-properties': [ '1.2.1' ],
1994 silly audit   'es-abstract': [ '1.24.2' ],
1994 silly audit   'es-object-atoms': [ '1.1.1' ],
1994 silly audit   'get-intrinsic': [ '1.3.0' ],
1994 silly audit   'is-string': [ '1.1.1' ],
1994 silly audit   'math-intrinsics': [ '1.1.0' ],
1994 silly audit   'es-errors': [ '1.3.0' ],
1994 silly audit   'es-shim-unscopables': [ '1.1.0' ],
1994 silly audit   'call-bind-apply-helpers': [ '1.0.2' ],
1994 silly audit   'es-define-property': [ '1.0.1' ],
1994 silly audit   'set-function-length': [ '1.2.2' ],
1994 silly audit   'function-bind': [ '1.1.2' ],
1994 silly audit   'define-data-property': [ '1.1.4' ],
1994 silly audit   'has-property-descriptors': [ '1.0.2' ],
1994 silly audit   'object-keys': [ '1.1.1' ],
1994 silly audit   gopd: [ '1.2.0' ],
1994 silly audit   'array-buffer-byte-length': [ '1.0.2' ],
1994 silly audit   'arraybuffer.prototype.slice': [ '1.0.4' ],
1994 silly audit   'available-typed-arrays': [ '1.0.7' ],
1994 silly audit   'data-view-buffer': [ '1.0.2' ],
1994 silly audit   'data-view-byte-length': [ '1.0.2' ],
1994 silly audit   'data-view-byte-offset': [ '1.0.1' ],
1994 silly audit   'es-set-tostringtag': [ '2.1.0' ],
1994 silly audit   'es-to-primitive': [ '1.3.0' ],
1994 silly audit   'function.prototype.name': [ '1.1.8' ],
1994 silly audit   'get-proto': [ '1.0.1' ],
1994 silly audit   'get-symbol-description': [ '1.1.0' ],
1994 silly audit   globalthis: [ '1.0.4' ],
1994 silly audit   'has-proto': [ '1.2.0' ],
1994 silly audit   'has-symbols': [ '1.1.0' ],
1994 silly audit   'internal-slot': [ '1.1.0' ],
1994 silly audit   'is-array-buffer': [ '3.0.5' ],
1994 silly audit   'is-callable': [ '1.2.7' ],
1994 silly audit   'is-data-view': [ '1.0.2' ],
1994 silly audit   'is-negative-zero': [ '2.0.3' ],
1994 silly audit   'is-regex': [ '1.2.1' ],
1994 silly audit   'is-set': [ '2.0.3' ],
1994 silly audit   'is-shared-array-buffer': [ '1.0.4' ],
1994 silly audit   'is-typed-array': [ '1.1.15' ],
1994 silly audit   'is-weakref': [ '1.1.1' ],
1994 silly audit   'object-inspect': [ '1.13.4' ],
1994 silly audit   'object.assign': [ '4.1.7' ],
1994 silly audit   'own-keys': [ '1.0.1' ],
1994 silly audit   'regexp.prototype.flags': [ '1.5.4' ],
1994 silly audit   'safe-array-concat': [ '1.1.4' ],
1994 silly audit   'safe-push-apply': [ '1.0.0' ],
1994 silly audit   'safe-regex-test': [ '1.1.0' ],
1994 silly audit   'set-proto': [ '1.0.0' ],
1994 silly audit   'stop-iteration-iterator': [ '1.1.0' ],
1994 silly audit   'string.prototype.trim': [ '1.2.10' ],
1994 silly audit   'string.prototype.trimstart': [ '1.0.8' ],
1994 silly audit   'typed-array-buffer': [ '1.0.3' ],
1994 silly audit   'typed-array-byte-length': [ '1.0.3' ],
1994 silly audit   'typed-array-byte-offset': [ '1.0.4' ],
1994 silly audit   'typed-array-length': [ '1.0.7' ],
1994 silly audit   'unbox-primitive': [ '1.1.0' ],
1994 silly audit   'which-typed-array': [ '1.1.20' ],
1994 silly audit   'possible-typed-array-names': [ '1.1.0' ],
1994 silly audit   'has-tostringtag': [ '1.0.2' ],
1994 silly audit   'is-date-object': [ '1.1.0' ],
1994 silly audit   'is-symbol': [ '1.1.1' ],
1994 silly audit   'aria-query': [ '5.3.2' ],
1994 silly audit   'ast-types-flow': [ '0.0.8' ],
1994 silly audit   'axe-core': [ '4.11.3' ],
1994 silly audit   'axobject-query': [ '4.1.0' ],
1994 silly audit   'damerau-levenshtein': [ '1.0.8' ],
1994 silly audit   'emoji-regex': [ '9.2.2' ],
1994 silly audit   'jsx-ast-utils': [ '3.3.5' ],
1994 silly audit   'language-tags': [ '1.0.9' ],
1994 silly audit   'string.prototype.includes': [ '2.0.1' ],
1994 silly audit   'array.prototype.findlast': [ '1.2.5' ],
1994 silly audit   'array.prototype.tosorted': [ '1.1.4' ],
1994 silly audit   'es-iterator-helpers': [ '1.3.2' ],
1994 silly audit   estraverse: [ '5.3.0' ],
1994 silly audit   'object.entries': [ '1.1.9' ],
1994 silly audit   'prop-types': [ '15.8.1' ],
1994 silly audit   'string.prototype.matchall': [ '4.0.12' ],
1994 silly audit   'string.prototype.repeat': [ '1.0.0' ],
1994 silly audit   'iterator.prototype': [ '1.1.5' ],
1994 silly audit   esrecurse: [ '4.3.0' ],
1994 silly audit   acorn: [ '8.16.0' ],
1994 silly audit   'acorn-jsx': [ '5.3.2' ],
1994 silly audit   '@nodelib/fs.stat': [ '2.0.5' ],
1994 silly audit   '@nodelib/fs.walk': [ '1.2.8' ],
1994 silly audit   merge2: [ '1.4.1' ],
1994 silly audit   micromatch: [ '4.0.8' ],
1994 silly audit   '@nodelib/fs.scandir': [ '2.1.5' ],
1994 silly audit   fastq: [ '1.20.1' ],
1994 silly audit   'run-parallel': [ '1.2.0' ],
1994 silly audit   reusify: [ '1.1.0' ],
1994 silly audit   'flat-cache': [ '4.0.1' ],
1994 silly audit   'locate-path': [ '6.0.0' ],
1994 silly audit   'path-exists': [ '4.0.0' ],
1994 silly audit   flatted: [ '3.4.2' ],
1994 silly audit   keyv: [ '4.5.4' ],
1994 silly audit   'functions-have-names': [ '1.2.3' ],
1994 silly audit   'dunder-proto': [ '1.0.1' ],
1994 silly audit   'resolve-pkg-maps': [ '1.0.0' ],
1994 silly audit   'parent-module': [ '1.0.1' ],
1994 silly audit   'resolve-from': [ '4.0.0' ],
1994 silly audit   'side-channel': [ '1.1.0' ],
1994 silly audit   'is-extglob': [ '2.1.1' ],
1994 silly audit   'set-function-name': [ '2.0.2' ],
1994 silly audit   argparse: [ '2.0.1' ],
1994 silly audit   'json-buffer': [ '3.0.1' ],
1994 silly audit   'language-subtag-registry': [ '0.3.23' ],
1994 silly audit   'prelude-ls': [ '1.2.1' ],
1994 silly audit   'type-check': [ '0.4.0' ],
1994 silly audit   'p-locate': [ '5.0.0' ],
1994 silly audit   braces: [ '3.0.3' ],
1994 silly audit   picomatch: [ '2.3.2', '4.0.4' ],
1994 silly audit   'fill-range': [ '7.1.1' ],
1994 silly audit   'to-regex-range': [ '5.0.1' ],
1994 silly audit   'brace-expansion': [ '1.1.14', '5.0.5' ],
1994 silly audit   'balanced-match': [ '1.0.2', '4.0.4' ],
1994 silly audit   'concat-map': [ '0.0.1' ],
1994 silly audit   '@next/env': [ '15.0.3' ],
1994 silly audit   '@next/swc-darwin-arm64': [ '15.0.3' ],
1994 silly audit   '@next/swc-darwin-x64': [ '15.0.3' ],
1994 silly audit   '@next/swc-linux-arm64-gnu': [ '15.0.3' ],
1994 silly audit   '@next/swc-linux-arm64-musl': [ '15.0.3' ],
1994 silly audit   '@next/swc-linux-x64-gnu': [ '15.0.3' ],
1994 silly audit   '@next/swc-linux-x64-musl': [ '15.0.3' ],
1994 silly audit   '@next/swc-win32-arm64-msvc': [ '15.0.3' ],
1994 silly audit   '@next/swc-win32-x64-msvc': [ '15.0.3' ],
1994 silly audit   '@swc/counter': [ '0.1.3' ],
1994 silly audit   '@swc/helpers': [ '0.5.13' ],
1994 silly audit   busboy: [ '1.6.0' ],
1994 silly audit   'caniuse-lite': [ '1.0.30001788' ],
1994 silly audit   postcss: [ '8.4.31' ],
1994 silly audit   sharp: [ '0.33.5' ],
1994 silly audit   'styled-jsx': [ '5.1.6' ],
1994 silly audit   tslib: [ '2.8.1' ],
1994 silly audit   streamsearch: [ '1.1.0' ],
1994 silly audit   'deep-is': [ '0.1.4' ],
1994 silly audit   'fast-levenshtein': [ '2.0.6' ],
1994 silly audit   'word-wrap': [ '1.2.5' ],
1994 silly audit   'p-limit': [ '3.1.0' ],
1994 silly audit   'yocto-queue': [ '0.1.0' ],
1994 silly audit   callsites: [ '3.1.0' ],
1994 silly audit   nanoid: [ '3.3.11' ],
1994 silly audit   picocolors: [ '1.1.1' ],
1994 silly audit   'source-map-js': [ '1.2.1' ],
1994 silly audit   'loose-envify': [ '1.4.0' ],
1994 silly audit   'object-assign': [ '4.1.1' ],
1994 silly audit   'react-is': [ '16.13.1' ],
1994 silly audit   'js-tokens': [ '4.0.0' ],
1994 silly audit   scheduler: [ '0.23.2' ],
1994 silly audit   'node-exports-info': [ '1.6.0' ],
1994 silly audit   'path-parse': [ '1.0.7' ],
1994 silly audit   'supports-preserve-symlinks-flag': [ '1.0.0' ],
1994 silly audit   'queue-microtask': [ '1.2.3' ],
1994 silly audit   isarray: [ '2.0.5' ],
1994 silly audit   '@img/sharp-darwin-arm64': [ '0.33.5' ],
1994 silly audit   '@img/sharp-darwin-x64': [ '0.33.5' ],
1994 silly audit   '@img/sharp-libvips-darwin-arm64': [ '1.0.4' ],
1994 silly audit   '@img/sharp-libvips-darwin-x64': [ '1.0.4' ],
1994 silly audit   '@img/sharp-libvips-linux-arm': [ '1.0.5' ],
1994 silly audit   '@img/sharp-libvips-linux-arm64': [ '1.0.4' ],
1994 silly audit   '@img/sharp-libvips-linux-s390x': [ '1.0.4' ],
1994 silly audit   '@img/sharp-libvips-linux-x64': [ '1.0.4' ],
1994 silly audit   '@img/sharp-libvips-linuxmusl-arm64': [ '1.0.4' ],
1994 silly audit   '@img/sharp-libvips-linuxmusl-x64': [ '1.0.4' ],
1994 silly audit   '@img/sharp-linux-arm': [ '0.33.5' ],
1994 silly audit   '@img/sharp-linux-arm64': [ '0.33.5' ],
1994 silly audit   '@img/sharp-linux-s390x': [ '0.33.5' ],
1994 silly audit   '@img/sharp-linux-x64': [ '0.33.5' ],
1994 silly audit   '@img/sharp-linuxmusl-arm64': [ '0.33.5' ],
1994 silly audit   '@img/sharp-linuxmusl-x64': [ '0.33.5' ],
1994 silly audit   '@img/sharp-wasm32': [ '0.33.5' ],
1994 silly audit   '@img/sharp-win32-ia32': [ '0.33.5' ],
1994 silly audit   '@img/sharp-win32-x64': [ '0.33.5' ],
1994 silly audit   color: [ '4.2.3' ],
1994 silly audit   'detect-libc': [ '2.1.2' ],
1994 silly audit   '@emnapi/runtime': [ '1.10.0' ],
1994 silly audit   'color-string': [ '1.9.1' ],
1994 silly audit   'simple-swizzle': [ '0.2.4' ],
1994 silly audit   'shebang-regex': [ '3.0.0' ],
1994 silly audit   'side-channel-list': [ '1.0.1' ],
1994 silly audit   'side-channel-map': [ '1.0.1' ],
1994 silly audit   'side-channel-weakmap': [ '1.0.2' ],
1994 silly audit   'is-arrayish': [ '0.3.4' ],
1994 silly audit   'client-only': [ '0.0.1' ],
1994 silly audit   'has-flag': [ '4.0.0' ],
1994 silly audit   fdir: [ '6.5.0' ],
1994 silly audit   'is-number': [ '7.0.0' ],
1994 silly audit   '@types/json5': [ '0.0.29' ],
1994 silly audit   json5: [ '1.0.2' ],
1994 silly audit   minimist: [ '1.2.8' ],
1994 silly audit   'strip-bom': [ '3.0.0' ],
1994 silly audit   'for-each': [ '0.3.5' ],
1994 silly audit   'reflect.getprototypeof': [ '1.0.10' ],
1994 silly audit   'which-builtin-type': [ '1.2.1' ],
1994 silly audit   'has-bigints': [ '1.1.0' ],
1994 silly audit   'which-boxed-primitive': [ '1.1.1' ],
1994 silly audit   '@unrs/resolver-binding-android-arm-eabi': [ '1.11.1' ],
1994 silly audit   '@unrs/resolver-binding-android-arm64': [ '1.11.1' ],
1994 silly audit   '@unrs/resolver-binding-darwin-arm64': [ '1.11.1' ],
1994 silly audit   '@unrs/resolver-binding-darwin-x64': [ '1.11.1' ],
1994 silly audit   '@unrs/resolver-binding-freebsd-x64': [ '1.11.1' ],
1994 silly audit   '@unrs/resolver-binding-linux-arm-gnueabihf': [ '1.11.1' ],
1994 silly audit   '@unrs/resolver-binding-linux-arm-musleabihf': [ '1.11.1' ],
1994 silly audit   '@unrs/resolver-binding-linux-arm64-gnu': [ '1.11.1' ],
1994 silly audit   '@unrs/resolver-binding-linux-arm64-musl': [ '1.11.1' ],
1994 silly audit   '@unrs/resolver-binding-linux-ppc64-gnu': [ '1.11.1' ],
1994 silly audit   '@unrs/resolver-binding-linux-riscv64-gnu': [ '1.11.1' ],
1994 silly audit   '@unrs/resolver-binding-linux-riscv64-musl': [ '1.11.1' ],
1994 silly audit   '@unrs/resolver-binding-linux-s390x-gnu': [ '1.11.1' ],
1994 silly audit   '@unrs/resolver-binding-linux-x64-gnu': [ '1.11.1' ],
1994 silly audit   '@unrs/resolver-binding-linux-x64-musl': [ '1.11.1' ],
1994 silly audit   '@unrs/resolver-binding-wasm32-wasi': [ '1.11.1' ],
1994 silly audit   '@unrs/resolver-binding-win32-arm64-msvc': [ '1.11.1' ],
1994 silly audit   '@unrs/resolver-binding-win32-ia32-msvc': [ '1.11.1' ],
1994 silly audit   '@unrs/resolver-binding-win32-x64-msvc': [ '1.11.1' ],
1994 silly audit   'napi-postinstall': [ '0.3.4' ],
1994 silly audit   '@napi-rs/wasm-runtime': [ '0.2.12' ],
1994 silly audit   '@emnapi/core': [ '1.10.0' ],
1994 silly audit   '@tybys/wasm-util': [ '0.10.1' ],
1994 silly audit   '@emnapi/wasi-threads': [ '1.2.1' ],
1994 silly audit   punycode: [ '2.3.1' ],
1994 silly audit   isexe: [ '2.0.0' ],
1994 silly audit   'is-bigint': [ '1.1.0' ],
1994 silly audit   'is-boolean-object': [ '1.2.2' ],
1994 silly audit   'is-number-object': [ '1.1.1' ],
1994 silly audit   'is-async-function': [ '2.1.1' ],
1994 silly audit   'is-finalizationregistry': [ '1.1.1' ],
1994 silly audit   'is-generator-function': [ '1.1.2' ],
1994 silly audit   'which-collection': [ '1.0.2' ],
1994 silly audit   'async-function': [ '1.0.0' ],
1994 silly audit   'generator-function': [ '2.0.1' ],
1994 silly audit   'is-map': [ '2.0.3' ],
1994 silly audit   'is-weakmap': [ '2.0.2' ],
1994 silly audit   'is-weakset': [ '2.0.4' ]
1994 silly audit }
1995 http cache is-weakmap@https://registry.npmjs.org/is-weakmap/-/is-weakmap-2.0.2.tgz 0ms (cache hit)
1996 http cache is-map@https://registry.npmjs.org/is-map/-/is-map-2.0.3.tgz 0ms (cache hit)
1997 http cache is-weakset@https://registry.npmjs.org/is-weakset/-/is-weakset-2.0.4.tgz 0ms (cache hit)
1998 http cache generator-function@https://registry.npmjs.org/generator-function/-/generator-function-2.0.1.tgz 0ms (cache hit)
1999 http cache async-function@https://registry.npmjs.org/async-function/-/async-function-1.0.0.tgz 0ms (cache hit)
2000 http cache which-collection@https://registry.npmjs.org/which-collection/-/which-collection-1.0.2.tgz 0ms (cache hit)
2001 http cache is-finalizationregistry@https://registry.npmjs.org/is-finalizationregistry/-/is-finalizationregistry-1.1.1.tgz 0ms (cache hit)
2002 http cache is-generator-function@https://registry.npmjs.org/is-generator-function/-/is-generator-function-1.1.2.tgz 0ms (cache hit)
2003 http cache is-async-function@https://registry.npmjs.org/is-async-function/-/is-async-function-2.1.1.tgz 0ms (cache hit)
2004 http cache is-number-object@https://registry.npmjs.org/is-number-object/-/is-number-object-1.1.1.tgz 0ms (cache hit)
2005 http cache is-bigint@https://registry.npmjs.org/is-bigint/-/is-bigint-1.1.0.tgz 0ms (cache hit)
2006 http cache isexe@https://registry.npmjs.org/isexe/-/isexe-2.0.0.tgz 0ms (cache hit)
2007 http cache punycode@https://registry.npmjs.org/punycode/-/punycode-2.3.1.tgz 0ms (cache hit)
2008 http cache is-boolean-object@https://registry.npmjs.org/is-boolean-object/-/is-boolean-object-1.2.2.tgz 0ms (cache hit)
2009 http cache napi-postinstall@https://registry.npmjs.org/napi-postinstall/-/napi-postinstall-0.3.4.tgz 0ms (cache hit)
2010 http cache which-boxed-primitive@https://registry.npmjs.org/which-boxed-primitive/-/which-boxed-primitive-1.1.1.tgz 0ms (cache hit)
2011 http cache has-bigints@https://registry.npmjs.org/has-bigints/-/has-bigints-1.1.0.tgz 0ms (cache hit)
2012 http cache which-builtin-type@https://registry.npmjs.org/which-builtin-type/-/which-builtin-type-1.2.1.tgz 0ms (cache hit)
2013 http cache @unrs/resolver-binding-darwin-arm64@https://registry.npmjs.org/@unrs/resolver-binding-darwin-arm64/-/resolver-binding-darwin-arm64-1.11.1.tgz 0ms (cache hit)
2014 http cache reflect.getprototypeof@https://registry.npmjs.org/reflect.getprototypeof/-/reflect.getprototypeof-1.0.10.tgz 0ms (cache hit)
2015 http cache strip-bom@https://registry.npmjs.org/strip-bom/-/strip-bom-3.0.0.tgz 0ms (cache hit)
2016 http cache minimist@https://registry.npmjs.org/minimist/-/minimist-1.2.8.tgz 0ms (cache hit)
2017 http cache json5@https://registry.npmjs.org/json5/-/json5-1.0.2.tgz 0ms (cache hit)
2018 http cache for-each@https://registry.npmjs.org/for-each/-/for-each-0.3.5.tgz 0ms (cache hit)
2019 http cache @types/json5@https://registry.npmjs.org/@types/json5/-/json5-0.0.29.tgz 0ms (cache hit)
2020 http cache is-number@https://registry.npmjs.org/is-number/-/is-number-7.0.0.tgz 0ms (cache hit)
2021 http cache is-arrayish@https://registry.npmjs.org/is-arrayish/-/is-arrayish-0.3.4.tgz 0ms (cache hit)
2022 http cache side-channel-weakmap@https://registry.npmjs.org/side-channel-weakmap/-/side-channel-weakmap-1.0.2.tgz 0ms (cache hit)
2023 http cache client-only@https://registry.npmjs.org/client-only/-/client-only-0.0.1.tgz 0ms (cache hit)
2024 http cache has-flag@https://registry.npmjs.org/has-flag/-/has-flag-4.0.0.tgz 0ms (cache hit)
2025 http cache side-channel-map@https://registry.npmjs.org/side-channel-map/-/side-channel-map-1.0.1.tgz 0ms (cache hit)
2026 http cache side-channel-list@https://registry.npmjs.org/side-channel-list/-/side-channel-list-1.0.1.tgz 0ms (cache hit)
2027 http cache shebang-regex@https://registry.npmjs.org/shebang-regex/-/shebang-regex-3.0.0.tgz 0ms (cache hit)
2028 http cache color-string@https://registry.npmjs.org/color-string/-/color-string-1.9.1.tgz 0ms (cache hit)
2029 http cache @emnapi/runtime@https://registry.npmjs.org/@emnapi/runtime/-/runtime-1.10.0.tgz 0ms (cache hit)
2030 http cache simple-swizzle@https://registry.npmjs.org/simple-swizzle/-/simple-swizzle-0.2.4.tgz 0ms (cache hit)
2031 http cache detect-libc@https://registry.npmjs.org/detect-libc/-/detect-libc-2.1.2.tgz 0ms (cache hit)
2032 http cache color@https://registry.npmjs.org/color/-/color-4.2.3.tgz 0ms (cache hit)
2033 http cache @img/sharp-darwin-arm64@https://registry.npmjs.org/@img/sharp-darwin-arm64/-/sharp-darwin-arm64-0.33.5.tgz 0ms (cache hit)
2034 http cache supports-preserve-symlinks-flag@https://registry.npmjs.org/supports-preserve-symlinks-flag/-/supports-preserve-symlinks-flag-1.0.0.tgz 0ms (cache hit)
2035 http cache @img/sharp-libvips-darwin-arm64@https://registry.npmjs.org/@img/sharp-libvips-darwin-arm64/-/sharp-libvips-darwin-arm64-1.0.4.tgz 0ms (cache hit)
2036 http cache scheduler@https://registry.npmjs.org/scheduler/-/scheduler-0.23.2.tgz 0ms (cache hit)
2037 http cache node-exports-info@https://registry.npmjs.org/node-exports-info/-/node-exports-info-1.6.0.tgz 0ms (cache hit)
2038 http cache queue-microtask@https://registry.npmjs.org/queue-microtask/-/queue-microtask-1.2.3.tgz 0ms (cache hit)
2039 http cache isarray@https://registry.npmjs.org/isarray/-/isarray-2.0.5.tgz 0ms (cache hit)
2040 http cache react-is@https://registry.npmjs.org/react-is/-/react-is-16.13.1.tgz 0ms (cache hit)
2041 http cache loose-envify@https://registry.npmjs.org/loose-envify/-/loose-envify-1.4.0.tgz 0ms (cache hit)
2042 http cache js-tokens@https://registry.npmjs.org/js-tokens/-/js-tokens-4.0.0.tgz 0ms (cache hit)
2043 http cache object-assign@https://registry.npmjs.org/object-assign/-/object-assign-4.1.1.tgz 0ms (cache hit)
2044 http cache source-map-js@https://registry.npmjs.org/source-map-js/-/source-map-js-1.2.1.tgz 0ms (cache hit)
2045 http cache picocolors@https://registry.npmjs.org/picocolors/-/picocolors-1.1.1.tgz 0ms (cache hit)
2046 http cache nanoid@https://registry.npmjs.org/nanoid/-/nanoid-3.3.11.tgz 0ms (cache hit)
2047 http cache callsites@https://registry.npmjs.org/callsites/-/callsites-3.1.0.tgz 0ms (cache hit)
2048 http cache word-wrap@https://registry.npmjs.org/word-wrap/-/word-wrap-1.2.5.tgz 0ms (cache hit)
2049 http cache p-limit@https://registry.npmjs.org/p-limit/-/p-limit-3.1.0.tgz 0ms (cache hit)
2050 http cache yocto-queue@https://registry.npmjs.org/yocto-queue/-/yocto-queue-0.1.0.tgz 0ms (cache hit)
2051 http cache deep-is@https://registry.npmjs.org/deep-is/-/deep-is-0.1.4.tgz 0ms (cache hit)
2052 http cache fast-levenshtein@https://registry.npmjs.org/fast-levenshtein/-/fast-levenshtein-2.0.6.tgz 0ms (cache hit)
2053 http cache tslib@https://registry.npmjs.org/tslib/-/tslib-2.8.1.tgz 0ms (cache hit)
2054 http cache postcss@https://registry.npmjs.org/postcss/-/postcss-8.4.31.tgz 0ms (cache hit)
2055 http cache streamsearch@https://registry.npmjs.org/streamsearch/-/streamsearch-1.1.0.tgz 0ms (cache hit)
2056 http cache styled-jsx@https://registry.npmjs.org/styled-jsx/-/styled-jsx-5.1.6.tgz 0ms (cache hit)
2057 http cache busboy@https://registry.npmjs.org/busboy/-/busboy-1.6.0.tgz 0ms (cache hit)
2058 http cache @swc/counter@https://registry.npmjs.org/@swc/counter/-/counter-0.1.3.tgz 0ms (cache hit)
2059 http cache @swc/helpers@https://registry.npmjs.org/@swc/helpers/-/helpers-0.5.13.tgz 0ms (cache hit)
2060 http cache concat-map@https://registry.npmjs.org/concat-map/-/concat-map-0.0.1.tgz 0ms (cache hit)
2061 http cache @next/env@https://registry.npmjs.org/@next/env/-/env-15.0.3.tgz 0ms (cache hit)
2062 http cache @next/swc-darwin-arm64@https://registry.npmjs.org/@next/swc-darwin-arm64/-/swc-darwin-arm64-15.0.3.tgz 0ms (cache hit)
2063 http cache balanced-match@https://registry.npmjs.org/balanced-match/-/balanced-match-1.0.2.tgz 0ms (cache hit)
2064 http cache brace-expansion@https://registry.npmjs.org/brace-expansion/-/brace-expansion-1.1.14.tgz 0ms (cache hit)
2065 http cache to-regex-range@https://registry.npmjs.org/to-regex-range/-/to-regex-range-5.0.1.tgz 0ms (cache hit)
2066 http cache fill-range@https://registry.npmjs.org/fill-range/-/fill-range-7.1.1.tgz 0ms (cache hit)
2067 http cache p-locate@https://registry.npmjs.org/p-locate/-/p-locate-5.0.0.tgz 0ms (cache hit)
2068 http cache braces@https://registry.npmjs.org/braces/-/braces-3.0.3.tgz 0ms (cache hit)
2069 http cache picomatch@https://registry.npmjs.org/picomatch/-/picomatch-2.3.2.tgz 0ms (cache hit)
2070 http cache type-check@https://registry.npmjs.org/type-check/-/type-check-0.4.0.tgz 0ms (cache hit)
2071 http cache caniuse-lite@https://registry.npmjs.org/caniuse-lite/-/caniuse-lite-1.0.30001788.tgz 0ms (cache hit)
2072 http cache json-buffer@https://registry.npmjs.org/json-buffer/-/json-buffer-3.0.1.tgz 0ms (cache hit)
2073 http cache language-subtag-registry@https://registry.npmjs.org/language-subtag-registry/-/language-subtag-registry-0.3.23.tgz 0ms (cache hit)
2074 http cache prelude-ls@https://registry.npmjs.org/prelude-ls/-/prelude-ls-1.2.1.tgz 0ms (cache hit)
2075 http cache argparse@https://registry.npmjs.org/argparse/-/argparse-2.0.1.tgz 0ms (cache hit)
2076 http cache path-parse@https://registry.npmjs.org/path-parse/-/path-parse-1.0.7.tgz 0ms (cache hit)
2077 http cache side-channel@https://registry.npmjs.org/side-channel/-/side-channel-1.1.0.tgz 0ms (cache hit)
2078 http cache resolve-from@https://registry.npmjs.org/resolve-from/-/resolve-from-4.0.0.tgz 0ms (cache hit)
2079 http cache sharp@https://registry.npmjs.org/sharp/-/sharp-0.33.5.tgz 0ms (cache hit)
2080 http cache is-extglob@https://registry.npmjs.org/is-extglob/-/is-extglob-2.1.1.tgz 0ms (cache hit)
2081 http cache set-function-name@https://registry.npmjs.org/set-function-name/-/set-function-name-2.0.2.tgz 0ms (cache hit)
2082 http cache parent-module@https://registry.npmjs.org/parent-module/-/parent-module-1.0.1.tgz 0ms (cache hit)
2083 http cache dunder-proto@https://registry.npmjs.org/dunder-proto/-/dunder-proto-1.0.1.tgz 0ms (cache hit)
2084 http cache functions-have-names@https://registry.npmjs.org/functions-have-names/-/functions-have-names-1.2.3.tgz 0ms (cache hit)
2085 http cache flatted@https://registry.npmjs.org/flatted/-/flatted-3.4.2.tgz 0ms (cache hit)
2086 http cache keyv@https://registry.npmjs.org/keyv/-/keyv-4.5.4.tgz 0ms (cache hit)
2087 http cache path-exists@https://registry.npmjs.org/path-exists/-/path-exists-4.0.0.tgz 0ms (cache hit)
2088 http cache flat-cache@https://registry.npmjs.org/flat-cache/-/flat-cache-4.0.1.tgz 0ms (cache hit)
2089 http cache resolve-pkg-maps@https://registry.npmjs.org/resolve-pkg-maps/-/resolve-pkg-maps-1.0.0.tgz 0ms (cache hit)
2090 http cache locate-path@https://registry.npmjs.org/locate-path/-/locate-path-6.0.0.tgz 0ms (cache hit)
2091 http cache reusify@https://registry.npmjs.org/reusify/-/reusify-1.1.0.tgz 0ms (cache hit)
2092 http cache run-parallel@https://registry.npmjs.org/run-parallel/-/run-parallel-1.2.0.tgz 0ms (cache hit)
2093 http cache fastq@https://registry.npmjs.org/fastq/-/fastq-1.20.1.tgz 0ms (cache hit)
2094 http cache @nodelib/fs.walk@https://registry.npmjs.org/@nodelib/fs.walk/-/fs.walk-1.2.8.tgz 0ms (cache hit)
2095 http cache @nodelib/fs.stat@https://registry.npmjs.org/@nodelib/fs.stat/-/fs.stat-2.0.5.tgz 0ms (cache hit)
2096 http cache acorn-jsx@https://registry.npmjs.org/acorn-jsx/-/acorn-jsx-5.3.2.tgz 0ms (cache hit)
2097 http cache merge2@https://registry.npmjs.org/merge2/-/merge2-1.4.1.tgz 0ms (cache hit)
2098 http cache micromatch@https://registry.npmjs.org/micromatch/-/micromatch-4.0.8.tgz 0ms (cache hit)
2099 http cache acorn@https://registry.npmjs.org/acorn/-/acorn-8.16.0.tgz 0ms (cache hit)
2100 http cache @nodelib/fs.scandir@https://registry.npmjs.org/@nodelib/fs.scandir/-/fs.scandir-2.1.5.tgz 0ms (cache hit)
2101 http cache prop-types@https://registry.npmjs.org/prop-types/-/prop-types-15.8.1.tgz 0ms (cache hit)
2102 http cache string.prototype.repeat@https://registry.npmjs.org/string.prototype.repeat/-/string.prototype.repeat-1.0.0.tgz 0ms (cache hit)
2103 http cache estraverse@https://registry.npmjs.org/estraverse/-/estraverse-5.3.0.tgz 0ms (cache hit)
2104 http cache esrecurse@https://registry.npmjs.org/esrecurse/-/esrecurse-4.3.0.tgz 0ms (cache hit)
2105 http cache iterator.prototype@https://registry.npmjs.org/iterator.prototype/-/iterator.prototype-1.1.5.tgz 0ms (cache hit)
2106 http cache object.entries@https://registry.npmjs.org/object.entries/-/object.entries-1.1.9.tgz 0ms (cache hit)
2107 http cache array.prototype.findlast@https://registry.npmjs.org/array.prototype.findlast/-/array.prototype.findlast-1.2.5.tgz 0ms (cache hit)
2108 http cache string.prototype.includes@https://registry.npmjs.org/string.prototype.includes/-/string.prototype.includes-2.0.1.tgz 0ms (cache hit)
2109 http cache es-iterator-helpers@https://registry.npmjs.org/es-iterator-helpers/-/es-iterator-helpers-1.3.2.tgz 0ms (cache hit)
2110 http cache language-tags@https://registry.npmjs.org/language-tags/-/language-tags-1.0.9.tgz 0ms (cache hit)
2111 http cache emoji-regex@https://registry.npmjs.org/emoji-regex/-/emoji-regex-9.2.2.tgz 0ms (cache hit)
2112 http cache axe-core@https://registry.npmjs.org/axe-core/-/axe-core-4.11.3.tgz 0ms (cache hit)
2113 http cache jsx-ast-utils@https://registry.npmjs.org/jsx-ast-utils/-/jsx-ast-utils-3.3.5.tgz 0ms (cache hit)
2114 http cache string.prototype.matchall@https://registry.npmjs.org/string.prototype.matchall/-/string.prototype.matchall-4.0.12.tgz 0ms (cache hit)
2115 http cache damerau-levenshtein@https://registry.npmjs.org/damerau-levenshtein/-/damerau-levenshtein-1.0.8.tgz 0ms (cache hit)
2116 http cache array.prototype.tosorted@https://registry.npmjs.org/array.prototype.tosorted/-/array.prototype.tosorted-1.1.4.tgz 0ms (cache hit)
2117 http cache axobject-query@https://registry.npmjs.org/axobject-query/-/axobject-query-4.1.0.tgz 0ms (cache hit)
2118 http cache ast-types-flow@https://registry.npmjs.org/ast-types-flow/-/ast-types-flow-0.0.8.tgz 0ms (cache hit)
2119 http cache is-symbol@https://registry.npmjs.org/is-symbol/-/is-symbol-1.1.1.tgz 0ms (cache hit)
2120 http cache aria-query@https://registry.npmjs.org/aria-query/-/aria-query-5.3.2.tgz 0ms (cache hit)
2121 http cache has-tostringtag@https://registry.npmjs.org/has-tostringtag/-/has-tostringtag-1.0.2.tgz 0ms (cache hit)
2122 http cache possible-typed-array-names@https://registry.npmjs.org/possible-typed-array-names/-/possible-typed-array-names-1.1.0.tgz 0ms (cache hit)
2123 http cache is-date-object@https://registry.npmjs.org/is-date-object/-/is-date-object-1.1.0.tgz 0ms (cache hit)
2124 http cache typed-array-length@https://registry.npmjs.org/typed-array-length/-/typed-array-length-1.0.7.tgz 0ms (cache hit)
2125 http cache which-typed-array@https://registry.npmjs.org/which-typed-array/-/which-typed-array-1.1.20.tgz 0ms (cache hit)
2126 http cache unbox-primitive@https://registry.npmjs.org/unbox-primitive/-/unbox-primitive-1.1.0.tgz 0ms (cache hit)
2127 http cache typed-array-byte-length@https://registry.npmjs.org/typed-array-byte-length/-/typed-array-byte-length-1.0.3.tgz 0ms (cache hit)
2128 http cache typed-array-buffer@https://registry.npmjs.org/typed-array-buffer/-/typed-array-buffer-1.0.3.tgz 0ms (cache hit)
2129 http cache typed-array-byte-offset@https://registry.npmjs.org/typed-array-byte-offset/-/typed-array-byte-offset-1.0.4.tgz 0ms (cache hit)
2130 http cache string.prototype.trim@https://registry.npmjs.org/string.prototype.trim/-/string.prototype.trim-1.2.10.tgz 0ms (cache hit)
2131 http cache set-proto@https://registry.npmjs.org/set-proto/-/set-proto-1.0.0.tgz 0ms (cache hit)
2132 http cache string.prototype.trimstart@https://registry.npmjs.org/string.prototype.trimstart/-/string.prototype.trimstart-1.0.8.tgz 0ms (cache hit)
2133 http cache stop-iteration-iterator@https://registry.npmjs.org/stop-iteration-iterator/-/stop-iteration-iterator-1.1.0.tgz 0ms (cache hit)
2134 http cache safe-array-concat@https://registry.npmjs.org/safe-array-concat/-/safe-array-concat-1.1.4.tgz 0ms (cache hit)
2135 http cache safe-regex-test@https://registry.npmjs.org/safe-regex-test/-/safe-regex-test-1.1.0.tgz 0ms (cache hit)
2136 http cache safe-push-apply@https://registry.npmjs.org/safe-push-apply/-/safe-push-apply-1.0.0.tgz 0ms (cache hit)
2137 http cache own-keys@https://registry.npmjs.org/own-keys/-/own-keys-1.0.1.tgz 0ms (cache hit)
2138 http cache regexp.prototype.flags@https://registry.npmjs.org/regexp.prototype.flags/-/regexp.prototype.flags-1.5.4.tgz 0ms (cache hit)
2139 http cache object-inspect@https://registry.npmjs.org/object-inspect/-/object-inspect-1.13.4.tgz 0ms (cache hit)
2140 http cache is-weakref@https://registry.npmjs.org/is-weakref/-/is-weakref-1.1.1.tgz 0ms (cache hit)
2141 http cache is-typed-array@https://registry.npmjs.org/is-typed-array/-/is-typed-array-1.1.15.tgz 0ms (cache hit)
2142 http cache is-shared-array-buffer@https://registry.npmjs.org/is-shared-array-buffer/-/is-shared-array-buffer-1.0.4.tgz 0ms (cache hit)
2143 http cache is-set@https://registry.npmjs.org/is-set/-/is-set-2.0.3.tgz 0ms (cache hit)
2144 http cache is-callable@https://registry.npmjs.org/is-callable/-/is-callable-1.2.7.tgz 0ms (cache hit)
2145 http cache is-negative-zero@https://registry.npmjs.org/is-negative-zero/-/is-negative-zero-2.0.3.tgz 0ms (cache hit)
2146 http cache is-array-buffer@https://registry.npmjs.org/is-array-buffer/-/is-array-buffer-3.0.5.tgz 0ms (cache hit)
2147 http cache is-regex@https://registry.npmjs.org/is-regex/-/is-regex-1.2.1.tgz 0ms (cache hit)
2148 http cache internal-slot@https://registry.npmjs.org/internal-slot/-/internal-slot-1.1.0.tgz 0ms (cache hit)
2149 http cache has-proto@https://registry.npmjs.org/has-proto/-/has-proto-1.2.0.tgz 0ms (cache hit)
2150 http cache is-data-view@https://registry.npmjs.org/is-data-view/-/is-data-view-1.0.2.tgz 0ms (cache hit)
2151 http cache has-symbols@https://registry.npmjs.org/has-symbols/-/has-symbols-1.1.0.tgz 0ms (cache hit)
2152 http cache globalthis@https://registry.npmjs.org/globalthis/-/globalthis-1.0.4.tgz 0ms (cache hit)
2153 http cache object.assign@https://registry.npmjs.org/object.assign/-/object.assign-4.1.7.tgz 0ms (cache hit)
2154 http cache get-proto@https://registry.npmjs.org/get-proto/-/get-proto-1.0.1.tgz 0ms (cache hit)
2155 http cache function.prototype.name@https://registry.npmjs.org/function.prototype.name/-/function.prototype.name-1.1.8.tgz 0ms (cache hit)
2156 http cache es-to-primitive@https://registry.npmjs.org/es-to-primitive/-/es-to-primitive-1.3.0.tgz 0ms (cache hit)
2157 http cache data-view-byte-offset@https://registry.npmjs.org/data-view-byte-offset/-/data-view-byte-offset-1.0.1.tgz 0ms (cache hit)
2158 http cache data-view-buffer@https://registry.npmjs.org/data-view-buffer/-/data-view-buffer-1.0.2.tgz 0ms (cache hit)
2159 http cache available-typed-arrays@https://registry.npmjs.org/available-typed-arrays/-/available-typed-arrays-1.0.7.tgz 0ms (cache hit)
2160 http cache data-view-byte-length@https://registry.npmjs.org/data-view-byte-length/-/data-view-byte-length-1.0.2.tgz 0ms (cache hit)
2161 http cache array-buffer-byte-length@https://registry.npmjs.org/array-buffer-byte-length/-/array-buffer-byte-length-1.0.2.tgz 0ms (cache hit)
2162 http cache define-data-property@https://registry.npmjs.org/define-data-property/-/define-data-property-1.1.4.tgz 0ms (cache hit)
2163 http cache object-keys@https://registry.npmjs.org/object-keys/-/object-keys-1.1.1.tgz 0ms (cache hit)
2164 http cache function-bind@https://registry.npmjs.org/function-bind/-/function-bind-1.1.2.tgz 0ms (cache hit)
2165 http cache gopd@https://registry.npmjs.org/gopd/-/gopd-1.2.0.tgz 0ms (cache hit)
2166 http cache has-property-descriptors@https://registry.npmjs.org/has-property-descriptors/-/has-property-descriptors-1.0.2.tgz 0ms (cache hit)
2167 http cache arraybuffer.prototype.slice@https://registry.npmjs.org/arraybuffer.prototype.slice/-/arraybuffer.prototype.slice-1.0.4.tgz 0ms (cache hit)
2168 http cache es-define-property@https://registry.npmjs.org/es-define-property/-/es-define-property-1.0.1.tgz 0ms (cache hit)
2169 http cache es-shim-unscopables@https://registry.npmjs.org/es-shim-unscopables/-/es-shim-unscopables-1.1.0.tgz 0ms (cache hit)
2170 http cache set-function-length@https://registry.npmjs.org/set-function-length/-/set-function-length-1.2.2.tgz 0ms (cache hit)
2171 http cache call-bind-apply-helpers@https://registry.npmjs.org/call-bind-apply-helpers/-/call-bind-apply-helpers-1.0.2.tgz 0ms (cache hit)
2172 http cache is-string@https://registry.npmjs.org/is-string/-/is-string-1.1.1.tgz 0ms (cache hit)
2173 http cache es-object-atoms@https://registry.npmjs.org/es-object-atoms/-/es-object-atoms-1.1.1.tgz 0ms (cache hit)
2174 http cache get-intrinsic@https://registry.npmjs.org/get-intrinsic/-/get-intrinsic-1.3.0.tgz 0ms (cache hit)
2175 http cache math-intrinsics@https://registry.npmjs.org/math-intrinsics/-/math-intrinsics-1.1.0.tgz 0ms (cache hit)
2176 http cache es-abstract@https://registry.npmjs.org/es-abstract/-/es-abstract-1.24.2.tgz 0ms (cache hit)
2177 http cache call-bound@https://registry.npmjs.org/call-bound/-/call-bound-1.0.4.tgz 0ms (cache hit)
2178 http cache call-bind@https://registry.npmjs.org/call-bind/-/call-bind-1.0.9.tgz 0ms (cache hit)
2179 http cache tsconfig-paths@https://registry.npmjs.org/tsconfig-paths/-/tsconfig-paths-3.15.0.tgz 0ms (cache hit)
2180 http cache define-properties@https://registry.npmjs.org/define-properties/-/define-properties-1.2.1.tgz 0ms (cache hit)
2181 http cache string.prototype.trimend@https://registry.npmjs.org/string.prototype.trimend/-/string.prototype.trimend-1.0.9.tgz 0ms (cache hit)
2182 http cache object.groupby@https://registry.npmjs.org/object.groupby/-/object.groupby-1.0.3.tgz 0ms (cache hit)
2183 http cache object.values@https://registry.npmjs.org/object.values/-/object.values-1.2.1.tgz 0ms (cache hit)
2184 http cache object.fromentries@https://registry.npmjs.org/object.fromentries/-/object.fromentries-2.0.8.tgz 0ms (cache hit)
2185 http cache hasown@https://registry.npmjs.org/hasown/-/hasown-2.0.3.tgz 0ms (cache hit)
2186 http cache eslint-module-utils@https://registry.npmjs.org/eslint-module-utils/-/eslint-module-utils-2.12.1.tgz 0ms (cache hit)
2187 http cache array.prototype.flatmap@https://registry.npmjs.org/array.prototype.flatmap/-/array.prototype.flatmap-1.3.3.tgz 0ms (cache hit)
2188 http cache array.prototype.flat@https://registry.npmjs.org/array.prototype.flat/-/array.prototype.flat-1.3.3.tgz 0ms (cache hit)
2189 http cache doctrine@https://registry.npmjs.org/doctrine/-/doctrine-2.1.0.tgz 0ms (cache hit)
2190 http cache array.prototype.findlastindex@https://registry.npmjs.org/array.prototype.findlastindex/-/array.prototype.findlastindex-1.2.6.tgz 0ms (cache hit)
2191 http cache array-includes@https://registry.npmjs.org/array-includes/-/array-includes-3.1.9.tgz 0ms (cache hit)
2192 http cache @rtsao/scc@https://registry.npmjs.org/@rtsao/scc/-/scc-1.1.0.tgz 0ms (cache hit)
2193 http cache unrs-resolver@https://registry.npmjs.org/unrs-resolver/-/unrs-resolver-1.11.1.tgz 0ms (cache hit)
2194 http cache es-errors@https://registry.npmjs.org/es-errors/-/es-errors-1.3.0.tgz 0ms (cache hit)
2195 http cache stable-hash@https://registry.npmjs.org/stable-hash/-/stable-hash-0.0.5.tgz 0ms (cache hit)
2196 http cache get-symbol-description@https://registry.npmjs.org/get-symbol-description/-/get-symbol-description-1.1.0.tgz 0ms (cache hit)
2197 http cache get-tsconfig@https://registry.npmjs.org/get-tsconfig/-/get-tsconfig-4.14.0.tgz 0ms (cache hit)
2198 http cache is-bun-module@https://registry.npmjs.org/is-bun-module/-/is-bun-module-2.0.0.tgz 0ms (cache hit)
2199 http cache resolve@https://registry.npmjs.org/resolve/-/resolve-2.0.0-next.6.tgz 0ms (cache hit)
2200 http cache is-core-module@https://registry.npmjs.org/is-core-module/-/is-core-module-2.16.1.tgz 0ms (cache hit)
2201 http cache @nolyfill/is-core-module@https://registry.npmjs.org/@nolyfill/is-core-module/-/is-core-module-1.0.39.tgz 0ms (cache hit)
2202 http cache tinyglobby@https://registry.npmjs.org/tinyglobby/-/tinyglobby-0.2.16.tgz 0ms (cache hit)
2203 http cache @typescript-eslint/tsconfig-utils@https://registry.npmjs.org/@typescript-eslint/tsconfig-utils/-/tsconfig-utils-8.59.0.tgz 0ms (cache hit)
2204 http cache semver@https://registry.npmjs.org/semver/-/semver-7.7.4.tgz 0ms (cache hit)
2205 http cache @typescript-eslint/project-service@https://registry.npmjs.org/@typescript-eslint/project-service/-/project-service-8.59.0.tgz 0ms (cache hit)
2206 http cache @typescript-eslint/typescript-estree@https://registry.npmjs.org/@typescript-eslint/typescript-estree/-/typescript-estree-8.59.0.tgz 0ms (cache hit)
2207 http cache @typescript-eslint/types@https://registry.npmjs.org/@typescript-eslint/types/-/types-8.59.0.tgz 0ms (cache hit)
2208 http cache ts-api-utils@https://registry.npmjs.org/ts-api-utils/-/ts-api-utils-2.5.0.tgz 0ms (cache hit)
2209 http cache @typescript-eslint/type-utils@https://registry.npmjs.org/@typescript-eslint/type-utils/-/type-utils-8.59.0.tgz 0ms (cache hit)
2210 http cache @typescript-eslint/utils@https://registry.npmjs.org/@typescript-eslint/utils/-/utils-8.59.0.tgz 0ms (cache hit)
2211 http cache eslint-plugin-react-hooks@https://registry.npmjs.org/eslint-plugin-react-hooks/-/eslint-plugin-react-hooks-5.2.0.tgz 0ms (cache hit)
2212 http cache @typescript-eslint/visitor-keys@https://registry.npmjs.org/@typescript-eslint/visitor-keys/-/visitor-keys-8.59.0.tgz 0ms (cache hit)
2213 http cache @typescript-eslint/scope-manager@https://registry.npmjs.org/@typescript-eslint/scope-manager/-/scope-manager-8.59.0.tgz 0ms (cache hit)
2214 http cache eslint-plugin-jsx-a11y@https://registry.npmjs.org/eslint-plugin-jsx-a11y/-/eslint-plugin-jsx-a11y-6.10.2.tgz 0ms (cache hit)
2215 http cache es-set-tostringtag@https://registry.npmjs.org/es-set-tostringtag/-/es-set-tostringtag-2.1.0.tgz 0ms (cache hit)
2216 http cache eslint-plugin-react@https://registry.npmjs.org/eslint-plugin-react/-/eslint-plugin-react-7.37.5.tgz 0ms (cache hit)
2217 http cache eslint-import-resolver-node@https://registry.npmjs.org/eslint-import-resolver-node/-/eslint-import-resolver-node-0.3.10.tgz 0ms (cache hit)
2218 http cache eslint-import-resolver-typescript@https://registry.npmjs.org/eslint-import-resolver-typescript/-/eslint-import-resolver-typescript-3.10.1.tgz 0ms (cache hit)
2219 http cache @typescript-eslint/eslint-plugin@https://registry.npmjs.org/@typescript-eslint/eslint-plugin/-/eslint-plugin-8.59.0.tgz 0ms (cache hit)
2220 http cache @typescript-eslint/parser@https://registry.npmjs.org/@typescript-eslint/parser/-/parser-8.59.0.tgz 0ms (cache hit)
2221 http cache @rushstack/eslint-patch@https://registry.npmjs.org/@rushstack/eslint-patch/-/eslint-patch-1.16.1.tgz 0ms (cache hit)
2222 http cache @next/eslint-plugin-next@https://registry.npmjs.org/@next/eslint-plugin-next/-/eslint-plugin-next-15.0.3.tgz 0ms (cache hit)
2223 http cache ms@https://registry.npmjs.org/ms/-/ms-2.1.3.tgz 0ms (cache hit)
2224 http cache which@https://registry.npmjs.org/which/-/which-2.0.2.tgz 0ms (cache hit)
2225 http cache path-key@https://registry.npmjs.org/path-key/-/path-key-3.1.1.tgz 0ms (cache hit)
2226 http cache shebang-command@https://registry.npmjs.org/shebang-command/-/shebang-command-2.0.0.tgz 0ms (cache hit)
2227 http cache color-convert@https://registry.npmjs.org/color-convert/-/color-convert-2.0.1.tgz 0ms (cache hit)
2228 http cache color-name@https://registry.npmjs.org/color-name/-/color-name-1.1.4.tgz 0ms (cache hit)
2229 http cache supports-color@https://registry.npmjs.org/supports-color/-/supports-color-7.2.0.tgz 0ms (cache hit)
2230 http cache ansi-styles@https://registry.npmjs.org/ansi-styles/-/ansi-styles-4.3.0.tgz 0ms (cache hit)
2231 http cache fast-json-stable-stringify@https://registry.npmjs.org/fast-json-stable-stringify/-/fast-json-stable-stringify-2.1.0.tgz 0ms (cache hit)
2232 http cache uri-js@https://registry.npmjs.org/uri-js/-/uri-js-4.4.1.tgz 0ms (cache hit)
2233 http cache json-schema-traverse@https://registry.npmjs.org/json-schema-traverse/-/json-schema-traverse-0.4.1.tgz 0ms (cache hit)
2234 http cache levn@https://registry.npmjs.org/levn/-/levn-0.4.1.tgz 0ms (cache hit)
2235 http cache @humanfs/types@https://registry.npmjs.org/@humanfs/types/-/types-0.15.0.tgz 0ms (cache hit)
2236 http cache strip-json-comments@https://registry.npmjs.org/strip-json-comments/-/strip-json-comments-3.1.1.tgz 0ms (cache hit)
2237 http cache js-yaml@https://registry.npmjs.org/js-yaml/-/js-yaml-4.1.1.tgz 0ms (cache hit)
2238 http cache @humanfs/core@https://registry.npmjs.org/@humanfs/core/-/core-0.19.2.tgz 0ms (cache hit)
2239 http cache globals@https://registry.npmjs.org/globals/-/globals-14.0.0.tgz 0ms (cache hit)
2240 http cache import-fresh@https://registry.npmjs.org/import-fresh/-/import-fresh-3.3.1.tgz 0ms (cache hit)
2241 http cache @eslint/object-schema@https://registry.npmjs.org/@eslint/object-schema/-/object-schema-2.1.7.tgz 0ms (cache hit)
2242 http cache optionator@https://registry.npmjs.org/optionator/-/optionator-0.9.4.tgz 0ms (cache hit)
2243 http cache text-table@https://registry.npmjs.org/text-table/-/text-table-0.2.0.tgz 0ms (cache hit)
2244 http cache natural-compare@https://registry.npmjs.org/natural-compare/-/natural-compare-1.4.0.tgz 0ms (cache hit)
2245 http cache lodash.merge@https://registry.npmjs.org/lodash.merge/-/lodash.merge-4.6.2.tgz 0ms (cache hit)
2246 http cache minimatch@https://registry.npmjs.org/minimatch/-/minimatch-3.1.5.tgz 0ms (cache hit)
2247 http cache eslint-plugin-import@https://registry.npmjs.org/eslint-plugin-import/-/eslint-plugin-import-2.32.0.tgz 0ms (cache hit)
2248 http cache json-stable-stringify-without-jsonify@https://registry.npmjs.org/json-stable-stringify-without-jsonify/-/json-stable-stringify-without-jsonify-1.0.1.tgz 0ms (cache hit)
2249 http cache glob-parent@https://registry.npmjs.org/glob-parent/-/glob-parent-6.0.2.tgz 0ms (cache hit)
2250 http cache imurmurhash@https://registry.npmjs.org/imurmurhash/-/imurmurhash-0.1.4.tgz 0ms (cache hit)
2251 http cache is-glob@https://registry.npmjs.org/is-glob/-/is-glob-4.0.3.tgz 0ms (cache hit)
2252 http cache find-up@https://registry.npmjs.org/find-up/-/find-up-5.0.0.tgz 0ms (cache hit)
2253 http cache esutils@https://registry.npmjs.org/esutils/-/esutils-2.0.3.tgz 0ms (cache hit)
2254 http cache esquery@https://registry.npmjs.org/esquery/-/esquery-1.7.0.tgz 0ms (cache hit)
2255 http cache file-entry-cache@https://registry.npmjs.org/file-entry-cache/-/file-entry-cache-8.0.0.tgz 0ms (cache hit)
2256 http cache fast-deep-equal@https://registry.npmjs.org/fast-deep-equal/-/fast-deep-equal-3.1.3.tgz 0ms (cache hit)
2257 http cache espree@https://registry.npmjs.org/espree/-/espree-10.4.0.tgz 0ms (cache hit)
2258 http cache eslint-visitor-keys@https://registry.npmjs.org/eslint-visitor-keys/-/eslint-visitor-keys-4.2.1.tgz 0ms (cache hit)
2259 http cache escape-string-regexp@https://registry.npmjs.org/escape-string-regexp/-/escape-string-regexp-4.0.0.tgz 0ms (cache hit)
2260 http cache debug@https://registry.npmjs.org/debug/-/debug-4.4.3.tgz 0ms (cache hit)
2261 http cache cross-spawn@https://registry.npmjs.org/cross-spawn/-/cross-spawn-7.0.6.tgz 0ms (cache hit)
2262 http cache chalk@https://registry.npmjs.org/chalk/-/chalk-4.1.2.tgz 0ms (cache hit)
2263 http cache ajv@https://registry.npmjs.org/ajv/-/ajv-6.14.0.tgz 0ms (cache hit)
2264 http cache @types/json-schema@https://registry.npmjs.org/@types/json-schema/-/json-schema-7.0.15.tgz 0ms (cache hit)
2265 http cache @types/estree@https://registry.npmjs.org/@types/estree/-/estree-1.0.8.tgz 0ms (cache hit)
2266 http cache @humanwhocodes/module-importer@https://registry.npmjs.org/@humanwhocodes/module-importer/-/module-importer-1.0.1.tgz 0ms (cache hit)
2267 http cache @humanfs/node@https://registry.npmjs.org/@humanfs/node/-/node-0.16.8.tgz 0ms (cache hit)
2268 http cache @humanwhocodes/retry@https://registry.npmjs.org/@humanwhocodes/retry/-/retry-0.4.3.tgz 0ms (cache hit)
2269 http cache @eslint/js@https://registry.npmjs.org/@eslint/js/-/js-9.14.0.tgz 0ms (cache hit)
2270 http cache @eslint/plugin-kit@https://registry.npmjs.org/@eslint/plugin-kit/-/plugin-kit-0.2.8.tgz 0ms (cache hit)
2271 http cache @eslint/eslintrc@https://registry.npmjs.org/@eslint/eslintrc/-/eslintrc-3.3.5.tgz 0ms (cache hit)
2272 http cache @eslint/core@https://registry.npmjs.org/@eslint/core/-/core-0.7.0.tgz 0ms (cache hit)
2273 http cache @eslint/config-array@https://registry.npmjs.org/@eslint/config-array/-/config-array-0.18.0.tgz 0ms (cache hit)
2274 http cache @eslint-community/regexpp@https://registry.npmjs.org/@eslint-community/regexpp/-/regexpp-4.12.2.tgz 0ms (cache hit)
2275 http cache csstype@https://registry.npmjs.org/csstype/-/csstype-3.2.3.tgz 0ms (cache hit)
2276 http cache @eslint-community/eslint-utils@https://registry.npmjs.org/@eslint-community/eslint-utils/-/eslint-utils-4.9.1.tgz 0ms (cache hit)
2277 http cache undici-types@https://registry.npmjs.org/undici-types/-/undici-types-6.19.8.tgz 0ms (cache hit)
2278 http cache typescript@https://registry.npmjs.org/typescript/-/typescript-5.6.3.tgz 0ms (cache hit)
2279 http cache @types/prop-types@https://registry.npmjs.org/@types/prop-types/-/prop-types-15.7.15.tgz 0ms (cache hit)
2280 http cache react-dom@https://registry.npmjs.org/react-dom/-/react-dom-18.3.1.tgz 0ms (cache hit)
2281 http cache react@https://registry.npmjs.org/react/-/react-18.3.1.tgz 0ms (cache hit)
2282 http cache eslint-config-next@https://registry.npmjs.org/eslint-config-next/-/eslint-config-next-15.0.3.tgz 0ms (cache hit)
2283 http cache lucide-react@https://registry.npmjs.org/lucide-react/-/lucide-react-0.462.0.tgz 0ms (cache hit)
2284 http cache next@https://registry.npmjs.org/next/-/next-15.0.3.tgz 0ms (cache hit)
2285 http cache eslint@https://registry.npmjs.org/eslint/-/eslint-9.14.0.tgz 0ms (cache hit)
2286 http cache @types/react-dom@https://registry.npmjs.org/@types/react-dom/-/react-dom-18.3.1.tgz 0ms (cache hit)
2287 http cache @types/node@https://registry.npmjs.org/@types/node/-/node-22.9.0.tgz 0ms (cache hit)
2288 http cache @types/react@https://registry.npmjs.org/@types/react/-/react-18.3.12.tgz 0ms (cache hit)
2289 http cache semver@https://registry.npmjs.org/semver/-/semver-6.3.1.tgz 0ms (cache hit)
2290 http cache debug@https://registry.npmjs.org/debug/-/debug-3.2.7.tgz 0ms (cache hit)
2291 http cache eslint-scope@https://registry.npmjs.org/eslint-scope/-/eslint-scope-8.4.0.tgz 0ms (cache hit)
2292 http cache picomatch@https://registry.npmjs.org/picomatch/-/picomatch-4.0.4.tgz 0ms (cache hit)
2293 http cache fdir@https://registry.npmjs.org/fdir/-/fdir-6.5.0.tgz 0ms (cache hit)
2294 http cache balanced-match@https://registry.npmjs.org/balanced-match/-/balanced-match-4.0.4.tgz 0ms (cache hit)
2295 http cache minimatch@https://registry.npmjs.org/minimatch/-/minimatch-10.2.5.tgz 0ms (cache hit)
2296 http cache ignore@https://registry.npmjs.org/ignore/-/ignore-5.3.2.tgz 0ms (cache hit)
2297 http cache eslint-visitor-keys@https://registry.npmjs.org/eslint-visitor-keys/-/eslint-visitor-keys-5.0.1.tgz 0ms (cache hit)
2298 http cache glob-parent@https://registry.npmjs.org/glob-parent/-/glob-parent-5.1.2.tgz 0ms (cache hit)
2299 http cache semver@https://registry.npmjs.org/semver/-/semver-6.3.1.tgz 0ms (cache hit)
2300 http cache semver@https://registry.npmjs.org/semver/-/semver-6.3.1.tgz 0ms (cache hit)
2301 http cache debug@https://registry.npmjs.org/debug/-/debug-3.2.7.tgz 0ms (cache hit)
2302 http cache debug@https://registry.npmjs.org/debug/-/debug-3.2.7.tgz 0ms (cache hit)
2303 http cache ignore@https://registry.npmjs.org/ignore/-/ignore-7.0.5.tgz 0ms (cache hit)
2304 http cache @eslint/core@https://registry.npmjs.org/@eslint/core/-/core-0.13.0.tgz 0ms (cache hit)
2305 http cache eslint-visitor-keys@https://registry.npmjs.org/eslint-visitor-keys/-/eslint-visitor-keys-3.4.3.tgz 0ms (cache hit)
2306 http cache brace-expansion@https://registry.npmjs.org/brace-expansion/-/brace-expansion-5.0.5.tgz 0ms (cache hit)
2307 http cache fast-glob@https://registry.npmjs.org/fast-glob/-/fast-glob-3.3.1.tgz 0ms (cache hit)
2308 silly tarball no local data for is-weakmap@https://registry.npmjs.org/is-weakmap/-/is-weakmap-2.0.2.tgz. Extracting by manifest.
2309 silly tarball no local data for is-map@https://registry.npmjs.org/is-map/-/is-map-2.0.3.tgz. Extracting by manifest.
2310 silly tarball no local data for is-weakset@https://registry.npmjs.org/is-weakset/-/is-weakset-2.0.4.tgz. Extracting by manifest.
2311 silly tarball no local data for generator-function@https://registry.npmjs.org/generator-function/-/generator-function-2.0.1.tgz. Extracting by manifest.
2312 silly tarball no local data for async-function@https://registry.npmjs.org/async-function/-/async-function-1.0.0.tgz. Extracting by manifest.
2313 silly tarball no local data for which-collection@https://registry.npmjs.org/which-collection/-/which-collection-1.0.2.tgz. Extracting by manifest.
2314 silly tarball no local data for is-finalizationregistry@https://registry.npmjs.org/is-finalizationregistry/-/is-finalizationregistry-1.1.1.tgz. Extracting by manifest.
2315 silly tarball no local data for is-generator-function@https://registry.npmjs.org/is-generator-function/-/is-generator-function-1.1.2.tgz. Extracting by manifest.
2316 silly tarball no local data for is-async-function@https://registry.npmjs.org/is-async-function/-/is-async-function-2.1.1.tgz. Extracting by manifest.
2317 silly tarball no local data for is-number-object@https://registry.npmjs.org/is-number-object/-/is-number-object-1.1.1.tgz. Extracting by manifest.
2318 silly tarball no local data for is-bigint@https://registry.npmjs.org/is-bigint/-/is-bigint-1.1.0.tgz. Extracting by manifest.
2319 silly tarball no local data for isexe@https://registry.npmjs.org/isexe/-/isexe-2.0.0.tgz. Extracting by manifest.
2320 silly tarball no local data for punycode@https://registry.npmjs.org/punycode/-/punycode-2.3.1.tgz. Extracting by manifest.
2321 silly tarball no local data for is-boolean-object@https://registry.npmjs.org/is-boolean-object/-/is-boolean-object-1.2.2.tgz. Extracting by manifest.
2322 silly tarball no local data for napi-postinstall@https://registry.npmjs.org/napi-postinstall/-/napi-postinstall-0.3.4.tgz. Extracting by manifest.
2323 silly tarball no local data for which-boxed-primitive@https://registry.npmjs.org/which-boxed-primitive/-/which-boxed-primitive-1.1.1.tgz. Extracting by manifest.
2324 silly tarball no local data for has-bigints@https://registry.npmjs.org/has-bigints/-/has-bigints-1.1.0.tgz. Extracting by manifest.
2325 silly tarball no local data for which-builtin-type@https://registry.npmjs.org/which-builtin-type/-/which-builtin-type-1.2.1.tgz. Extracting by manifest.
2326 silly tarball no local data for @unrs/resolver-binding-darwin-arm64@https://registry.npmjs.org/@unrs/resolver-binding-darwin-arm64/-/resolver-binding-darwin-arm64-1.11.1.tgz. Extracting by manifest.
2327 silly tarball no local data for reflect.getprototypeof@https://registry.npmjs.org/reflect.getprototypeof/-/reflect.getprototypeof-1.0.10.tgz. Extracting by manifest.
2328 silly tarball no local data for strip-bom@https://registry.npmjs.org/strip-bom/-/strip-bom-3.0.0.tgz. Extracting by manifest.
2329 silly tarball no local data for minimist@https://registry.npmjs.org/minimist/-/minimist-1.2.8.tgz. Extracting by manifest.
2330 silly tarball no local data for json5@https://registry.npmjs.org/json5/-/json5-1.0.2.tgz. Extracting by manifest.
2331 silly tarball no local data for for-each@https://registry.npmjs.org/for-each/-/for-each-0.3.5.tgz. Extracting by manifest.
2332 silly tarball no local data for @types/json5@https://registry.npmjs.org/@types/json5/-/json5-0.0.29.tgz. Extracting by manifest.
2333 silly tarball no local data for is-number@https://registry.npmjs.org/is-number/-/is-number-7.0.0.tgz. Extracting by manifest.
2334 silly tarball no local data for is-arrayish@https://registry.npmjs.org/is-arrayish/-/is-arrayish-0.3.4.tgz. Extracting by manifest.
2335 silly tarball no local data for side-channel-weakmap@https://registry.npmjs.org/side-channel-weakmap/-/side-channel-weakmap-1.0.2.tgz. Extracting by manifest.
2336 silly tarball no local data for client-only@https://registry.npmjs.org/client-only/-/client-only-0.0.1.tgz. Extracting by manifest.
2337 silly tarball no local data for has-flag@https://registry.npmjs.org/has-flag/-/has-flag-4.0.0.tgz. Extracting by manifest.
2338 silly tarball no local data for side-channel-map@https://registry.npmjs.org/side-channel-map/-/side-channel-map-1.0.1.tgz. Extracting by manifest.
2339 silly tarball no local data for side-channel-list@https://registry.npmjs.org/side-channel-list/-/side-channel-list-1.0.1.tgz. Extracting by manifest.
2340 silly tarball no local data for shebang-regex@https://registry.npmjs.org/shebang-regex/-/shebang-regex-3.0.0.tgz. Extracting by manifest.
2341 silly tarball no local data for color-string@https://registry.npmjs.org/color-string/-/color-string-1.9.1.tgz. Extracting by manifest.
2342 silly tarball no local data for @emnapi/runtime@https://registry.npmjs.org/@emnapi/runtime/-/runtime-1.10.0.tgz. Extracting by manifest.
2343 silly tarball no local data for simple-swizzle@https://registry.npmjs.org/simple-swizzle/-/simple-swizzle-0.2.4.tgz. Extracting by manifest.
2344 silly tarball no local data for detect-libc@https://registry.npmjs.org/detect-libc/-/detect-libc-2.1.2.tgz. Extracting by manifest.
2345 silly tarball no local data for color@https://registry.npmjs.org/color/-/color-4.2.3.tgz. Extracting by manifest.
2346 silly tarball no local data for @img/sharp-darwin-arm64@https://registry.npmjs.org/@img/sharp-darwin-arm64/-/sharp-darwin-arm64-0.33.5.tgz. Extracting by manifest.
2347 silly tarball no local data for supports-preserve-symlinks-flag@https://registry.npmjs.org/supports-preserve-symlinks-flag/-/supports-preserve-symlinks-flag-1.0.0.tgz. Extracting by manifest.
2348 silly tarball no local data for @img/sharp-libvips-darwin-arm64@https://registry.npmjs.org/@img/sharp-libvips-darwin-arm64/-/sharp-libvips-darwin-arm64-1.0.4.tgz. Extracting by manifest.
2349 silly tarball no local data for scheduler@https://registry.npmjs.org/scheduler/-/scheduler-0.23.2.tgz. Extracting by manifest.
2350 silly tarball no local data for node-exports-info@https://registry.npmjs.org/node-exports-info/-/node-exports-info-1.6.0.tgz. Extracting by manifest.
2351 silly tarball no local data for queue-microtask@https://registry.npmjs.org/queue-microtask/-/queue-microtask-1.2.3.tgz. Extracting by manifest.
2352 silly tarball no local data for isarray@https://registry.npmjs.org/isarray/-/isarray-2.0.5.tgz. Extracting by manifest.
2353 silly tarball no local data for react-is@https://registry.npmjs.org/react-is/-/react-is-16.13.1.tgz. Extracting by manifest.
2354 silly tarball no local data for loose-envify@https://registry.npmjs.org/loose-envify/-/loose-envify-1.4.0.tgz. Extracting by manifest.
2355 silly tarball no local data for js-tokens@https://registry.npmjs.org/js-tokens/-/js-tokens-4.0.0.tgz. Extracting by manifest.
2356 silly tarball no local data for object-assign@https://registry.npmjs.org/object-assign/-/object-assign-4.1.1.tgz. Extracting by manifest.
2357 silly tarball no local data for source-map-js@https://registry.npmjs.org/source-map-js/-/source-map-js-1.2.1.tgz. Extracting by manifest.
2358 silly tarball no local data for picocolors@https://registry.npmjs.org/picocolors/-/picocolors-1.1.1.tgz. Extracting by manifest.
2359 silly tarball no local data for nanoid@https://registry.npmjs.org/nanoid/-/nanoid-3.3.11.tgz. Extracting by manifest.
2360 silly tarball no local data for callsites@https://registry.npmjs.org/callsites/-/callsites-3.1.0.tgz. Extracting by manifest.
2361 silly tarball no local data for word-wrap@https://registry.npmjs.org/word-wrap/-/word-wrap-1.2.5.tgz. Extracting by manifest.
2362 silly tarball no local data for p-limit@https://registry.npmjs.org/p-limit/-/p-limit-3.1.0.tgz. Extracting by manifest.
2363 silly tarball no local data for yocto-queue@https://registry.npmjs.org/yocto-queue/-/yocto-queue-0.1.0.tgz. Extracting by manifest.
2364 silly tarball no local data for deep-is@https://registry.npmjs.org/deep-is/-/deep-is-0.1.4.tgz. Extracting by manifest.
2365 silly tarball no local data for fast-levenshtein@https://registry.npmjs.org/fast-levenshtein/-/fast-levenshtein-2.0.6.tgz. Extracting by manifest.
2366 silly tarball no local data for tslib@https://registry.npmjs.org/tslib/-/tslib-2.8.1.tgz. Extracting by manifest.
2367 silly tarball no local data for postcss@https://registry.npmjs.org/postcss/-/postcss-8.4.31.tgz. Extracting by manifest.
2368 silly tarball no local data for streamsearch@https://registry.npmjs.org/streamsearch/-/streamsearch-1.1.0.tgz. Extracting by manifest.
2369 silly tarball no local data for styled-jsx@https://registry.npmjs.org/styled-jsx/-/styled-jsx-5.1.6.tgz. Extracting by manifest.
2370 silly tarball no local data for busboy@https://registry.npmjs.org/busboy/-/busboy-1.6.0.tgz. Extracting by manifest.
2371 silly tarball no local data for @swc/counter@https://registry.npmjs.org/@swc/counter/-/counter-0.1.3.tgz. Extracting by manifest.
2372 silly tarball no local data for @swc/helpers@https://registry.npmjs.org/@swc/helpers/-/helpers-0.5.13.tgz. Extracting by manifest.
2373 silly tarball no local data for concat-map@https://registry.npmjs.org/concat-map/-/concat-map-0.0.1.tgz. Extracting by manifest.
2374 silly tarball no local data for @next/env@https://registry.npmjs.org/@next/env/-/env-15.0.3.tgz. Extracting by manifest.
2375 silly tarball no local data for @next/swc-darwin-arm64@https://registry.npmjs.org/@next/swc-darwin-arm64/-/swc-darwin-arm64-15.0.3.tgz. Extracting by manifest.
2376 silly tarball no local data for balanced-match@https://registry.npmjs.org/balanced-match/-/balanced-match-1.0.2.tgz. Extracting by manifest.
2377 silly tarball no local data for brace-expansion@https://registry.npmjs.org/brace-expansion/-/brace-expansion-1.1.14.tgz. Extracting by manifest.
2378 silly tarball no local data for to-regex-range@https://registry.npmjs.org/to-regex-range/-/to-regex-range-5.0.1.tgz. Extracting by manifest.
2379 silly tarball no local data for fill-range@https://registry.npmjs.org/fill-range/-/fill-range-7.1.1.tgz. Extracting by manifest.
2380 silly tarball no local data for p-locate@https://registry.npmjs.org/p-locate/-/p-locate-5.0.0.tgz. Extracting by manifest.
2381 silly tarball no local data for braces@https://registry.npmjs.org/braces/-/braces-3.0.3.tgz. Extracting by manifest.
2382 silly tarball no local data for picomatch@https://registry.npmjs.org/picomatch/-/picomatch-2.3.2.tgz. Extracting by manifest.
2383 silly tarball no local data for type-check@https://registry.npmjs.org/type-check/-/type-check-0.4.0.tgz. Extracting by manifest.
2384 silly tarball no local data for caniuse-lite@https://registry.npmjs.org/caniuse-lite/-/caniuse-lite-1.0.30001788.tgz. Extracting by manifest.
2385 silly tarball no local data for json-buffer@https://registry.npmjs.org/json-buffer/-/json-buffer-3.0.1.tgz. Extracting by manifest.
2386 silly tarball no local data for language-subtag-registry@https://registry.npmjs.org/language-subtag-registry/-/language-subtag-registry-0.3.23.tgz. Extracting by manifest.
2387 silly tarball no local data for prelude-ls@https://registry.npmjs.org/prelude-ls/-/prelude-ls-1.2.1.tgz. Extracting by manifest.
2388 silly tarball no local data for argparse@https://registry.npmjs.org/argparse/-/argparse-2.0.1.tgz. Extracting by manifest.
2389 silly tarball no local data for path-parse@https://registry.npmjs.org/path-parse/-/path-parse-1.0.7.tgz. Extracting by manifest.
2390 silly tarball no local data for side-channel@https://registry.npmjs.org/side-channel/-/side-channel-1.1.0.tgz. Extracting by manifest.
2391 silly tarball no local data for resolve-from@https://registry.npmjs.org/resolve-from/-/resolve-from-4.0.0.tgz. Extracting by manifest.
2392 silly tarball no local data for sharp@https://registry.npmjs.org/sharp/-/sharp-0.33.5.tgz. Extracting by manifest.
2393 silly tarball no local data for is-extglob@https://registry.npmjs.org/is-extglob/-/is-extglob-2.1.1.tgz. Extracting by manifest.
2394 silly tarball no local data for set-function-name@https://registry.npmjs.org/set-function-name/-/set-function-name-2.0.2.tgz. Extracting by manifest.
2395 silly tarball no local data for parent-module@https://registry.npmjs.org/parent-module/-/parent-module-1.0.1.tgz. Extracting by manifest.
2396 silly tarball no local data for dunder-proto@https://registry.npmjs.org/dunder-proto/-/dunder-proto-1.0.1.tgz. Extracting by manifest.
2397 silly tarball no local data for functions-have-names@https://registry.npmjs.org/functions-have-names/-/functions-have-names-1.2.3.tgz. Extracting by manifest.
2398 silly tarball no local data for flatted@https://registry.npmjs.org/flatted/-/flatted-3.4.2.tgz. Extracting by manifest.
2399 silly tarball no local data for keyv@https://registry.npmjs.org/keyv/-/keyv-4.5.4.tgz. Extracting by manifest.
2400 silly tarball no local data for path-exists@https://registry.npmjs.org/path-exists/-/path-exists-4.0.0.tgz. Extracting by manifest.
2401 silly tarball no local data for flat-cache@https://registry.npmjs.org/flat-cache/-/flat-cache-4.0.1.tgz. Extracting by manifest.
2402 silly tarball no local data for resolve-pkg-maps@https://registry.npmjs.org/resolve-pkg-maps/-/resolve-pkg-maps-1.0.0.tgz. Extracting by manifest.
2403 silly tarball no local data for locate-path@https://registry.npmjs.org/locate-path/-/locate-path-6.0.0.tgz. Extracting by manifest.
2404 silly tarball no local data for reusify@https://registry.npmjs.org/reusify/-/reusify-1.1.0.tgz. Extracting by manifest.
2405 silly tarball no local data for run-parallel@https://registry.npmjs.org/run-parallel/-/run-parallel-1.2.0.tgz. Extracting by manifest.
2406 silly tarball no local data for fastq@https://registry.npmjs.org/fastq/-/fastq-1.20.1.tgz. Extracting by manifest.
2407 silly tarball no local data for @nodelib/fs.walk@https://registry.npmjs.org/@nodelib/fs.walk/-/fs.walk-1.2.8.tgz. Extracting by manifest.
2408 silly tarball no local data for @nodelib/fs.stat@https://registry.npmjs.org/@nodelib/fs.stat/-/fs.stat-2.0.5.tgz. Extracting by manifest.
2409 silly tarball no local data for acorn-jsx@https://registry.npmjs.org/acorn-jsx/-/acorn-jsx-5.3.2.tgz. Extracting by manifest.
2410 silly tarball no local data for merge2@https://registry.npmjs.org/merge2/-/merge2-1.4.1.tgz. Extracting by manifest.
2411 silly tarball no local data for micromatch@https://registry.npmjs.org/micromatch/-/micromatch-4.0.8.tgz. Extracting by manifest.
2412 silly tarball no local data for acorn@https://registry.npmjs.org/acorn/-/acorn-8.16.0.tgz. Extracting by manifest.
2413 silly tarball no local data for @nodelib/fs.scandir@https://registry.npmjs.org/@nodelib/fs.scandir/-/fs.scandir-2.1.5.tgz. Extracting by manifest.
2414 silly tarball no local data for prop-types@https://registry.npmjs.org/prop-types/-/prop-types-15.8.1.tgz. Extracting by manifest.
2415 silly tarball no local data for string.prototype.repeat@https://registry.npmjs.org/string.prototype.repeat/-/string.prototype.repeat-1.0.0.tgz. Extracting by manifest.
2416 silly tarball no local data for estraverse@https://registry.npmjs.org/estraverse/-/estraverse-5.3.0.tgz. Extracting by manifest.
2417 silly tarball no local data for esrecurse@https://registry.npmjs.org/esrecurse/-/esrecurse-4.3.0.tgz. Extracting by manifest.
2418 silly tarball no local data for iterator.prototype@https://registry.npmjs.org/iterator.prototype/-/iterator.prototype-1.1.5.tgz. Extracting by manifest.
2419 silly tarball no local data for object.entries@https://registry.npmjs.org/object.entries/-/object.entries-1.1.9.tgz. Extracting by manifest.
2420 silly tarball no local data for array.prototype.findlast@https://registry.npmjs.org/array.prototype.findlast/-/array.prototype.findlast-1.2.5.tgz. Extracting by manifest.
2421 silly tarball no local data for string.prototype.includes@https://registry.npmjs.org/string.prototype.includes/-/string.prototype.includes-2.0.1.tgz. Extracting by manifest.
2422 silly tarball no local data for es-iterator-helpers@https://registry.npmjs.org/es-iterator-helpers/-/es-iterator-helpers-1.3.2.tgz. Extracting by manifest.
2423 silly tarball no local data for language-tags@https://registry.npmjs.org/language-tags/-/language-tags-1.0.9.tgz. Extracting by manifest.
2424 silly tarball no local data for emoji-regex@https://registry.npmjs.org/emoji-regex/-/emoji-regex-9.2.2.tgz. Extracting by manifest.
2425 silly tarball no local data for axe-core@https://registry.npmjs.org/axe-core/-/axe-core-4.11.3.tgz. Extracting by manifest.
2426 silly tarball no local data for jsx-ast-utils@https://registry.npmjs.org/jsx-ast-utils/-/jsx-ast-utils-3.3.5.tgz. Extracting by manifest.
2427 silly tarball no local data for string.prototype.matchall@https://registry.npmjs.org/string.prototype.matchall/-/string.prototype.matchall-4.0.12.tgz. Extracting by manifest.
2428 silly tarball no local data for damerau-levenshtein@https://registry.npmjs.org/damerau-levenshtein/-/damerau-levenshtein-1.0.8.tgz. Extracting by manifest.
2429 silly tarball no local data for array.prototype.tosorted@https://registry.npmjs.org/array.prototype.tosorted/-/array.prototype.tosorted-1.1.4.tgz. Extracting by manifest.
2430 silly tarball no local data for axobject-query@https://registry.npmjs.org/axobject-query/-/axobject-query-4.1.0.tgz. Extracting by manifest.
2431 silly tarball no local data for ast-types-flow@https://registry.npmjs.org/ast-types-flow/-/ast-types-flow-0.0.8.tgz. Extracting by manifest.
2432 silly tarball no local data for is-symbol@https://registry.npmjs.org/is-symbol/-/is-symbol-1.1.1.tgz. Extracting by manifest.
2433 silly tarball no local data for aria-query@https://registry.npmjs.org/aria-query/-/aria-query-5.3.2.tgz. Extracting by manifest.
2434 silly tarball no local data for has-tostringtag@https://registry.npmjs.org/has-tostringtag/-/has-tostringtag-1.0.2.tgz. Extracting by manifest.
2435 silly tarball no local data for possible-typed-array-names@https://registry.npmjs.org/possible-typed-array-names/-/possible-typed-array-names-1.1.0.tgz. Extracting by manifest.
2436 silly tarball no local data for is-date-object@https://registry.npmjs.org/is-date-object/-/is-date-object-1.1.0.tgz. Extracting by manifest.
2437 silly tarball no local data for typed-array-length@https://registry.npmjs.org/typed-array-length/-/typed-array-length-1.0.7.tgz. Extracting by manifest.
2438 silly tarball no local data for which-typed-array@https://registry.npmjs.org/which-typed-array/-/which-typed-array-1.1.20.tgz. Extracting by manifest.
2439 silly tarball no local data for unbox-primitive@https://registry.npmjs.org/unbox-primitive/-/unbox-primitive-1.1.0.tgz. Extracting by manifest.
2440 silly tarball no local data for typed-array-byte-length@https://registry.npmjs.org/typed-array-byte-length/-/typed-array-byte-length-1.0.3.tgz. Extracting by manifest.
2441 silly tarball no local data for typed-array-buffer@https://registry.npmjs.org/typed-array-buffer/-/typed-array-buffer-1.0.3.tgz. Extracting by manifest.
2442 silly tarball no local data for typed-array-byte-offset@https://registry.npmjs.org/typed-array-byte-offset/-/typed-array-byte-offset-1.0.4.tgz. Extracting by manifest.
2443 silly tarball no local data for string.prototype.trim@https://registry.npmjs.org/string.prototype.trim/-/string.prototype.trim-1.2.10.tgz. Extracting by manifest.
2444 silly tarball no local data for set-proto@https://registry.npmjs.org/set-proto/-/set-proto-1.0.0.tgz. Extracting by manifest.
2445 silly tarball no local data for string.prototype.trimstart@https://registry.npmjs.org/string.prototype.trimstart/-/string.prototype.trimstart-1.0.8.tgz. Extracting by manifest.
2446 silly tarball no local data for stop-iteration-iterator@https://registry.npmjs.org/stop-iteration-iterator/-/stop-iteration-iterator-1.1.0.tgz. Extracting by manifest.
2447 silly tarball no local data for safe-array-concat@https://registry.npmjs.org/safe-array-concat/-/safe-array-concat-1.1.4.tgz. Extracting by manifest.
2448 silly tarball no local data for safe-regex-test@https://registry.npmjs.org/safe-regex-test/-/safe-regex-test-1.1.0.tgz. Extracting by manifest.
2449 silly tarball no local data for safe-push-apply@https://registry.npmjs.org/safe-push-apply/-/safe-push-apply-1.0.0.tgz. Extracting by manifest.
2450 silly tarball no local data for own-keys@https://registry.npmjs.org/own-keys/-/own-keys-1.0.1.tgz. Extracting by manifest.
2451 silly tarball no local data for regexp.prototype.flags@https://registry.npmjs.org/regexp.prototype.flags/-/regexp.prototype.flags-1.5.4.tgz. Extracting by manifest.
2452 silly tarball no local data for object-inspect@https://registry.npmjs.org/object-inspect/-/object-inspect-1.13.4.tgz. Extracting by manifest.
2453 silly tarball no local data for is-weakref@https://registry.npmjs.org/is-weakref/-/is-weakref-1.1.1.tgz. Extracting by manifest.
2454 silly tarball no local data for is-typed-array@https://registry.npmjs.org/is-typed-array/-/is-typed-array-1.1.15.tgz. Extracting by manifest.
2455 silly tarball no local data for is-shared-array-buffer@https://registry.npmjs.org/is-shared-array-buffer/-/is-shared-array-buffer-1.0.4.tgz. Extracting by manifest.
2456 silly tarball no local data for is-set@https://registry.npmjs.org/is-set/-/is-set-2.0.3.tgz. Extracting by manifest.
2457 silly tarball no local data for is-callable@https://registry.npmjs.org/is-callable/-/is-callable-1.2.7.tgz. Extracting by manifest.
2458 silly tarball no local data for is-negative-zero@https://registry.npmjs.org/is-negative-zero/-/is-negative-zero-2.0.3.tgz. Extracting by manifest.
2459 silly tarball no local data for is-array-buffer@https://registry.npmjs.org/is-array-buffer/-/is-array-buffer-3.0.5.tgz. Extracting by manifest.
2460 silly tarball no local data for is-regex@https://registry.npmjs.org/is-regex/-/is-regex-1.2.1.tgz. Extracting by manifest.
2461 silly tarball no local data for internal-slot@https://registry.npmjs.org/internal-slot/-/internal-slot-1.1.0.tgz. Extracting by manifest.
2462 silly tarball no local data for has-proto@https://registry.npmjs.org/has-proto/-/has-proto-1.2.0.tgz. Extracting by manifest.
2463 silly tarball no local data for is-data-view@https://registry.npmjs.org/is-data-view/-/is-data-view-1.0.2.tgz. Extracting by manifest.
2464 silly tarball no local data for has-symbols@https://registry.npmjs.org/has-symbols/-/has-symbols-1.1.0.tgz. Extracting by manifest.
2465 silly tarball no local data for globalthis@https://registry.npmjs.org/globalthis/-/globalthis-1.0.4.tgz. Extracting by manifest.
2466 silly tarball no local data for object.assign@https://registry.npmjs.org/object.assign/-/object.assign-4.1.7.tgz. Extracting by manifest.
2467 silly tarball no local data for get-proto@https://registry.npmjs.org/get-proto/-/get-proto-1.0.1.tgz. Extracting by manifest.
2468 silly tarball no local data for function.prototype.name@https://registry.npmjs.org/function.prototype.name/-/function.prototype.name-1.1.8.tgz. Extracting by manifest.
2469 silly tarball no local data for es-to-primitive@https://registry.npmjs.org/es-to-primitive/-/es-to-primitive-1.3.0.tgz. Extracting by manifest.
2470 silly tarball no local data for data-view-byte-offset@https://registry.npmjs.org/data-view-byte-offset/-/data-view-byte-offset-1.0.1.tgz. Extracting by manifest.
2471 silly tarball no local data for data-view-buffer@https://registry.npmjs.org/data-view-buffer/-/data-view-buffer-1.0.2.tgz. Extracting by manifest.
2472 silly tarball no local data for available-typed-arrays@https://registry.npmjs.org/available-typed-arrays/-/available-typed-arrays-1.0.7.tgz. Extracting by manifest.
2473 silly tarball no local data for data-view-byte-length@https://registry.npmjs.org/data-view-byte-length/-/data-view-byte-length-1.0.2.tgz. Extracting by manifest.
2474 silly tarball no local data for array-buffer-byte-length@https://registry.npmjs.org/array-buffer-byte-length/-/array-buffer-byte-length-1.0.2.tgz. Extracting by manifest.
2475 silly tarball no local data for define-data-property@https://registry.npmjs.org/define-data-property/-/define-data-property-1.1.4.tgz. Extracting by manifest.
2476 silly tarball no local data for object-keys@https://registry.npmjs.org/object-keys/-/object-keys-1.1.1.tgz. Extracting by manifest.
2477 silly tarball no local data for function-bind@https://registry.npmjs.org/function-bind/-/function-bind-1.1.2.tgz. Extracting by manifest.
2478 silly tarball no local data for gopd@https://registry.npmjs.org/gopd/-/gopd-1.2.0.tgz. Extracting by manifest.
2479 silly tarball no local data for has-property-descriptors@https://registry.npmjs.org/has-property-descriptors/-/has-property-descriptors-1.0.2.tgz. Extracting by manifest.
2480 silly tarball no local data for arraybuffer.prototype.slice@https://registry.npmjs.org/arraybuffer.prototype.slice/-/arraybuffer.prototype.slice-1.0.4.tgz. Extracting by manifest.
2481 silly tarball no local data for es-define-property@https://registry.npmjs.org/es-define-property/-/es-define-property-1.0.1.tgz. Extracting by manifest.
2482 silly tarball no local data for es-shim-unscopables@https://registry.npmjs.org/es-shim-unscopables/-/es-shim-unscopables-1.1.0.tgz. Extracting by manifest.
2483 silly tarball no local data for set-function-length@https://registry.npmjs.org/set-function-length/-/set-function-length-1.2.2.tgz. Extracting by manifest.
2484 silly tarball no local data for call-bind-apply-helpers@https://registry.npmjs.org/call-bind-apply-helpers/-/call-bind-apply-helpers-1.0.2.tgz. Extracting by manifest.
2485 silly tarball no local data for is-string@https://registry.npmjs.org/is-string/-/is-string-1.1.1.tgz. Extracting by manifest.
2486 silly tarball no local data for es-object-atoms@https://registry.npmjs.org/es-object-atoms/-/es-object-atoms-1.1.1.tgz. Extracting by manifest.
2487 silly tarball no local data for get-intrinsic@https://registry.npmjs.org/get-intrinsic/-/get-intrinsic-1.3.0.tgz. Extracting by manifest.
2488 silly tarball no local data for math-intrinsics@https://registry.npmjs.org/math-intrinsics/-/math-intrinsics-1.1.0.tgz. Extracting by manifest.
2489 silly tarball no local data for es-abstract@https://registry.npmjs.org/es-abstract/-/es-abstract-1.24.2.tgz. Extracting by manifest.
2490 silly tarball no local data for call-bound@https://registry.npmjs.org/call-bound/-/call-bound-1.0.4.tgz. Extracting by manifest.
2491 silly tarball no local data for call-bind@https://registry.npmjs.org/call-bind/-/call-bind-1.0.9.tgz. Extracting by manifest.
2492 silly tarball no local data for tsconfig-paths@https://registry.npmjs.org/tsconfig-paths/-/tsconfig-paths-3.15.0.tgz. Extracting by manifest.
2493 silly tarball no local data for define-properties@https://registry.npmjs.org/define-properties/-/define-properties-1.2.1.tgz. Extracting by manifest.
2494 silly tarball no local data for string.prototype.trimend@https://registry.npmjs.org/string.prototype.trimend/-/string.prototype.trimend-1.0.9.tgz. Extracting by manifest.
2495 silly tarball no local data for object.groupby@https://registry.npmjs.org/object.groupby/-/object.groupby-1.0.3.tgz. Extracting by manifest.
2496 silly tarball no local data for object.values@https://registry.npmjs.org/object.values/-/object.values-1.2.1.tgz. Extracting by manifest.
2497 silly tarball no local data for object.fromentries@https://registry.npmjs.org/object.fromentries/-/object.fromentries-2.0.8.tgz. Extracting by manifest.
2498 silly tarball no local data for hasown@https://registry.npmjs.org/hasown/-/hasown-2.0.3.tgz. Extracting by manifest.
2499 silly tarball no local data for eslint-module-utils@https://registry.npmjs.org/eslint-module-utils/-/eslint-module-utils-2.12.1.tgz. Extracting by manifest.
2500 silly tarball no local data for array.prototype.flatmap@https://registry.npmjs.org/array.prototype.flatmap/-/array.prototype.flatmap-1.3.3.tgz. Extracting by manifest.
2501 silly tarball no local data for array.prototype.flat@https://registry.npmjs.org/array.prototype.flat/-/array.prototype.flat-1.3.3.tgz. Extracting by manifest.
2502 silly tarball no local data for doctrine@https://registry.npmjs.org/doctrine/-/doctrine-2.1.0.tgz. Extracting by manifest.
2503 silly tarball no local data for array.prototype.findlastindex@https://registry.npmjs.org/array.prototype.findlastindex/-/array.prototype.findlastindex-1.2.6.tgz. Extracting by manifest.
2504 silly tarball no local data for array-includes@https://registry.npmjs.org/array-includes/-/array-includes-3.1.9.tgz. Extracting by manifest.
2505 silly tarball no local data for @rtsao/scc@https://registry.npmjs.org/@rtsao/scc/-/scc-1.1.0.tgz. Extracting by manifest.
2506 silly tarball no local data for unrs-resolver@https://registry.npmjs.org/unrs-resolver/-/unrs-resolver-1.11.1.tgz. Extracting by manifest.
2507 silly tarball no local data for es-errors@https://registry.npmjs.org/es-errors/-/es-errors-1.3.0.tgz. Extracting by manifest.
2508 silly tarball no local data for stable-hash@https://registry.npmjs.org/stable-hash/-/stable-hash-0.0.5.tgz. Extracting by manifest.
2509 silly tarball no local data for get-symbol-description@https://registry.npmjs.org/get-symbol-description/-/get-symbol-description-1.1.0.tgz. Extracting by manifest.
2510 silly tarball no local data for get-tsconfig@https://registry.npmjs.org/get-tsconfig/-/get-tsconfig-4.14.0.tgz. Extracting by manifest.
2511 silly tarball no local data for is-bun-module@https://registry.npmjs.org/is-bun-module/-/is-bun-module-2.0.0.tgz. Extracting by manifest.
2512 silly tarball no local data for resolve@https://registry.npmjs.org/resolve/-/resolve-2.0.0-next.6.tgz. Extracting by manifest.
2513 silly tarball no local data for is-core-module@https://registry.npmjs.org/is-core-module/-/is-core-module-2.16.1.tgz. Extracting by manifest.
2514 silly tarball no local data for @nolyfill/is-core-module@https://registry.npmjs.org/@nolyfill/is-core-module/-/is-core-module-1.0.39.tgz. Extracting by manifest.
2515 silly tarball no local data for tinyglobby@https://registry.npmjs.org/tinyglobby/-/tinyglobby-0.2.16.tgz. Extracting by manifest.
2516 silly tarball no local data for @typescript-eslint/tsconfig-utils@https://registry.npmjs.org/@typescript-eslint/tsconfig-utils/-/tsconfig-utils-8.59.0.tgz. Extracting by manifest.
2517 silly tarball no local data for semver@https://registry.npmjs.org/semver/-/semver-7.7.4.tgz. Extracting by manifest.
2518 silly tarball no local data for @typescript-eslint/project-service@https://registry.npmjs.org/@typescript-eslint/project-service/-/project-service-8.59.0.tgz. Extracting by manifest.
2519 silly tarball no local data for @typescript-eslint/typescript-estree@https://registry.npmjs.org/@typescript-eslint/typescript-estree/-/typescript-estree-8.59.0.tgz. Extracting by manifest.
2520 silly tarball no local data for @typescript-eslint/types@https://registry.npmjs.org/@typescript-eslint/types/-/types-8.59.0.tgz. Extracting by manifest.
2521 silly tarball no local data for ts-api-utils@https://registry.npmjs.org/ts-api-utils/-/ts-api-utils-2.5.0.tgz. Extracting by manifest.
2522 silly tarball no local data for @typescript-eslint/type-utils@https://registry.npmjs.org/@typescript-eslint/type-utils/-/type-utils-8.59.0.tgz. Extracting by manifest.
2523 silly tarball no local data for @typescript-eslint/utils@https://registry.npmjs.org/@typescript-eslint/utils/-/utils-8.59.0.tgz. Extracting by manifest.
2524 silly tarball no local data for eslint-plugin-react-hooks@https://registry.npmjs.org/eslint-plugin-react-hooks/-/eslint-plugin-react-hooks-5.2.0.tgz. Extracting by manifest.
2525 silly tarball no local data for @typescript-eslint/visitor-keys@https://registry.npmjs.org/@typescript-eslint/visitor-keys/-/visitor-keys-8.59.0.tgz. Extracting by manifest.
2526 silly tarball no local data for @typescript-eslint/scope-manager@https://registry.npmjs.org/@typescript-eslint/scope-manager/-/scope-manager-8.59.0.tgz. Extracting by manifest.
2527 silly tarball no local data for eslint-plugin-jsx-a11y@https://registry.npmjs.org/eslint-plugin-jsx-a11y/-/eslint-plugin-jsx-a11y-6.10.2.tgz. Extracting by manifest.
2528 silly tarball no local data for es-set-tostringtag@https://registry.npmjs.org/es-set-tostringtag/-/es-set-tostringtag-2.1.0.tgz. Extracting by manifest.
2529 silly tarball no local data for eslint-plugin-react@https://registry.npmjs.org/eslint-plugin-react/-/eslint-plugin-react-7.37.5.tgz. Extracting by manifest.
2530 silly tarball no local data for eslint-import-resolver-node@https://registry.npmjs.org/eslint-import-resolver-node/-/eslint-import-resolver-node-0.3.10.tgz. Extracting by manifest.
2531 silly tarball no local data for eslint-import-resolver-typescript@https://registry.npmjs.org/eslint-import-resolver-typescript/-/eslint-import-resolver-typescript-3.10.1.tgz. Extracting by manifest.
2532 silly tarball no local data for @typescript-eslint/eslint-plugin@https://registry.npmjs.org/@typescript-eslint/eslint-plugin/-/eslint-plugin-8.59.0.tgz. Extracting by manifest.
2533 silly tarball no local data for @typescript-eslint/parser@https://registry.npmjs.org/@typescript-eslint/parser/-/parser-8.59.0.tgz. Extracting by manifest.
2534 silly tarball no local data for @rushstack/eslint-patch@https://registry.npmjs.org/@rushstack/eslint-patch/-/eslint-patch-1.16.1.tgz. Extracting by manifest.
2535 silly tarball no local data for @next/eslint-plugin-next@https://registry.npmjs.org/@next/eslint-plugin-next/-/eslint-plugin-next-15.0.3.tgz. Extracting by manifest.
2536 silly tarball no local data for ms@https://registry.npmjs.org/ms/-/ms-2.1.3.tgz. Extracting by manifest.
2537 silly tarball no local data for which@https://registry.npmjs.org/which/-/which-2.0.2.tgz. Extracting by manifest.
2538 silly tarball no local data for path-key@https://registry.npmjs.org/path-key/-/path-key-3.1.1.tgz. Extracting by manifest.
2539 silly tarball no local data for shebang-command@https://registry.npmjs.org/shebang-command/-/shebang-command-2.0.0.tgz. Extracting by manifest.
2540 silly tarball no local data for color-convert@https://registry.npmjs.org/color-convert/-/color-convert-2.0.1.tgz. Extracting by manifest.
2541 silly tarball no local data for color-name@https://registry.npmjs.org/color-name/-/color-name-1.1.4.tgz. Extracting by manifest.
2542 silly tarball no local data for supports-color@https://registry.npmjs.org/supports-color/-/supports-color-7.2.0.tgz. Extracting by manifest.
2543 silly tarball no local data for ansi-styles@https://registry.npmjs.org/ansi-styles/-/ansi-styles-4.3.0.tgz. Extracting by manifest.
2544 silly tarball no local data for fast-json-stable-stringify@https://registry.npmjs.org/fast-json-stable-stringify/-/fast-json-stable-stringify-2.1.0.tgz. Extracting by manifest.
2545 silly tarball no local data for uri-js@https://registry.npmjs.org/uri-js/-/uri-js-4.4.1.tgz. Extracting by manifest.
2546 silly tarball no local data for json-schema-traverse@https://registry.npmjs.org/json-schema-traverse/-/json-schema-traverse-0.4.1.tgz. Extracting by manifest.
2547 silly tarball no local data for levn@https://registry.npmjs.org/levn/-/levn-0.4.1.tgz. Extracting by manifest.
2548 silly tarball no local data for @humanfs/types@https://registry.npmjs.org/@humanfs/types/-/types-0.15.0.tgz. Extracting by manifest.
2549 silly tarball no local data for strip-json-comments@https://registry.npmjs.org/strip-json-comments/-/strip-json-comments-3.1.1.tgz. Extracting by manifest.
2550 silly tarball no local data for js-yaml@https://registry.npmjs.org/js-yaml/-/js-yaml-4.1.1.tgz. Extracting by manifest.
2551 silly tarball no local data for @humanfs/core@https://registry.npmjs.org/@humanfs/core/-/core-0.19.2.tgz. Extracting by manifest.
2552 silly tarball no local data for globals@https://registry.npmjs.org/globals/-/globals-14.0.0.tgz. Extracting by manifest.
2553 silly tarball no local data for import-fresh@https://registry.npmjs.org/import-fresh/-/import-fresh-3.3.1.tgz. Extracting by manifest.
2554 silly tarball no local data for @eslint/object-schema@https://registry.npmjs.org/@eslint/object-schema/-/object-schema-2.1.7.tgz. Extracting by manifest.
2555 silly tarball no local data for optionator@https://registry.npmjs.org/optionator/-/optionator-0.9.4.tgz. Extracting by manifest.
2556 silly tarball no local data for text-table@https://registry.npmjs.org/text-table/-/text-table-0.2.0.tgz. Extracting by manifest.
2557 silly tarball no local data for natural-compare@https://registry.npmjs.org/natural-compare/-/natural-compare-1.4.0.tgz. Extracting by manifest.
2558 silly tarball no local data for lodash.merge@https://registry.npmjs.org/lodash.merge/-/lodash.merge-4.6.2.tgz. Extracting by manifest.
2559 silly tarball no local data for minimatch@https://registry.npmjs.org/minimatch/-/minimatch-3.1.5.tgz. Extracting by manifest.
2560 silly tarball no local data for eslint-plugin-import@https://registry.npmjs.org/eslint-plugin-import/-/eslint-plugin-import-2.32.0.tgz. Extracting by manifest.
2561 silly tarball no local data for json-stable-stringify-without-jsonify@https://registry.npmjs.org/json-stable-stringify-without-jsonify/-/json-stable-stringify-without-jsonify-1.0.1.tgz. Extracting by manifest.
2562 silly tarball no local data for glob-parent@https://registry.npmjs.org/glob-parent/-/glob-parent-6.0.2.tgz. Extracting by manifest.
2563 silly tarball no local data for imurmurhash@https://registry.npmjs.org/imurmurhash/-/imurmurhash-0.1.4.tgz. Extracting by manifest.
2564 silly tarball no local data for is-glob@https://registry.npmjs.org/is-glob/-/is-glob-4.0.3.tgz. Extracting by manifest.
2565 silly tarball no local data for find-up@https://registry.npmjs.org/find-up/-/find-up-5.0.0.tgz. Extracting by manifest.
2566 silly tarball no local data for esutils@https://registry.npmjs.org/esutils/-/esutils-2.0.3.tgz. Extracting by manifest.
2567 silly tarball no local data for esquery@https://registry.npmjs.org/esquery/-/esquery-1.7.0.tgz. Extracting by manifest.
2568 silly tarball no local data for file-entry-cache@https://registry.npmjs.org/file-entry-cache/-/file-entry-cache-8.0.0.tgz. Extracting by manifest.
2569 silly tarball no local data for fast-deep-equal@https://registry.npmjs.org/fast-deep-equal/-/fast-deep-equal-3.1.3.tgz. Extracting by manifest.
2570 silly tarball no local data for espree@https://registry.npmjs.org/espree/-/espree-10.4.0.tgz. Extracting by manifest.
2571 silly tarball no local data for eslint-visitor-keys@https://registry.npmjs.org/eslint-visitor-keys/-/eslint-visitor-keys-4.2.1.tgz. Extracting by manifest.
2572 silly tarball no local data for escape-string-regexp@https://registry.npmjs.org/escape-string-regexp/-/escape-string-regexp-4.0.0.tgz. Extracting by manifest.
2573 silly tarball no local data for debug@https://registry.npmjs.org/debug/-/debug-4.4.3.tgz. Extracting by manifest.
2574 silly tarball no local data for cross-spawn@https://registry.npmjs.org/cross-spawn/-/cross-spawn-7.0.6.tgz. Extracting by manifest.
2575 silly tarball no local data for chalk@https://registry.npmjs.org/chalk/-/chalk-4.1.2.tgz. Extracting by manifest.
2576 silly tarball no local data for ajv@https://registry.npmjs.org/ajv/-/ajv-6.14.0.tgz. Extracting by manifest.
2577 silly tarball no local data for @types/json-schema@https://registry.npmjs.org/@types/json-schema/-/json-schema-7.0.15.tgz. Extracting by manifest.
2578 silly tarball no local data for @types/estree@https://registry.npmjs.org/@types/estree/-/estree-1.0.8.tgz. Extracting by manifest.
2579 silly tarball no local data for @humanwhocodes/module-importer@https://registry.npmjs.org/@humanwhocodes/module-importer/-/module-importer-1.0.1.tgz. Extracting by manifest.
2580 silly tarball no local data for @humanfs/node@https://registry.npmjs.org/@humanfs/node/-/node-0.16.8.tgz. Extracting by manifest.
2581 silly tarball no local data for @humanwhocodes/retry@https://registry.npmjs.org/@humanwhocodes/retry/-/retry-0.4.3.tgz. Extracting by manifest.
2582 silly tarball no local data for @eslint/js@https://registry.npmjs.org/@eslint/js/-/js-9.14.0.tgz. Extracting by manifest.
2583 silly tarball no local data for @eslint/plugin-kit@https://registry.npmjs.org/@eslint/plugin-kit/-/plugin-kit-0.2.8.tgz. Extracting by manifest.
2584 silly tarball no local data for @eslint/eslintrc@https://registry.npmjs.org/@eslint/eslintrc/-/eslintrc-3.3.5.tgz. Extracting by manifest.
2585 silly tarball no local data for @eslint/core@https://registry.npmjs.org/@eslint/core/-/core-0.7.0.tgz. Extracting by manifest.
2586 silly tarball no local data for @eslint/config-array@https://registry.npmjs.org/@eslint/config-array/-/config-array-0.18.0.tgz. Extracting by manifest.
2587 silly tarball no local data for @eslint-community/regexpp@https://registry.npmjs.org/@eslint-community/regexpp/-/regexpp-4.12.2.tgz. Extracting by manifest.
2588 silly tarball no local data for csstype@https://registry.npmjs.org/csstype/-/csstype-3.2.3.tgz. Extracting by manifest.
2589 silly tarball no local data for @eslint-community/eslint-utils@https://registry.npmjs.org/@eslint-community/eslint-utils/-/eslint-utils-4.9.1.tgz. Extracting by manifest.
2590 silly tarball no local data for undici-types@https://registry.npmjs.org/undici-types/-/undici-types-6.19.8.tgz. Extracting by manifest.
2591 silly tarball no local data for typescript@https://registry.npmjs.org/typescript/-/typescript-5.6.3.tgz. Extracting by manifest.
2592 silly tarball no local data for @types/prop-types@https://registry.npmjs.org/@types/prop-types/-/prop-types-15.7.15.tgz. Extracting by manifest.
2593 silly tarball no local data for react-dom@https://registry.npmjs.org/react-dom/-/react-dom-18.3.1.tgz. Extracting by manifest.
2594 silly tarball no local data for react@https://registry.npmjs.org/react/-/react-18.3.1.tgz. Extracting by manifest.
2595 silly tarball no local data for eslint-config-next@https://registry.npmjs.org/eslint-config-next/-/eslint-config-next-15.0.3.tgz. Extracting by manifest.
2596 silly tarball no local data for lucide-react@https://registry.npmjs.org/lucide-react/-/lucide-react-0.462.0.tgz. Extracting by manifest.
2597 silly tarball no local data for next@https://registry.npmjs.org/next/-/next-15.0.3.tgz. Extracting by manifest.
2598 silly tarball no local data for eslint@https://registry.npmjs.org/eslint/-/eslint-9.14.0.tgz. Extracting by manifest.
2599 silly tarball no local data for @types/react-dom@https://registry.npmjs.org/@types/react-dom/-/react-dom-18.3.1.tgz. Extracting by manifest.
2600 silly tarball no local data for @types/node@https://registry.npmjs.org/@types/node/-/node-22.9.0.tgz. Extracting by manifest.
2601 silly tarball no local data for @types/react@https://registry.npmjs.org/@types/react/-/react-18.3.12.tgz. Extracting by manifest.
2602 silly tarball no local data for semver@https://registry.npmjs.org/semver/-/semver-6.3.1.tgz. Extracting by manifest.
2603 silly tarball no local data for debug@https://registry.npmjs.org/debug/-/debug-3.2.7.tgz. Extracting by manifest.
2604 silly tarball no local data for eslint-scope@https://registry.npmjs.org/eslint-scope/-/eslint-scope-8.4.0.tgz. Extracting by manifest.
2605 silly tarball no local data for picomatch@https://registry.npmjs.org/picomatch/-/picomatch-4.0.4.tgz. Extracting by manifest.
2606 silly tarball no local data for fdir@https://registry.npmjs.org/fdir/-/fdir-6.5.0.tgz. Extracting by manifest.
2607 silly tarball no local data for balanced-match@https://registry.npmjs.org/balanced-match/-/balanced-match-4.0.4.tgz. Extracting by manifest.
2608 silly tarball no local data for minimatch@https://registry.npmjs.org/minimatch/-/minimatch-10.2.5.tgz. Extracting by manifest.
2609 silly tarball no local data for ignore@https://registry.npmjs.org/ignore/-/ignore-5.3.2.tgz. Extracting by manifest.
2610 silly tarball no local data for eslint-visitor-keys@https://registry.npmjs.org/eslint-visitor-keys/-/eslint-visitor-keys-5.0.1.tgz. Extracting by manifest.
2611 silly tarball no local data for glob-parent@https://registry.npmjs.org/glob-parent/-/glob-parent-5.1.2.tgz. Extracting by manifest.
2612 silly tarball no local data for semver@https://registry.npmjs.org/semver/-/semver-6.3.1.tgz. Extracting by manifest.
2613 silly tarball no local data for semver@https://registry.npmjs.org/semver/-/semver-6.3.1.tgz. Extracting by manifest.
2614 silly tarball no local data for debug@https://registry.npmjs.org/debug/-/debug-3.2.7.tgz. Extracting by manifest.
2615 silly tarball no local data for debug@https://registry.npmjs.org/debug/-/debug-3.2.7.tgz. Extracting by manifest.
2616 silly tarball no local data for ignore@https://registry.npmjs.org/ignore/-/ignore-7.0.5.tgz. Extracting by manifest.
2617 silly tarball no local data for @eslint/core@https://registry.npmjs.org/@eslint/core/-/core-0.13.0.tgz. Extracting by manifest.
2618 silly tarball no local data for eslint-visitor-keys@https://registry.npmjs.org/eslint-visitor-keys/-/eslint-visitor-keys-3.4.3.tgz. Extracting by manifest.
2619 silly tarball no local data for brace-expansion@https://registry.npmjs.org/brace-expansion/-/brace-expansion-5.0.5.tgz. Extracting by manifest.
2620 silly tarball no local data for fast-glob@https://registry.npmjs.org/fast-glob/-/fast-glob-3.3.1.tgz. Extracting by manifest.
2621 http fetch GET 200 https://registry.npmjs.org/async-function/-/async-function-1.0.0.tgz 329ms (cache miss)
2622 http fetch GET 200 https://registry.npmjs.org/which-collection/-/which-collection-1.0.2.tgz 333ms (cache miss)
2623 http fetch GET 200 https://registry.npmjs.org/is-weakset/-/is-weakset-2.0.4.tgz 335ms (cache miss)
2624 http fetch GET 200 https://registry.npmjs.org/is-weakmap/-/is-weakmap-2.0.2.tgz 337ms (cache miss)
2625 http fetch GET 200 https://registry.npmjs.org/generator-function/-/generator-function-2.0.1.tgz 336ms (cache miss)
2626 http fetch GET 200 https://registry.npmjs.org/is-map/-/is-map-2.0.3.tgz 463ms (cache miss)
2627 http fetch POST 200 https://registry.npmjs.org/-/npm/v1/security/advisories/bulk 633ms
2628 silly audit report {
2628 silly audit report   next: [
2628 silly audit report     {
2628 silly audit report       id: 1101437,
2628 silly audit report       url: 'https://github.com/advisories/GHSA-7m27-7ghc-44w9',
2628 silly audit report       title: 'Next.js Allows a Denial of Service (DoS) with Server Actions',
2628 silly audit report       severity: 'moderate',
2628 silly audit report       vulnerable_versions: '>=15.0.0 <15.1.2',
2628 silly audit report       cwe: [Array],
2628 silly audit report       cvss: [Object]
2628 silly audit report     },
2628 silly audit report     {
2628 silly audit report       id: 1105462,
2628 silly audit report       url: 'https://github.com/advisories/GHSA-3h52-269p-cp9r',
2628 silly audit report       title: 'Information exposure in Next.js dev server due to lack of origin verification',
2628 silly audit report       severity: 'low',
2628 silly audit report       vulnerable_versions: '>=15.0.0 <15.2.2',
2628 silly audit report       cwe: [Array],
2628 silly audit report       cvss: [Object]
2628 silly audit report     },
2628 silly audit report     {
2628 silly audit report       id: 1111372,
2628 silly audit report       url: 'https://github.com/advisories/GHSA-9qr9-h5gf-34mp',
2628 silly audit report       title: 'Next.js is vulnerable to RCE in React flight protocol',
2628 silly audit report       severity: 'critical',
2628 silly audit report       vulnerable_versions: '>=14.3.0-canary.77 <15.0.5',
2628 silly audit report       cwe: [Array],
2628 silly audit report       cvss: [Object]
2628 silly audit report     },
2628 silly audit report     {
2628 silly audit report       id: 1111381,
2628 silly audit report       url: 'https://github.com/advisories/GHSA-w37m-7fhw-fmv9',
2628 silly audit report       title: 'Next Server Actions Source Code Exposure ',
2628 silly audit report       severity: 'moderate',
2628 silly audit report       vulnerable_versions: '>=15.0.0-canary.0 <15.0.6',
2628 silly audit report       cwe: [Array],
2628 silly audit report       cvss: [Object]
2628 silly audit report     },
2628 silly audit report     {
2628 silly audit report       id: 1111390,
2628 silly audit report       url: 'https://github.com/advisories/GHSA-mwv6-3258-q52c',
2628 silly audit report       title: 'Next Vulnerable to Denial of Service with Server Components',
2628 silly audit report       severity: 'high',
2628 silly audit report       vulnerable_versions: '>=15.0.0-canary.0 <15.0.6',
2628 silly audit report       cwe: [Array],
2628 silly audit report       cvss: [Object]
2628 silly audit report     },
2628 silly audit report     {
2628 silly audit report       id: 1107228,
2628 silly audit report       url: 'https://github.com/advisories/GHSA-g5qg-72qw-gw5v',
2628 silly audit report       title: 'Next.js Affected by Cache Key Confusion for Image Optimization API Routes',
2628 silly audit report       severity: 'moderate',
2628 silly audit report       vulnerable_versions: '>=15.0.0 <=15.4.4',
2628 silly audit report       cwe: [Array],
2628 silly audit report       cvss: [Object]
2628 silly audit report     },
2628 silly audit report     {
2628 silly audit report       id: 1107514,
2628 silly audit report       url: 'https://github.com/advisories/GHSA-xv57-4mr9-wg8v',
2628 silly audit report       title: 'Next.js Content Injection Vulnerability for Image Optimization',
2628 silly audit report       severity: 'moderate',
2628 silly audit report       vulnerable_versions: '>=15.0.0 <=15.4.4',
2628 silly audit report       cwe: [Array],
2628 silly audit report       cvss: [Object]
2628 silly audit report     },
2628 silly audit report     {
2628 silly audit report       id: 1107515,
2628 silly audit report       url: 'https://github.com/advisories/GHSA-4342-x723-ch2f',
2628 silly audit report       title: 'Next.js Improper Middleware Redirect Handling Leads to SSRF',
2628 silly audit report       severity: 'moderate',
2628 silly audit report       vulnerable_versions: '>=15.0.0-canary.0 <15.4.7',
2628 silly audit report       cwe: [Array],
2628 silly audit report       cvss: [Object]
2628 silly audit report     },
2628 silly audit report     {
2628 silly audit report       id: 1108410,
2628 silly audit report       url: 'https://github.com/advisories/GHSA-qpjv-v59x-3qc4',
2628 silly audit report       title: 'Next.js Race Condition to Cache Poisoning',
2628 silly audit report       severity: 'low',
2628 silly audit report       vulnerable_versions: '>=15.0.0 <15.1.6',
2628 silly audit report       cwe: [Array],
2628 silly audit report       cvss: [Object]
2628 silly audit report     },
2628 silly audit report     {
2628 silly audit report       id: 1112593,
2628 silly audit report       url: 'https://github.com/advisories/GHSA-9g9p-9gw9-jx7f',
2628 silly audit report       title: 'Next.js self-hosted applications vulnerable to DoS via Image Optimizer remotePatterns configuration',
2628 silly audit report       severity: 'moderate',
2628 silly audit report       vulnerable_versions: '>=10.0.0 <15.5.10',
2628 silly audit report       cwe: [Array],
2628 silly audit report       cvss: [Object]
2628 silly audit report     },
2628 silly audit report     {
2628 silly audit report       id: 1112653,
2628 silly audit report       url: 'https://github.com/advisories/GHSA-h25m-26qc-wcjf',
2628 silly audit report       title: 'Next.js HTTP request deserialization can lead to DoS when using insecure React Server Components',
2628 silly audit report       severity: 'high',
2628 silly audit report       vulnerable_versions: '>=13.0.0 <15.0.8',
2628 silly audit report       cwe: [Array],
2628 silly audit report       cvss: [Object]
2628 silly audit report     },
2628 silly audit report     {
2628 silly audit report       id: 1113688,
2628 silly audit report       url: 'https://github.com/advisories/GHSA-f82v-jwr5-mffw',
2628 silly audit report       title: 'Authorization Bypass in Next.js Middleware',
2628 silly audit report       severity: 'critical',
2628 silly audit report       vulnerable_versions: '>=15.0.0 <15.2.3',
2628 silly audit report       cwe: [Array],
2628 silly audit report       cvss: [Object]
2628 silly audit report     },
2628 silly audit report     {
2628 silly audit report       id: 1114897,
2628 silly audit report       url: 'https://github.com/advisories/GHSA-ggv3-7p47-pfv8',
2628 silly audit report       title: 'Next.js: HTTP request smuggling in rewrites',
2628 silly audit report       severity: 'moderate',
2628 silly audit report       vulnerable_versions: '>=9.5.0 <15.5.13',
2628 silly audit report       cwe: [Array],
2628 silly audit report       cvss: [Object]
2628 silly audit report     },
2628 silly audit report     {
2628 silly audit report       id: 1114940,
2628 silly audit report       url: 'https://github.com/advisories/GHSA-3x4c-7xq6-9pq8',
2628 silly audit report       title: 'Next.js: Unbounded next/image disk cache growth can exhaust storage',
2628 silly audit report       severity: 'moderate',
2628 silly audit report       vulnerable_versions: '>=10.0.0 <15.5.14',
2628 silly audit report       cwe: [Array],
2628 silly audit report       cvss: [Object]
2628 silly audit report     },
2628 silly audit report     {
2628 silly audit report       id: 1116376,
2628 silly audit report       url: 'https://github.com/advisories/GHSA-q4gf-8mx6-v5v3',
2628 silly audit report       title: 'Next.js has a Denial of Service with Server Components',
2628 silly audit report       severity: 'high',
2628 silly audit report       vulnerable_versions: '>=13.0.0 <15.5.15',
2628 silly audit report       cwe: [Array],
2628 silly audit report       cvss: [Object]
2628 silly audit report     }
2628 silly audit report   ],
2628 silly audit report   '@eslint/plugin-kit': [
2628 silly audit report     {
2628 silly audit report       id: 1106734,
2628 silly audit report       url: 'https://github.com/advisories/GHSA-xffm-g5w8-qvg7',
2628 silly audit report       title: '@eslint/plugin-kit is vulnerable to Regular Expression Denial of Service attacks through ConfigCommentParser',
2628 silly audit report       severity: 'low',
2628 silly audit report       vulnerable_versions: '<0.3.4',
2628 silly audit report       cwe: [Array],
2628 silly audit report       cvss: [Object]
2628 silly audit report     }
2628 silly audit report   ]
2628 silly audit report }
2629 silly packumentCache corgi:https://registry.npmjs.org/next cache-miss
2630 silly packumentCache corgi:https://registry.npmjs.org/@eslint%2fplugin-kit cache-miss
2631 http fetch GET 200 https://registry.npmjs.org/which-boxed-primitive/-/which-boxed-primitive-1.1.1.tgz 509ms (cache miss)
2632 http fetch GET 200 https://registry.npmjs.org/which-builtin-type/-/which-builtin-type-1.2.1.tgz 530ms (cache miss)
2633 http fetch GET 200 https://registry.npmjs.org/has-bigints/-/has-bigints-1.1.0.tgz 531ms (cache miss)
2634 http fetch GET 200 https://registry.npmjs.org/napi-postinstall/-/napi-postinstall-0.3.4.tgz 597ms (cache miss)
2635 http fetch GET 200 https://registry.npmjs.org/reflect.getprototypeof/-/reflect.getprototypeof-1.0.10.tgz 650ms (cache miss)
2636 http fetch GET 200 https://registry.npmjs.org/strip-bom/-/strip-bom-3.0.0.tgz 716ms (cache miss)
2637 http fetch GET 200 https://registry.npmjs.org/is-arrayish/-/is-arrayish-0.3.4.tgz 1184ms (cache miss)
2638 http fetch GET 200 https://registry.npmjs.org/side-channel-weakmap/-/side-channel-weakmap-1.0.2.tgz 1190ms (cache miss)
2639 http fetch GET 200 https://registry.npmjs.org/@types/json5/-/json5-0.0.29.tgz 1193ms (cache miss)
2640 http fetch GET 200 https://registry.npmjs.org/is-number/-/is-number-7.0.0.tgz 1210ms (cache miss)
2641 http fetch GET 200 https://registry.npmjs.org/isexe/-/isexe-2.0.0.tgz 1213ms (cache miss)
2642 http fetch GET 200 https://registry.npmjs.org/punycode/-/punycode-2.3.1.tgz 1217ms (cache miss)
2643 http fetch GET 200 https://registry.npmjs.org/for-each/-/for-each-0.3.5.tgz 1219ms (cache miss)
2644 http fetch GET 200 https://registry.npmjs.org/is-bigint/-/is-bigint-1.1.0.tgz 1233ms (cache miss)
2645 http fetch GET 200 https://registry.npmjs.org/is-finalizationregistry/-/is-finalizationregistry-1.1.1.tgz 1235ms (cache miss)
2646 http fetch GET 200 https://registry.npmjs.org/is-number-object/-/is-number-object-1.1.1.tgz 1235ms (cache miss)
2647 http fetch GET 200 https://registry.npmjs.org/is-async-function/-/is-async-function-2.1.1.tgz 1238ms (cache miss)
2648 http fetch GET 200 https://registry.npmjs.org/client-only/-/client-only-0.0.1.tgz 1235ms (cache miss)
2649 http fetch GET 200 https://registry.npmjs.org/has-flag/-/has-flag-4.0.0.tgz 1237ms (cache miss)
2650 http fetch GET 200 https://registry.npmjs.org/json5/-/json5-1.0.2.tgz 1238ms (cache miss)
2651 http fetch GET 200 https://registry.npmjs.org/is-boolean-object/-/is-boolean-object-1.2.2.tgz 1240ms (cache miss)
2652 http fetch GET 200 https://registry.npmjs.org/side-channel-map/-/side-channel-map-1.0.1.tgz 1239ms (cache miss)
2653 http fetch GET 200 https://registry.npmjs.org/is-generator-function/-/is-generator-function-1.1.2.tgz 1244ms (cache miss)
2654 http fetch GET 200 https://registry.npmjs.org/shebang-regex/-/shebang-regex-3.0.0.tgz 1241ms (cache miss)
2655 http fetch GET 200 https://registry.npmjs.org/color-string/-/color-string-1.9.1.tgz 1241ms (cache miss)
2656 http fetch GET 200 https://registry.npmjs.org/side-channel-list/-/side-channel-list-1.0.1.tgz 1242ms (cache miss)
2657 http fetch GET 200 https://registry.npmjs.org/minimist/-/minimist-1.2.8.tgz 1248ms (cache miss)
2658 http fetch GET 200 https://registry.npmjs.org/supports-preserve-symlinks-flag/-/supports-preserve-symlinks-flag-1.0.0.tgz 1352ms (cache miss)
2659 http fetch GET 200 https://registry.npmjs.org/color/-/color-4.2.3.tgz 1355ms (cache miss)
2660 http fetch GET 200 https://registry.npmjs.org/detect-libc/-/detect-libc-2.1.2.tgz 1359ms (cache miss)
2661 http fetch GET 200 https://registry.npmjs.org/simple-swizzle/-/simple-swizzle-0.2.4.tgz 1366ms (cache miss)
2662 http fetch GET 200 https://registry.npmjs.org/@emnapi/runtime/-/runtime-1.10.0.tgz 1371ms (cache miss)
2663 http fetch GET 200 https://registry.npmjs.org/isarray/-/isarray-2.0.5.tgz 1377ms (cache miss)
2664 http fetch GET 200 https://registry.npmjs.org/scheduler/-/scheduler-0.23.2.tgz 1378ms (cache miss)
2665 http fetch GET 200 https://registry.npmjs.org/queue-microtask/-/queue-microtask-1.2.3.tgz 1380ms (cache miss)
2666 http fetch GET 200 https://registry.npmjs.org/loose-envify/-/loose-envify-1.4.0.tgz 1467ms (cache miss)
2667 http fetch GET 200 https://registry.npmjs.org/js-tokens/-/js-tokens-4.0.0.tgz 1470ms (cache miss)
2668 http fetch GET 200 https://registry.npmjs.org/react-is/-/react-is-16.13.1.tgz 1470ms (cache miss)
2669 http fetch GET 200 https://registry.npmjs.org/node-exports-info/-/node-exports-info-1.6.0.tgz 1470ms (cache miss)
2670 http fetch GET 200 https://registry.npmjs.org/object-assign/-/object-assign-4.1.1.tgz 1509ms (cache miss)
2671 http fetch GET 200 https://registry.npmjs.org/callsites/-/callsites-3.1.0.tgz 1547ms (cache miss)
2672 http fetch GET 200 https://registry.npmjs.org/word-wrap/-/word-wrap-1.2.5.tgz 1549ms (cache miss)
2673 http fetch GET 200 https://registry.npmjs.org/p-limit/-/p-limit-3.1.0.tgz 1565ms (cache miss)
2674 http fetch GET 200 https://registry.npmjs.org/picocolors/-/picocolors-1.1.1.tgz 1580ms (cache miss)
2675 http fetch GET 200 https://registry.npmjs.org/source-map-js/-/source-map-js-1.2.1.tgz 1585ms (cache miss)
2676 http fetch GET 200 https://registry.npmjs.org/yocto-queue/-/yocto-queue-0.1.0.tgz 1591ms (cache miss)
2677 http fetch GET 200 https://registry.npmjs.org/deep-is/-/deep-is-0.1.4.tgz 1592ms (cache miss)
2678 http fetch GET 200 https://registry.npmjs.org/tslib/-/tslib-2.8.1.tgz 1609ms (cache miss)
2679 http fetch GET 200 https://registry.npmjs.org/nanoid/-/nanoid-3.3.11.tgz 1610ms (cache miss)
2680 http fetch GET 200 https://registry.npmjs.org/fast-levenshtein/-/fast-levenshtein-2.0.6.tgz 1610ms (cache miss)
2681 http fetch GET 200 https://registry.npmjs.org/streamsearch/-/streamsearch-1.1.0.tgz 1766ms (cache miss)
2682 http fetch GET 200 https://registry.npmjs.org/@swc/counter/-/counter-0.1.3.tgz 1766ms (cache miss)
2683 http fetch GET 200 https://registry.npmjs.org/balanced-match/-/balanced-match-1.0.2.tgz 1783ms (cache miss)
2684 http fetch GET 200 https://registry.npmjs.org/brace-expansion/-/brace-expansion-1.1.14.tgz 1788ms (cache miss)
2685 http fetch GET 200 https://registry.npmjs.org/concat-map/-/concat-map-0.0.1.tgz 1796ms (cache miss)
2686 http fetch GET 200 https://registry.npmjs.org/@next/env/-/env-15.0.3.tgz 1795ms (cache miss)
2687 http fetch GET 200 https://registry.npmjs.org/postcss/-/postcss-8.4.31.tgz 1809ms (cache miss)
2688 http fetch GET 200 https://registry.npmjs.org/busboy/-/busboy-1.6.0.tgz 1810ms (cache miss)
2689 http fetch GET 200 https://registry.npmjs.org/to-regex-range/-/to-regex-range-5.0.1.tgz 1834ms (cache miss)
2690 http fetch GET 200 https://registry.npmjs.org/p-locate/-/p-locate-5.0.0.tgz 1939ms (cache miss)
2691 http fetch GET 200 https://registry.npmjs.org/fill-range/-/fill-range-7.1.1.tgz 1948ms (cache miss)
2692 http fetch GET 200 https://registry.npmjs.org/styled-jsx/-/styled-jsx-5.1.6.tgz 1963ms (cache miss)
2693 http fetch GET 200 https://registry.npmjs.org/type-check/-/type-check-0.4.0.tgz 1989ms (cache miss)
2694 http fetch GET 200 https://registry.npmjs.org/json-buffer/-/json-buffer-3.0.1.tgz 1993ms (cache miss)
2695 http fetch GET 200 https://registry.npmjs.org/braces/-/braces-3.0.3.tgz 1998ms (cache miss)
2696 http fetch GET 200 https://registry.npmjs.org/picomatch/-/picomatch-2.3.2.tgz 2013ms (cache miss)
2697 http fetch GET 200 https://registry.npmjs.org/@img/sharp-darwin-arm64/-/sharp-darwin-arm64-0.33.5.tgz 2038ms (cache miss)
2698 http fetch GET 200 https://registry.npmjs.org/prelude-ls/-/prelude-ls-1.2.1.tgz 2062ms (cache miss)
2699 http fetch GET 200 https://registry.npmjs.org/path-parse/-/path-parse-1.0.7.tgz 2217ms (cache miss)
2700 http fetch GET 200 https://registry.npmjs.org/side-channel/-/side-channel-1.1.0.tgz 2275ms (cache miss)
2701 http fetch GET 200 https://registry.npmjs.org/resolve-from/-/resolve-from-4.0.0.tgz 2358ms (cache miss)
2702 http fetch GET 200 https://registry.npmjs.org/is-extglob/-/is-extglob-2.1.1.tgz 2366ms (cache miss)
2703 http fetch GET 200 https://registry.npmjs.org/set-function-name/-/set-function-name-2.0.2.tgz 2403ms (cache miss)
2704 http fetch GET 200 https://registry.npmjs.org/parent-module/-/parent-module-1.0.1.tgz 2415ms (cache miss)
2705 http fetch GET 200 https://registry.npmjs.org/argparse/-/argparse-2.0.1.tgz 2537ms (cache miss)
2706 http fetch GET 200 https://registry.npmjs.org/functions-have-names/-/functions-have-names-1.2.3.tgz 2563ms (cache miss)
2707 http fetch GET 200 https://registry.npmjs.org/resolve-pkg-maps/-/resolve-pkg-maps-1.0.0.tgz 2566ms (cache miss)
2708 http fetch GET 200 https://registry.npmjs.org/path-exists/-/path-exists-4.0.0.tgz 2568ms (cache miss)
2709 http fetch GET 200 https://registry.npmjs.org/keyv/-/keyv-4.5.4.tgz 2571ms (cache miss)
2710 http fetch GET 200 https://registry.npmjs.org/locate-path/-/locate-path-6.0.0.tgz 2572ms (cache miss)
2711 http fetch GET 200 https://registry.npmjs.org/flat-cache/-/flat-cache-4.0.1.tgz 2576ms (cache miss)
2712 http fetch GET 200 https://registry.npmjs.org/dunder-proto/-/dunder-proto-1.0.1.tgz 2588ms (cache miss)
2713 http fetch GET 200 https://registry.npmjs.org/reusify/-/reusify-1.1.0.tgz 2597ms (cache miss)
2714 http fetch GET 200 https://registry.npmjs.org/flatted/-/flatted-3.4.2.tgz 2620ms (cache miss)
2715 http fetch GET 200 https://registry.npmjs.org/run-parallel/-/run-parallel-1.2.0.tgz 2634ms (cache miss)
2716 http fetch GET 200 https://registry.npmjs.org/fastq/-/fastq-1.20.1.tgz 2642ms (cache miss)
2717 http fetch GET 200 https://registry.npmjs.org/sharp/-/sharp-0.33.5.tgz 2671ms (cache miss)
2718 http fetch GET 200 https://registry.npmjs.org/merge2/-/merge2-1.4.1.tgz 2726ms (cache miss)
2719 http fetch GET 200 https://registry.npmjs.org/micromatch/-/micromatch-4.0.8.tgz 2981ms (cache miss)
2720 http fetch GET 200 https://registry.npmjs.org/acorn-jsx/-/acorn-jsx-5.3.2.tgz 2984ms (cache miss)
2721 http fetch GET 200 https://registry.npmjs.org/string.prototype.repeat/-/string.prototype.repeat-1.0.0.tgz 2992ms (cache miss)
2722 http fetch GET 200 https://registry.npmjs.org/prop-types/-/prop-types-15.8.1.tgz 2994ms (cache miss)
2723 http fetch GET 200 https://registry.npmjs.org/@nodelib/fs.stat/-/fs.stat-2.0.5.tgz 3004ms (cache miss)
2724 http fetch GET 200 https://registry.npmjs.org/@nodelib/fs.scandir/-/fs.scandir-2.1.5.tgz 3016ms (cache miss)
2725 http fetch GET 200 https://registry.npmjs.org/@nodelib/fs.walk/-/fs.walk-1.2.8.tgz 3021ms (cache miss)
2726 http fetch GET 200 https://registry.npmjs.org/@swc/helpers/-/helpers-0.5.13.tgz 3063ms (cache miss)
2727 http fetch GET 200 https://registry.npmjs.org/caniuse-lite/-/caniuse-lite-1.0.30001788.tgz 3211ms (cache miss)
2728 http fetch GET 200 https://registry.npmjs.org/object.entries/-/object.entries-1.1.9.tgz 3617ms (cache miss)
2729 http fetch GET 200 https://registry.npmjs.org/language-subtag-registry/-/language-subtag-registry-0.3.23.tgz 3654ms (cache miss)
2730 http fetch GET 200 https://registry.npmjs.org/estraverse/-/estraverse-5.3.0.tgz 3952ms (cache miss)
2731 http fetch GET 200 https://registry.npmjs.org/string.prototype.matchall/-/string.prototype.matchall-4.0.12.tgz 4140ms (cache miss)
2732 http fetch GET 200 https://registry.npmjs.org/esrecurse/-/esrecurse-4.3.0.tgz 4167ms (cache miss)
2733 http fetch GET 200 https://registry.npmjs.org/iterator.prototype/-/iterator.prototype-1.1.5.tgz 4180ms (cache miss)
2734 http fetch GET 200 https://registry.npmjs.org/es-iterator-helpers/-/es-iterator-helpers-1.3.2.tgz 4614ms (cache miss)
2735 http fetch GET 200 https://registry.npmjs.org/emoji-regex/-/emoji-regex-9.2.2.tgz 4781ms (cache miss)
2736 http fetch GET 200 https://registry.npmjs.org/is-symbol/-/is-symbol-1.1.1.tgz 5029ms (cache miss)
2737 http fetch GET 200 https://registry.npmjs.org/ast-types-flow/-/ast-types-flow-0.0.8.tgz 5082ms (cache miss)
2738 http fetch GET 200 https://registry.npmjs.org/damerau-levenshtein/-/damerau-levenshtein-1.0.8.tgz 5164ms (cache miss)
2739 http fetch GET 200 https://registry.npmjs.org/array.prototype.findlast/-/array.prototype.findlast-1.2.5.tgz 5282ms (cache miss)
2740 http fetch GET 200 https://registry.npmjs.org/acorn/-/acorn-8.16.0.tgz 5293ms (cache miss)
2741 http fetch GET 200 https://registry.npmjs.org/jsx-ast-utils/-/jsx-ast-utils-3.3.5.tgz 5321ms (cache miss)
2742 http fetch GET 200 https://registry.npmjs.org/possible-typed-array-names/-/possible-typed-array-names-1.1.0.tgz 5399ms (cache miss)
2743 http fetch GET 200 https://registry.npmjs.org/array.prototype.tosorted/-/array.prototype.tosorted-1.1.4.tgz 5533ms (cache miss)
2744 http fetch GET 200 https://registry.npmjs.org/typed-array-length/-/typed-array-length-1.0.7.tgz 5697ms (cache miss)
2745 http fetch GET 200 https://registry.npmjs.org/is-date-object/-/is-date-object-1.1.0.tgz 5729ms (cache miss)
2746 http fetch GET 200 https://registry.npmjs.org/typed-array-byte-length/-/typed-array-byte-length-1.0.3.tgz 5737ms (cache miss)
2747 http fetch GET 200 https://registry.npmjs.org/which-typed-array/-/which-typed-array-1.1.20.tgz 5773ms (cache miss)
2748 http fetch GET 200 https://registry.npmjs.org/has-tostringtag/-/has-tostringtag-1.0.2.tgz 5831ms (cache miss)
2749 http fetch GET 200 https://registry.npmjs.org/typed-array-buffer/-/typed-array-buffer-1.0.3.tgz 5883ms (cache miss)
2750 http fetch GET 200 https://registry.npmjs.org/@unrs/resolver-binding-darwin-arm64/-/resolver-binding-darwin-arm64-1.11.1.tgz 5931ms (cache miss)
2751 http fetch GET 200 https://registry.npmjs.org/set-proto/-/set-proto-1.0.0.tgz 5926ms (cache miss)
2752 http fetch GET 200 https://registry.npmjs.org/typed-array-byte-offset/-/typed-array-byte-offset-1.0.4.tgz 5953ms (cache miss)
2753 http fetch GET 200 https://registry.npmjs.org/aria-query/-/aria-query-5.3.2.tgz 6021ms (cache miss)
2754 http fetch GET 200 https://registry.npmjs.org/safe-push-apply/-/safe-push-apply-1.0.0.tgz 6090ms (cache miss)
2755 http fetch GET 200 https://registry.npmjs.org/safe-regex-test/-/safe-regex-test-1.1.0.tgz 6136ms (cache miss)
2756 http fetch GET 200 https://registry.npmjs.org/own-keys/-/own-keys-1.0.1.tgz 6183ms (cache miss)
2757 http fetch GET 200 https://registry.npmjs.org/stop-iteration-iterator/-/stop-iteration-iterator-1.1.0.tgz 6215ms (cache miss)
2758 http fetch GET 200 https://registry.npmjs.org/string.prototype.trimstart/-/string.prototype.trimstart-1.0.8.tgz 6231ms (cache miss)
2759 http fetch GET 200 https://registry.npmjs.org/string.prototype.trim/-/string.prototype.trim-1.2.10.tgz 6335ms (cache miss)
2760 http fetch GET 200 https://registry.npmjs.org/is-weakref/-/is-weakref-1.1.1.tgz 6382ms (cache miss)
2761 http fetch GET 200 https://registry.npmjs.org/safe-array-concat/-/safe-array-concat-1.1.4.tgz 6383ms (cache miss)
2762 http fetch GET 200 https://registry.npmjs.org/unbox-primitive/-/unbox-primitive-1.1.0.tgz 6384ms (cache miss)
2763 http fetch GET 200 https://registry.npmjs.org/is-typed-array/-/is-typed-array-1.1.15.tgz 6443ms (cache miss)
2764 http fetch GET 200 https://registry.npmjs.org/object-inspect/-/object-inspect-1.13.4.tgz 6447ms (cache miss)
2765 http fetch GET 200 https://registry.npmjs.org/axe-core/-/axe-core-4.11.3.tgz 6576ms (cache miss)
2766 http fetch GET 200 https://registry.npmjs.org/is-regex/-/is-regex-1.2.1.tgz 6583ms (cache miss)
2767 http fetch GET 200 https://registry.npmjs.org/regexp.prototype.flags/-/regexp.prototype.flags-1.5.4.tgz 6588ms (cache miss)
2768 http fetch GET 200 https://registry.npmjs.org/has-proto/-/has-proto-1.2.0.tgz 6609ms (cache miss)
2769 http fetch GET 200 https://registry.npmjs.org/is-set/-/is-set-2.0.3.tgz 6615ms (cache miss)
2770 http fetch GET 200 https://registry.npmjs.org/is-negative-zero/-/is-negative-zero-2.0.3.tgz 6627ms (cache miss)
2771 http fetch GET 200 https://registry.npmjs.org/is-shared-array-buffer/-/is-shared-array-buffer-1.0.4.tgz 6704ms (cache miss)
2772 http fetch GET 200 https://registry.npmjs.org/internal-slot/-/internal-slot-1.1.0.tgz 6716ms (cache miss)
2773 http fetch GET 200 https://registry.npmjs.org/is-array-buffer/-/is-array-buffer-3.0.5.tgz 6717ms (cache miss)
2774 http fetch GET 200 https://registry.npmjs.org/has-symbols/-/has-symbols-1.1.0.tgz 6769ms (cache miss)
2775 http fetch GET 200 https://registry.npmjs.org/object.assign/-/object.assign-4.1.7.tgz 6797ms (cache miss)
2776 http fetch GET 200 https://registry.npmjs.org/is-data-view/-/is-data-view-1.0.2.tgz 6815ms (cache miss)
2777 http fetch GET 200 https://registry.npmjs.org/get-proto/-/get-proto-1.0.1.tgz 6839ms (cache miss)
2778 http fetch GET 200 https://registry.npmjs.org/globalthis/-/globalthis-1.0.4.tgz 6886ms (cache miss)
2779 http fetch GET 200 https://registry.npmjs.org/is-callable/-/is-callable-1.2.7.tgz 6887ms (cache miss)
2780 http fetch GET 200 https://registry.npmjs.org/function.prototype.name/-/function.prototype.name-1.1.8.tgz 6890ms (cache miss)
2781 http fetch GET 200 https://registry.npmjs.org/data-view-byte-offset/-/data-view-byte-offset-1.0.1.tgz 6930ms (cache miss)
2782 http fetch GET 200 https://registry.npmjs.org/available-typed-arrays/-/available-typed-arrays-1.0.7.tgz 6950ms (cache miss)
2783 http fetch GET 200 https://registry.npmjs.org/data-view-byte-length/-/data-view-byte-length-1.0.2.tgz 6982ms (cache miss)
2784 http fetch GET 200 https://registry.npmjs.org/data-view-buffer/-/data-view-buffer-1.0.2.tgz 7008ms (cache miss)
2785 http fetch GET 200 https://registry.npmjs.org/array-buffer-byte-length/-/array-buffer-byte-length-1.0.2.tgz 7021ms (cache miss)
2786 http fetch GET 200 https://registry.npmjs.org/es-to-primitive/-/es-to-primitive-1.3.0.tgz 7063ms (cache miss)
2787 http fetch GET 200 https://registry.npmjs.org/define-data-property/-/define-data-property-1.1.4.tgz 7098ms (cache miss)
2788 http fetch GET 200 https://registry.npmjs.org/es-define-property/-/es-define-property-1.0.1.tgz 7162ms (cache miss)
2789 http fetch GET 200 https://registry.npmjs.org/set-function-length/-/set-function-length-1.2.2.tgz 7225ms (cache miss)
2790 http fetch GET 200 https://registry.npmjs.org/function-bind/-/function-bind-1.1.2.tgz 7312ms (cache miss)
2791 http fetch GET 200 https://registry.npmjs.org/object-keys/-/object-keys-1.1.1.tgz 7319ms (cache miss)
2792 http fetch GET 200 https://registry.npmjs.org/has-property-descriptors/-/has-property-descriptors-1.0.2.tgz 7334ms (cache miss)
2793 http fetch GET 200 https://registry.npmjs.org/string.prototype.includes/-/string.prototype.includes-2.0.1.tgz 7350ms (cache miss)
2794 http fetch GET 200 https://registry.npmjs.org/call-bind-apply-helpers/-/call-bind-apply-helpers-1.0.2.tgz 7359ms (cache miss)
2795 http fetch GET 200 https://registry.npmjs.org/arraybuffer.prototype.slice/-/arraybuffer.prototype.slice-1.0.4.tgz 7402ms (cache miss)
2796 http fetch GET 200 https://registry.npmjs.org/language-tags/-/language-tags-1.0.9.tgz 7449ms (cache miss)
2797 http fetch GET 200 https://registry.npmjs.org/is-string/-/is-string-1.1.1.tgz 7457ms (cache miss)
2798 http fetch GET 200 https://registry.npmjs.org/get-intrinsic/-/get-intrinsic-1.3.0.tgz 7504ms (cache miss)
2799 http fetch GET 200 https://registry.npmjs.org/es-object-atoms/-/es-object-atoms-1.1.1.tgz 7508ms (cache miss)
2800 http fetch GET 200 https://registry.npmjs.org/es-shim-unscopables/-/es-shim-unscopables-1.1.0.tgz 7599ms (cache miss)
2801 http fetch GET 200 https://registry.npmjs.org/math-intrinsics/-/math-intrinsics-1.1.0.tgz 7618ms (cache miss)
2802 http fetch GET 200 https://registry.npmjs.org/define-properties/-/define-properties-1.2.1.tgz 7624ms (cache miss)
2803 http fetch GET 200 https://registry.npmjs.org/object.fromentries/-/object.fromentries-2.0.8.tgz 7810ms (cache miss)
2804 http fetch GET 200 https://registry.npmjs.org/call-bound/-/call-bound-1.0.4.tgz 7814ms (cache miss)
2805 http fetch GET 200 https://registry.npmjs.org/array.prototype.flatmap/-/array.prototype.flatmap-1.3.3.tgz 7813ms (cache miss)
2806 http fetch GET 200 https://registry.npmjs.org/object.values/-/object.values-1.2.1.tgz 7841ms (cache miss)
2807 http fetch GET 200 https://registry.npmjs.org/object.groupby/-/object.groupby-1.0.3.tgz 7871ms (cache miss)
2808 http fetch GET 200 https://registry.npmjs.org/array-includes/-/array-includes-3.1.9.tgz 8073ms (cache miss)
2809 http fetch GET 200 https://registry.npmjs.org/@rtsao/scc/-/scc-1.1.0.tgz 8092ms (cache miss)
2810 http fetch GET 200 https://registry.npmjs.org/gopd/-/gopd-1.2.0.tgz 8202ms (cache miss)
2811 http fetch GET 200 https://registry.npmjs.org/axobject-query/-/axobject-query-4.1.0.tgz 8215ms (cache miss)
2812 http fetch GET 200 https://registry.npmjs.org/array.prototype.flat/-/array.prototype.flat-1.3.3.tgz 8206ms (cache miss)
2813 http fetch GET 200 https://registry.npmjs.org/eslint-module-utils/-/eslint-module-utils-2.12.1.tgz 8209ms (cache miss)
2814 http fetch GET 200 https://registry.npmjs.org/doctrine/-/doctrine-2.1.0.tgz 8304ms (cache miss)
2815 http fetch GET 200 https://registry.npmjs.org/stable-hash/-/stable-hash-0.0.5.tgz 8344ms (cache miss)
2816 http fetch GET 200 https://registry.npmjs.org/is-bun-module/-/is-bun-module-2.0.0.tgz 8390ms (cache miss)
2817 http fetch GET 200 https://registry.npmjs.org/array.prototype.findlastindex/-/array.prototype.findlastindex-1.2.6.tgz 8455ms (cache miss)
2818 http fetch GET 200 https://registry.npmjs.org/es-errors/-/es-errors-1.3.0.tgz 8455ms (cache miss)
2819 http fetch GET 200 https://registry.npmjs.org/hasown/-/hasown-2.0.3.tgz 8456ms (cache miss)
2820 http fetch GET 200 https://registry.npmjs.org/unrs-resolver/-/unrs-resolver-1.11.1.tgz 8476ms (cache miss)
2821 http fetch GET 200 https://registry.npmjs.org/tsconfig-paths/-/tsconfig-paths-3.15.0.tgz 8484ms (cache miss)
2822 http fetch GET 200 https://registry.npmjs.org/@nolyfill/is-core-module/-/is-core-module-1.0.39.tgz 8620ms (cache miss)
2823 http fetch GET 200 https://registry.npmjs.org/@typescript-eslint/tsconfig-utils/-/tsconfig-utils-8.59.0.tgz 8834ms (cache miss)
2824 http fetch GET 200 https://registry.npmjs.org/@typescript-eslint/types/-/types-8.59.0.tgz 8850ms (cache miss)
2825 http fetch GET 200 https://registry.npmjs.org/resolve/-/resolve-2.0.0-next.6.tgz 8866ms (cache miss)
2826 http fetch GET 200 https://registry.npmjs.org/is-core-module/-/is-core-module-2.16.1.tgz 8898ms (cache miss)
2827 http fetch GET 200 https://registry.npmjs.org/@typescript-eslint/project-service/-/project-service-8.59.0.tgz 8985ms (cache miss)
2828 http fetch GET 200 https://registry.npmjs.org/tinyglobby/-/tinyglobby-0.2.16.tgz 9037ms (cache miss)
2829 http fetch GET 200 https://registry.npmjs.org/get-tsconfig/-/get-tsconfig-4.14.0.tgz 9116ms (cache miss)
2830 http fetch GET 200 https://registry.npmjs.org/get-symbol-description/-/get-symbol-description-1.1.0.tgz 9215ms (cache miss)
2831 http fetch GET 200 https://registry.npmjs.org/@typescript-eslint/visitor-keys/-/visitor-keys-8.59.0.tgz 9407ms (cache miss)
2832 http fetch GET 200 https://registry.npmjs.org/@typescript-eslint/type-utils/-/type-utils-8.59.0.tgz 9707ms (cache miss)
2833 http fetch GET 200 https://registry.npmjs.org/@typescript-eslint/utils/-/utils-8.59.0.tgz 9743ms (cache miss)
2834 http fetch GET 200 https://registry.npmjs.org/semver/-/semver-7.7.4.tgz 9877ms (cache miss)
2835 http fetch GET 200 https://registry.npmjs.org/eslint-import-resolver-node/-/eslint-import-resolver-node-0.3.10.tgz 9907ms (cache miss)
2836 http fetch GET 200 https://registry.npmjs.org/es-set-tostringtag/-/es-set-tostringtag-2.1.0.tgz 9907ms (cache miss)
2837 http fetch GET 200 https://registry.npmjs.org/eslint-import-resolver-typescript/-/eslint-import-resolver-typescript-3.10.1.tgz 10066ms (cache miss)
2838 http fetch GET 200 https://registry.npmjs.org/ts-api-utils/-/ts-api-utils-2.5.0.tgz 10131ms (cache miss)
2839 http fetch GET 200 https://registry.npmjs.org/@typescript-eslint/parser/-/parser-8.59.0.tgz 10131ms (cache miss)
2840 http fetch GET 200 https://registry.npmjs.org/which/-/which-2.0.2.tgz 10352ms (cache miss)
2841 http fetch GET 200 https://registry.npmjs.org/call-bind/-/call-bind-1.0.9.tgz 10402ms (cache miss)
2842 http fetch GET 200 https://registry.npmjs.org/string.prototype.trimend/-/string.prototype.trimend-1.0.9.tgz 10514ms (cache miss)
2843 http fetch GET 200 https://registry.npmjs.org/ms/-/ms-2.1.3.tgz 10510ms (cache miss)
2844 http fetch GET 200 https://registry.npmjs.org/@next/eslint-plugin-next/-/eslint-plugin-next-15.0.3.tgz 10528ms (cache miss)
2845 http fetch GET 200 https://registry.npmjs.org/path-key/-/path-key-3.1.1.tgz 10586ms (cache miss)
2846 http fetch GET 200 https://registry.npmjs.org/shebang-command/-/shebang-command-2.0.0.tgz 10835ms (cache miss)
2847 http fetch GET 200 https://registry.npmjs.org/supports-color/-/supports-color-7.2.0.tgz 10836ms (cache miss)
2848 http fetch GET 200 https://registry.npmjs.org/color-name/-/color-name-1.1.4.tgz 10837ms (cache miss)
2849 http fetch GET 200 https://registry.npmjs.org/ansi-styles/-/ansi-styles-4.3.0.tgz 10851ms (cache miss)
2850 http fetch GET 200 https://registry.npmjs.org/json-schema-traverse/-/json-schema-traverse-0.4.1.tgz 10973ms (cache miss)
2851 http fetch GET 200 https://registry.npmjs.org/eslint-plugin-jsx-a11y/-/eslint-plugin-jsx-a11y-6.10.2.tgz 10981ms (cache miss)
2852 http fetch GET 200 https://registry.npmjs.org/levn/-/levn-0.4.1.tgz 11115ms (cache miss)
2853 http fetch GET 200 https://registry.npmjs.org/strip-json-comments/-/strip-json-comments-3.1.1.tgz 11397ms (cache miss)
2854 http fetch GET 200 https://registry.npmjs.org/@humanfs/types/-/types-0.15.0.tgz 11398ms (cache miss)
2855 http fetch GET 200 https://registry.npmjs.org/color-convert/-/color-convert-2.0.1.tgz 11444ms (cache miss)
2856 http fetch GET 200 https://registry.npmjs.org/fast-json-stable-stringify/-/fast-json-stable-stringify-2.1.0.tgz 11527ms (cache miss)
2857 http fetch GET 200 https://registry.npmjs.org/import-fresh/-/import-fresh-3.3.1.tgz 12019ms (cache miss)
2858 http fetch GET 200 https://registry.npmjs.org/@humanfs/core/-/core-0.19.2.tgz 12049ms (cache miss)
2859 http fetch GET 200 https://registry.npmjs.org/@typescript-eslint/typescript-estree/-/typescript-estree-8.59.0.tgz 12127ms (cache miss)
2860 http fetch GET 200 https://registry.npmjs.org/text-table/-/text-table-0.2.0.tgz 12280ms (cache miss)
2861 http fetch GET 200 https://registry.npmjs.org/uri-js/-/uri-js-4.4.1.tgz 12288ms (cache miss)
2862 http fetch GET 200 https://registry.npmjs.org/natural-compare/-/natural-compare-1.4.0.tgz 12360ms (cache miss)
2863 http fetch GET 200 https://registry.npmjs.org/@typescript-eslint/scope-manager/-/scope-manager-8.59.0.tgz 12394ms (cache miss)
2864 http fetch GET 200 https://registry.npmjs.org/@eslint/object-schema/-/object-schema-2.1.7.tgz 12670ms (cache miss)
2865 http fetch GET 200 https://registry.npmjs.org/lodash.merge/-/lodash.merge-4.6.2.tgz 12709ms (cache miss)
2866 http fetch GET 200 https://registry.npmjs.org/minimatch/-/minimatch-3.1.5.tgz 12881ms (cache miss)
2867 http fetch GET 200 https://registry.npmjs.org/eslint-plugin-react-hooks/-/eslint-plugin-react-hooks-5.2.0.tgz 12890ms (cache miss)
2868 http fetch GET 200 https://registry.npmjs.org/json-stable-stringify-without-jsonify/-/json-stable-stringify-without-jsonify-1.0.1.tgz 12893ms (cache miss)
2869 http fetch GET 200 https://registry.npmjs.org/imurmurhash/-/imurmurhash-0.1.4.tgz 13078ms (cache miss)
2870 http fetch GET 200 https://registry.npmjs.org/glob-parent/-/glob-parent-6.0.2.tgz 13131ms (cache miss)
2871 http fetch GET 200 https://registry.npmjs.org/esutils/-/esutils-2.0.3.tgz 13245ms (cache miss)
2872 http fetch GET 200 https://registry.npmjs.org/find-up/-/find-up-5.0.0.tgz 13366ms (cache miss)
2873 http fetch GET 200 https://registry.npmjs.org/optionator/-/optionator-0.9.4.tgz 13513ms (cache miss)
2874 http fetch GET 200 https://registry.npmjs.org/js-yaml/-/js-yaml-4.1.1.tgz 13557ms (cache miss)
2875 http fetch GET 200 https://registry.npmjs.org/fast-deep-equal/-/fast-deep-equal-3.1.3.tgz 13591ms (cache miss)
2876 http fetch GET 200 https://registry.npmjs.org/is-glob/-/is-glob-4.0.3.tgz 13730ms (cache miss)
2877 http fetch GET 200 https://registry.npmjs.org/escape-string-regexp/-/escape-string-regexp-4.0.0.tgz 13735ms (cache miss)
2878 http fetch GET 200 https://registry.npmjs.org/cross-spawn/-/cross-spawn-7.0.6.tgz 14066ms (cache miss)
2879 http fetch GET 200 https://registry.npmjs.org/chalk/-/chalk-4.1.2.tgz 14068ms (cache miss)
2880 http fetch GET 200 https://registry.npmjs.org/file-entry-cache/-/file-entry-cache-8.0.0.tgz 14069ms (cache miss)
2881 http fetch GET 200 https://registry.npmjs.org/eslint-visitor-keys/-/eslint-visitor-keys-4.2.1.tgz 14635ms (cache miss)
2882 http fetch GET 200 https://registry.npmjs.org/@types/estree/-/estree-1.0.8.tgz 14671ms (cache miss)
2883 http fetch GET 200 https://registry.npmjs.org/espree/-/espree-10.4.0.tgz 14702ms (cache miss)
2884 http fetch GET 200 https://registry.npmjs.org/debug/-/debug-4.4.3.tgz 15005ms (cache miss)
2885 http fetch GET 200 https://registry.npmjs.org/es-abstract/-/es-abstract-1.24.2.tgz 15022ms (cache miss)
2886 http fetch GET 200 https://registry.npmjs.org/@types/json-schema/-/json-schema-7.0.15.tgz 15023ms (cache miss)
2887 http fetch GET 200 https://registry.npmjs.org/@rushstack/eslint-patch/-/eslint-patch-1.16.1.tgz 15081ms (cache miss)
2888 http fetch GET 200 https://registry.npmjs.org/esquery/-/esquery-1.7.0.tgz 15100ms (cache miss)
2889 http fetch GET 200 https://registry.npmjs.org/@humanwhocodes/module-importer/-/module-importer-1.0.1.tgz 15108ms (cache miss)
2890 http fetch GET 200 https://registry.npmjs.org/globals/-/globals-14.0.0.tgz 15112ms (cache miss)
2891 http fetch GET 200 https://registry.npmjs.org/@humanfs/node/-/node-0.16.8.tgz 15148ms (cache miss)
2892 http fetch GET 200 https://registry.npmjs.org/@humanwhocodes/retry/-/retry-0.4.3.tgz 15480ms (cache miss)
2893 http fetch GET 200 https://registry.npmjs.org/@eslint/js/-/js-9.14.0.tgz 15508ms (cache miss)
2894 http fetch GET 200 https://registry.npmjs.org/@eslint/plugin-kit/-/plugin-kit-0.2.8.tgz 15528ms (cache miss)
2895 http fetch GET 200 https://registry.npmjs.org/@eslint/config-array/-/config-array-0.18.0.tgz 15712ms (cache miss)
2896 http fetch GET 200 https://registry.npmjs.org/@types/prop-types/-/prop-types-15.7.15.tgz 15762ms (cache miss)
2897 http fetch GET 200 https://registry.npmjs.org/@eslint/core/-/core-0.7.0.tgz 15863ms (cache miss)
2898 http fetch GET 200 https://registry.npmjs.org/eslint-config-next/-/eslint-config-next-15.0.3.tgz 16339ms (cache miss)
2899 http fetch GET 200 https://registry.npmjs.org/@eslint-community/eslint-utils/-/eslint-utils-4.9.1.tgz 17181ms (cache miss)
2900 http fetch GET 200 https://registry.npmjs.org/react/-/react-18.3.1.tgz 17718ms (cache miss)
2901 http fetch GET 200 https://registry.npmjs.org/undici-types/-/undici-types-6.19.8.tgz 18452ms (cache miss)
2902 http fetch GET 200 https://registry.npmjs.org/eslint-plugin-react/-/eslint-plugin-react-7.37.5.tgz 18510ms (cache miss)
2903 http fetch GET 200 https://registry.npmjs.org/@types/react-dom/-/react-dom-18.3.1.tgz 19122ms (cache miss)
2904 http fetch GET 200 https://registry.npmjs.org/ajv/-/ajv-6.14.0.tgz 19674ms (cache miss)
2905 http fetch GET 200 https://registry.npmjs.org/semver/-/semver-6.3.1.tgz 20251ms (cache miss)
2906 http fetch GET 200 https://registry.npmjs.org/@typescript-eslint/eslint-plugin/-/eslint-plugin-8.59.0.tgz 20294ms (cache miss)
2907 http fetch GET 200 https://registry.npmjs.org/eslint-plugin-import/-/eslint-plugin-import-2.32.0.tgz 20802ms (cache miss)
2908 http fetch GET 200 https://registry.npmjs.org/eslint-scope/-/eslint-scope-8.4.0.tgz 20953ms (cache miss)
2909 http fetch GET 200 https://registry.npmjs.org/debug/-/debug-3.2.7.tgz 20962ms (cache miss)
2910 http fetch GET 200 https://registry.npmjs.org/picomatch/-/picomatch-4.0.4.tgz 21359ms (cache miss)
2911 http fetch GET 200 https://registry.npmjs.org/fdir/-/fdir-6.5.0.tgz 21392ms (cache miss)
2912 http fetch GET 200 https://registry.npmjs.org/balanced-match/-/balanced-match-4.0.4.tgz 21424ms (cache miss)
2913 http fetch GET 200 https://registry.npmjs.org/csstype/-/csstype-3.2.3.tgz 21744ms (cache miss)
2914 http fetch GET 200 https://registry.npmjs.org/@types/react/-/react-18.3.12.tgz 21806ms (cache miss)
2915 http fetch GET 200 https://registry.npmjs.org/@eslint/eslintrc/-/eslintrc-3.3.5.tgz 21864ms (cache miss)
2916 http fetch GET 200 https://registry.npmjs.org/ignore/-/ignore-5.3.2.tgz 21992ms (cache miss)
2917 http fetch GET 200 https://registry.npmjs.org/eslint-visitor-keys/-/eslint-visitor-keys-5.0.1.tgz 22091ms (cache miss)
2918 http fetch GET 200 https://registry.npmjs.org/glob-parent/-/glob-parent-5.1.2.tgz 22283ms (cache miss)
2919 http fetch GET 200 https://registry.npmjs.org/semver/-/semver-6.3.1.tgz 22561ms (cache miss)
2920 http fetch GET 200 https://registry.npmjs.org/semver/-/semver-6.3.1.tgz 22682ms (cache miss)
2921 http fetch GET 200 https://registry.npmjs.org/debug/-/debug-3.2.7.tgz 22752ms (cache miss)
2922 http fetch GET 200 https://registry.npmjs.org/ignore/-/ignore-7.0.5.tgz 22804ms (cache miss)
2923 http fetch GET 200 https://registry.npmjs.org/debug/-/debug-3.2.7.tgz 23052ms (cache miss)
2924 http fetch GET 200 https://registry.npmjs.org/@eslint/core/-/core-0.13.0.tgz 23102ms (cache miss)
2925 http fetch GET 200 https://registry.npmjs.org/eslint-visitor-keys/-/eslint-visitor-keys-3.4.3.tgz 23173ms (cache miss)
2926 http fetch GET 200 https://registry.npmjs.org/@eslint-community/regexpp/-/regexpp-4.12.2.tgz 23455ms (cache miss)
2927 http fetch GET 200 https://registry.npmjs.org/@eslint%2fplugin-kit 23098ms (cache miss)
2928 silly packumentCache corgi:https://registry.npmjs.org/@eslint%2fplugin-kit set size:undefined disposed:false
2929 http fetch GET 200 https://registry.npmjs.org/brace-expansion/-/brace-expansion-5.0.5.tgz 23697ms (cache miss)
2930 http fetch GET 200 https://registry.npmjs.org/fast-glob/-/fast-glob-3.3.1.tgz 23758ms (cache miss)
2931 http fetch GET 200 https://registry.npmjs.org/minimatch/-/minimatch-10.2.5.tgz 24061ms (cache miss)
2932 http fetch GET 200 https://registry.npmjs.org/eslint/-/eslint-9.14.0.tgz 24979ms (cache miss)
2933 http fetch GET 200 https://registry.npmjs.org/react-dom/-/react-dom-18.3.1.tgz 27179ms (cache miss)
2934 http fetch GET 200 https://registry.npmjs.org/@types/node/-/node-22.9.0.tgz 27850ms (cache miss)
2935 http fetch GET 200 https://registry.npmjs.org/next 40713ms (cache miss)
2936 silly packumentCache corgi:https://registry.npmjs.org/next set size:undefined disposed:false
2937 silly packumentCache corgi:https://registry.npmjs.org/eslint cache-miss
2938 http cache https://registry.npmjs.org/eslint 28ms (cache hit)
2939 silly packumentCache corgi:https://registry.npmjs.org/eslint set size:1151184 disposed:false
2940 silly packumentCache corgi:https://registry.npmjs.org/eslint-config-next cache-miss
2941 silly packumentCache corgi:https://registry.npmjs.org/@eslint-community%2feslint-utils cache-miss
2942 silly packumentCache corgi:https://registry.npmjs.org/@typescript-eslint%2feslint-plugin cache-miss
2943 silly packumentCache corgi:https://registry.npmjs.org/@typescript-eslint%2fparser cache-miss
2944 silly packumentCache corgi:https://registry.npmjs.org/eslint-import-resolver-typescript cache-miss
2945 silly packumentCache corgi:https://registry.npmjs.org/eslint-plugin-import cache-miss
2946 silly packumentCache corgi:https://registry.npmjs.org/eslint-plugin-jsx-a11y cache-miss
2947 silly packumentCache corgi:https://registry.npmjs.org/eslint-plugin-react cache-miss
2948 silly packumentCache corgi:https://registry.npmjs.org/eslint-plugin-react-hooks cache-miss
2949 silly packumentCache corgi:https://registry.npmjs.org/@typescript-eslint%2ftype-utils cache-miss
2950 silly packumentCache corgi:https://registry.npmjs.org/@typescript-eslint%2futils cache-miss
2951 http cache https://registry.npmjs.org/@eslint-community%2feslint-utils 7ms (cache hit)
2952 silly packumentCache corgi:https://registry.npmjs.org/@eslint-community%2feslint-utils set size:44347 disposed:false
2953 http cache https://registry.npmjs.org/eslint-plugin-react 9ms (cache hit)
2954 silly packumentCache corgi:https://registry.npmjs.org/eslint-plugin-react set size:309843 disposed:false
2955 http cache https://registry.npmjs.org/eslint-plugin-import 14ms (cache hit)
2956 silly packumentCache corgi:https://registry.npmjs.org/eslint-plugin-import set size:238396 disposed:false
2957 http cache https://registry.npmjs.org/eslint-import-resolver-typescript 17ms (cache hit)
2958 silly packumentCache corgi:https://registry.npmjs.org/eslint-import-resolver-typescript set size:138502 disposed:false
2959 http cache https://registry.npmjs.org/eslint-plugin-jsx-a11y 18ms (cache hit)
2960 silly packumentCache corgi:https://registry.npmjs.org/eslint-plugin-jsx-a11y set size:108835 disposed:false
2961 http fetch GET 200 https://registry.npmjs.org/@img/sharp-libvips-darwin-arm64/-/sharp-libvips-darwin-arm64-1.0.4.tgz 48560ms (cache miss)
2962 http fetch GET 200 https://registry.npmjs.org/lucide-react/-/lucide-react-0.462.0.tgz 51832ms (cache miss)
2963 http fetch GET 200 https://registry.npmjs.org/eslint-config-next 14787ms (cache miss)
2964 silly packumentCache corgi:https://registry.npmjs.org/eslint-config-next set size:undefined disposed:false
2965 http fetch GET 200 https://registry.npmjs.org/eslint-plugin-react-hooks 19334ms (cache miss)
2966 silly packumentCache corgi:https://registry.npmjs.org/eslint-plugin-react-hooks set size:undefined disposed:false
2967 http fetch GET 200 https://registry.npmjs.org/@typescript-eslint%2ftype-utils 23545ms (cache miss)
2968 silly packumentCache corgi:https://registry.npmjs.org/@typescript-eslint%2ftype-utils set size:undefined disposed:false
2969 http fetch GET 200 https://registry.npmjs.org/@typescript-eslint%2futils 25008ms (cache miss)
2970 silly packumentCache corgi:https://registry.npmjs.org/@typescript-eslint%2futils set size:undefined disposed:false
2971 http fetch GET 200 https://registry.npmjs.org/@typescript-eslint%2fparser 26132ms (cache miss)
2972 silly packumentCache corgi:https://registry.npmjs.org/@typescript-eslint%2fparser set size:undefined disposed:false
2973 http fetch GET 200 https://registry.npmjs.org/@typescript-eslint%2feslint-plugin 26993ms (cache miss)
2974 silly packumentCache corgi:https://registry.npmjs.org/@typescript-eslint%2feslint-plugin set size:undefined disposed:false
2975 http fetch GET 200 https://registry.npmjs.org/typescript/-/typescript-5.6.3.tgz 70984ms (cache miss)
2976 http fetch GET 200 https://registry.npmjs.org/@next/swc-darwin-arm64/-/swc-darwin-arm64-15.0.3.tgz 114474ms (cache miss)
2977 http fetch GET 200 https://registry.npmjs.org/next/-/next-15.0.3.tgz 123055ms (cache miss)
2978 warn deprecated next@15.0.3: This version has a security vulnerability. Please upgrade to a patched version. See https://nextjs.org/blog/CVE-2025-66478 for more details.
2979 info run sharp@0.33.5 install node_modules/sharp node install/check
2980 info run sharp@0.33.5 install { code: 0, signal: null }
2981 info run unrs-resolver@1.11.1 postinstall node_modules/unrs-resolver napi-postinstall unrs-resolver 1.11.1 check
2982 info run unrs-resolver@1.11.1 postinstall { code: 0, signal: null }
2983 silly ADD node_modules/is-weakset
2984 silly ADD node_modules/is-weakmap
2985 silly ADD node_modules/is-map
2986 silly ADD node_modules/generator-function
2987 silly ADD node_modules/async-function
2988 silly ADD node_modules/which-collection
2989 silly ADD node_modules/is-generator-function
2990 silly ADD node_modules/is-finalizationregistry
2991 silly ADD node_modules/is-async-function
2992 silly ADD node_modules/is-number-object
2993 silly ADD node_modules/is-boolean-object
2994 silly ADD node_modules/is-bigint
2995 silly ADD node_modules/isexe
2996 silly ADD node_modules/punycode
2997 silly ADD node_modules/napi-postinstall
2998 silly ADD node_modules/@unrs/resolver-binding-darwin-arm64
2999 silly ADD node_modules/which-boxed-primitive
3000 silly ADD node_modules/has-bigints
3001 silly ADD node_modules/which-builtin-type
3002 silly ADD node_modules/reflect.getprototypeof
3003 silly ADD node_modules/for-each
3004 silly ADD node_modules/strip-bom
3005 silly ADD node_modules/minimist
3006 silly ADD node_modules/json5
3007 silly ADD node_modules/@types/json5
3008 silly ADD node_modules/is-number
3009 silly ADD node_modules/has-flag
3010 silly ADD node_modules/client-only
3011 silly ADD node_modules/is-arrayish
3012 silly ADD node_modules/side-channel-weakmap
3013 silly ADD node_modules/side-channel-map
3014 silly ADD node_modules/side-channel-list
3015 silly ADD node_modules/shebang-regex
3016 silly ADD node_modules/simple-swizzle
3017 silly ADD node_modules/color-string
3018 silly ADD node_modules/@emnapi/runtime
3019 silly ADD node_modules/detect-libc
3020 silly ADD node_modules/color
3021 silly ADD node_modules/@img/sharp-libvips-darwin-arm64
3022 silly ADD node_modules/@img/sharp-darwin-arm64
3023 silly ADD node_modules/isarray
3024 silly ADD node_modules/queue-microtask
3025 silly ADD node_modules/supports-preserve-symlinks-flag
3026 silly ADD node_modules/path-parse
3027 silly ADD node_modules/node-exports-info
3028 silly ADD node_modules/node-exports-info/node_modules/semver
3029 silly ADD node_modules/scheduler
3030 silly ADD node_modules/js-tokens
3031 silly ADD node_modules/react-is
3032 silly ADD node_modules/object-assign
3033 silly ADD node_modules/loose-envify
3034 silly ADD node_modules/source-map-js
3035 silly ADD node_modules/picocolors
3036 silly ADD node_modules/nanoid
3037 silly ADD node_modules/callsites
3038 silly ADD node_modules/yocto-queue
3039 silly ADD node_modules/p-limit
3040 silly ADD node_modules/word-wrap
3041 silly ADD node_modules/fast-levenshtein
3042 silly ADD node_modules/deep-is
3043 silly ADD node_modules/streamsearch
3044 silly ADD node_modules/tslib
3045 silly ADD node_modules/styled-jsx
3046 silly ADD node_modules/sharp
3047 silly ADD node_modules/postcss
3048 silly ADD node_modules/caniuse-lite
3049 silly ADD node_modules/busboy
3050 silly ADD node_modules/@swc/helpers
3051 silly ADD node_modules/@swc/counter
3052 silly ADD node_modules/@next/swc-darwin-arm64
3053 silly ADD node_modules/@next/env
3054 silly ADD node_modules/concat-map
3055 silly ADD node_modules/balanced-match
3056 silly ADD node_modules/brace-expansion
3057 silly ADD node_modules/to-regex-range
3058 silly ADD node_modules/fill-range
3059 silly ADD node_modules/picomatch
3060 silly ADD node_modules/braces
3061 silly ADD node_modules/p-locate
3062 silly ADD node_modules/type-check
3063 silly ADD node_modules/prelude-ls
3064 silly ADD node_modules/language-subtag-registry
3065 silly ADD node_modules/json-buffer
3066 silly ADD node_modules/argparse
3067 silly ADD node_modules/set-function-name
3068 silly ADD node_modules/is-extglob
3069 silly ADD node_modules/side-channel
3070 silly ADD node_modules/resolve-from
3071 silly ADD node_modules/parent-module
3072 silly ADD node_modules/resolve-pkg-maps
3073 silly ADD node_modules/dunder-proto
3074 silly ADD node_modules/functions-have-names
3075 silly ADD node_modules/keyv
3076 silly ADD node_modules/flatted
3077 silly ADD node_modules/path-exists
3078 silly ADD node_modules/locate-path
3079 silly ADD node_modules/flat-cache
3080 silly ADD node_modules/reusify
3081 silly ADD node_modules/run-parallel
3082 silly ADD node_modules/fastq
3083 silly ADD node_modules/@nodelib/fs.scandir
3084 silly ADD node_modules/micromatch
3085 silly ADD node_modules/merge2
3086 silly ADD node_modules/@nodelib/fs.walk
3087 silly ADD node_modules/@nodelib/fs.stat
3088 silly ADD node_modules/acorn-jsx
3089 silly ADD node_modules/acorn
3090 silly ADD node_modules/esrecurse
3091 silly ADD node_modules/iterator.prototype
3092 silly ADD node_modules/string.prototype.repeat
3093 silly ADD node_modules/string.prototype.matchall
3094 silly ADD node_modules/prop-types
3095 silly ADD node_modules/object.entries
3096 silly ADD node_modules/estraverse
3097 silly ADD node_modules/es-iterator-helpers
3098 silly ADD node_modules/array.prototype.tosorted
3099 silly ADD node_modules/array.prototype.findlast
3100 silly ADD node_modules/string.prototype.includes
3101 silly ADD node_modules/language-tags
3102 silly ADD node_modules/jsx-ast-utils
3103 silly ADD node_modules/emoji-regex
3104 silly ADD node_modules/damerau-levenshtein
3105 silly ADD node_modules/axobject-query
3106 silly ADD node_modules/axe-core
3107 silly ADD node_modules/ast-types-flow
3108 silly ADD node_modules/aria-query
3109 silly ADD node_modules/is-symbol
3110 silly ADD node_modules/is-date-object
3111 silly ADD node_modules/has-tostringtag
3112 silly ADD node_modules/possible-typed-array-names
3113 silly ADD node_modules/which-typed-array
3114 silly ADD node_modules/unbox-primitive
3115 silly ADD node_modules/typed-array-length
3116 silly ADD node_modules/typed-array-byte-offset
3117 silly ADD node_modules/typed-array-byte-length
3118 silly ADD node_modules/typed-array-buffer
3119 silly ADD node_modules/string.prototype.trimstart
3120 silly ADD node_modules/string.prototype.trim
3121 silly ADD node_modules/stop-iteration-iterator
3122 silly ADD node_modules/set-proto
3123 silly ADD node_modules/safe-regex-test
3124 silly ADD node_modules/safe-push-apply
3125 silly ADD node_modules/safe-array-concat
3126 silly ADD node_modules/regexp.prototype.flags
3127 silly ADD node_modules/own-keys
3128 silly ADD node_modules/object.assign
3129 silly ADD node_modules/object-inspect
3130 silly ADD node_modules/is-weakref
3131 silly ADD node_modules/is-typed-array
3132 silly ADD node_modules/is-shared-array-buffer
3133 silly ADD node_modules/is-set
3134 silly ADD node_modules/is-regex
3135 silly ADD node_modules/is-negative-zero
3136 silly ADD node_modules/is-data-view
3137 silly ADD node_modules/is-callable
3138 silly ADD node_modules/is-array-buffer
3139 silly ADD node_modules/internal-slot
3140 silly ADD node_modules/has-symbols
3141 silly ADD node_modules/has-proto
3142 silly ADD node_modules/globalthis
3143 silly ADD node_modules/get-symbol-description
3144 silly ADD node_modules/get-proto
3145 silly ADD node_modules/function.prototype.name
3146 silly ADD node_modules/es-to-primitive
3147 silly ADD node_modules/es-set-tostringtag
3148 silly ADD node_modules/data-view-byte-offset
3149 silly ADD node_modules/data-view-byte-length
3150 silly ADD node_modules/data-view-buffer
3151 silly ADD node_modules/available-typed-arrays
3152 silly ADD node_modules/arraybuffer.prototype.slice
3153 silly ADD node_modules/array-buffer-byte-length
3154 silly ADD node_modules/gopd
3155 silly ADD node_modules/object-keys
3156 silly ADD node_modules/has-property-descriptors
3157 silly ADD node_modules/define-data-property
3158 silly ADD node_modules/function-bind
3159 silly ADD node_modules/set-function-length
3160 silly ADD node_modules/es-define-property
3161 silly ADD node_modules/call-bind-apply-helpers
3162 silly ADD node_modules/es-shim-unscopables
3163 silly ADD node_modules/es-errors
3164 silly ADD node_modules/math-intrinsics
3165 silly ADD node_modules/is-string
3166 silly ADD node_modules/get-intrinsic
3167 silly ADD node_modules/es-object-atoms
3168 silly ADD node_modules/es-abstract
3169 silly ADD node_modules/define-properties
3170 silly ADD node_modules/call-bound
3171 silly ADD node_modules/call-bind
3172 silly ADD node_modules/tsconfig-paths
3173 silly ADD node_modules/string.prototype.trimend
3174 silly ADD node_modules/object.values
3175 silly ADD node_modules/object.groupby
3176 silly ADD node_modules/object.fromentries
3177 silly ADD node_modules/hasown
3178 silly ADD node_modules/eslint-module-utils
3179 silly ADD node_modules/eslint-module-utils/node_modules/debug
3180 silly ADD node_modules/doctrine
3181 silly ADD node_modules/array.prototype.flatmap
3182 silly ADD node_modules/array.prototype.flat
3183 silly ADD node_modules/array.prototype.findlastindex
3184 silly ADD node_modules/array-includes
3185 silly ADD node_modules/@rtsao/scc
3186 silly ADD node_modules/unrs-resolver
3187 silly ADD node_modules/stable-hash
3188 silly ADD node_modules/is-bun-module
3189 silly ADD node_modules/get-tsconfig
3190 silly ADD node_modules/@nolyfill/is-core-module
3191 silly ADD node_modules/resolve
3192 silly ADD node_modules/is-core-module
3193 silly ADD node_modules/tinyglobby
3194 silly ADD node_modules/tinyglobby/node_modules/picomatch
3195 silly ADD node_modules/tinyglobby/node_modules/fdir
3196 silly ADD node_modules/semver
3197 silly ADD node_modules/@typescript-eslint/tsconfig-utils
3198 silly ADD node_modules/@typescript-eslint/project-service
3199 silly ADD node_modules/@typescript-eslint/typescript-estree
3200 silly ADD node_modules/@typescript-eslint/typescript-estree/node_modules/balanced-match
3201 silly ADD node_modules/@typescript-eslint/typescript-estree/node_modules/brace-expansion
3202 silly ADD node_modules/@typescript-eslint/typescript-estree/node_modules/minimatch
3203 silly ADD node_modules/@typescript-eslint/types
3204 silly ADD node_modules/ts-api-utils
3205 silly ADD node_modules/@typescript-eslint/visitor-keys
3206 silly ADD node_modules/@typescript-eslint/visitor-keys/node_modules/eslint-visitor-keys
3207 silly ADD node_modules/@typescript-eslint/utils
3208 silly ADD node_modules/@typescript-eslint/type-utils
3209 silly ADD node_modules/@typescript-eslint/scope-manager
3210 silly ADD node_modules/fast-glob
3211 silly ADD node_modules/fast-glob/node_modules/glob-parent
3212 silly ADD node_modules/eslint-plugin-react-hooks
3213 silly ADD node_modules/eslint-plugin-react
3214 silly ADD node_modules/eslint-plugin-react/node_modules/semver
3215 silly ADD node_modules/eslint-plugin-jsx-a11y
3216 silly ADD node_modules/eslint-plugin-import
3217 silly ADD node_modules/eslint-plugin-import/node_modules/semver
3218 silly ADD node_modules/eslint-plugin-import/node_modules/debug
3219 silly ADD node_modules/eslint-import-resolver-typescript
3220 silly ADD node_modules/eslint-import-resolver-node
3221 silly ADD node_modules/eslint-import-resolver-node/node_modules/debug
3222 silly ADD node_modules/@typescript-eslint/parser
3223 silly ADD node_modules/@typescript-eslint/eslint-plugin
3224 silly ADD node_modules/@typescript-eslint/eslint-plugin/node_modules/ignore
3225 silly ADD node_modules/@rushstack/eslint-patch
3226 silly ADD node_modules/@next/eslint-plugin-next
3227 silly ADD node_modules/ms
3228 silly ADD node_modules/which
3229 silly ADD node_modules/shebang-command
3230 silly ADD node_modules/path-key
3231 silly ADD node_modules/color-name
3232 silly ADD node_modules/color-convert
3233 silly ADD node_modules/supports-color
3234 silly ADD node_modules/ansi-styles
3235 silly ADD node_modules/uri-js
3236 silly ADD node_modules/json-schema-traverse
3237 silly ADD node_modules/fast-json-stable-stringify
3238 silly ADD node_modules/@humanfs/types
3239 silly ADD node_modules/@humanfs/core
3240 silly ADD node_modules/levn
3241 silly ADD node_modules/strip-json-comments
3242 silly ADD node_modules/js-yaml
3243 silly ADD node_modules/import-fresh
3244 silly ADD node_modules/globals
3245 silly ADD node_modules/@eslint/object-schema
3246 silly ADD node_modules/text-table
3247 silly ADD node_modules/optionator
3248 silly ADD node_modules/natural-compare
3249 silly ADD node_modules/minimatch
3250 silly ADD node_modules/lodash.merge
3251 silly ADD node_modules/json-stable-stringify-without-jsonify
3252 silly ADD node_modules/is-glob
3253 silly ADD node_modules/imurmurhash
3254 silly ADD node_modules/ignore
3255 silly ADD node_modules/glob-parent
3256 silly ADD node_modules/find-up
3257 silly ADD node_modules/file-entry-cache
3258 silly ADD node_modules/fast-deep-equal
3259 silly ADD node_modules/esutils
3260 silly ADD node_modules/esquery
3261 silly ADD node_modules/espree
3262 silly ADD node_modules/eslint-visitor-keys
3263 silly ADD node_modules/eslint-scope
3264 silly ADD node_modules/escape-string-regexp
3265 silly ADD node_modules/debug
3266 silly ADD node_modules/cross-spawn
3267 silly ADD node_modules/chalk
3268 silly ADD node_modules/ajv
3269 silly ADD node_modules/@types/json-schema
3270 silly ADD node_modules/@types/estree
3271 silly ADD node_modules/@humanwhocodes/retry
3272 silly ADD node_modules/@humanwhocodes/module-importer
3273 silly ADD node_modules/@humanfs/node
3274 silly ADD node_modules/@eslint/plugin-kit
3275 silly ADD node_modules/@eslint/plugin-kit/node_modules/@eslint/core
3276 silly ADD node_modules/@eslint/js
3277 silly ADD node_modules/@eslint/eslintrc
3278 silly ADD node_modules/@eslint/core
3279 silly ADD node_modules/@eslint/config-array
3280 silly ADD node_modules/@eslint-community/regexpp
3281 silly ADD node_modules/@eslint-community/eslint-utils
3282 silly ADD node_modules/@eslint-community/eslint-utils/node_modules/eslint-visitor-keys
3283 silly ADD node_modules/csstype
3284 silly ADD node_modules/@types/prop-types
3285 silly ADD node_modules/undici-types
3286 silly ADD node_modules/typescript
3287 silly ADD node_modules/react-dom
3288 silly ADD node_modules/next
3289 silly ADD node_modules/react
3290 silly ADD node_modules/lucide-react
3291 silly ADD node_modules/eslint-config-next
3292 silly ADD node_modules/eslint
3293 silly ADD node_modules/@types/react-dom
3294 silly ADD node_modules/@types/react
3295 silly ADD node_modules/@types/node
3296 verbose cwd /Users/edwininganji/VSCodeProjects/cchis/frontend
3297 verbose os Darwin 25.3.0
3298 verbose node v25.6.0
3299 verbose npm  v11.8.0
3300 verbose exit 0
3301 info ok
