0 verbose cli /usr/local/bin/node /usr/local/bin/npm
1 info using npm@11.8.0
2 info using node@v25.6.0
3 silly config load:file:/usr/local/lib/node_modules/npm/npmrc
4 silly config load:file:/Users/edwininganji/VSCodeProjects/cchis/frontend/.npmrc
5 silly config load:file:/Users/edwininganji/.npmrc
6 silly config load:file:/usr/local/etc/npmrc
7 verbose title npm install
8 verbose argv "install" "--cache" ".npm-cache"
9 verbose logfile logs-max:10 dir:/Users/edwininganji/VSCodeProjects/cchis/frontend/.npm-cache/_logs/2026-04-21T17_05_01_101Z-
10 verbose logfile /Users/edwininganji/VSCodeProjects/cchis/frontend/.npm-cache/_logs/2026-04-21T17_05_01_101Z-debug-0.log
11 silly logfile done cleaning log files
12 silly packumentCache heap:2348810240 maxSize:587202560 maxEntrySize:293601280
13 silly idealTree buildDeps
14 silly fetch manifest lucide-react@0.462.0
15 silly packumentCache full:https://registry.npmjs.org/lucide-react cache-miss
16 http fetch GET 200 https://registry.npmjs.org/npm 1117ms
17 http fetch GET 200 https://registry.npmjs.org/lucide-react 1563ms (cache miss)
18 silly packumentCache full:https://registry.npmjs.org/lucide-react set size:undefined disposed:false
19 silly fetch manifest react@18.3.1
20 silly packumentCache full:https://registry.npmjs.org/react cache-miss
21 http fetch GET 200 https://registry.npmjs.org/react 640ms (cache miss)
22 silly packumentCache full:https://registry.npmjs.org/react set size:undefined disposed:false
23 silly fetch manifest next@15.0.3
24 silly packumentCache full:https://registry.npmjs.org/next cache-miss
25 http fetch GET 200 https://registry.npmjs.org/next 1033ms (cache miss)
26 silly packumentCache full:https://registry.npmjs.org/next set size:undefined disposed:false
27 silly fetch manifest @opentelemetry/api@^1.1.0
28 silly packumentCache full:https://registry.npmjs.org/@opentelemetry%2fapi cache-miss
29 http fetch GET 200 https://registry.npmjs.org/@opentelemetry%2fapi 250ms (cache miss)
30 silly packumentCache full:https://registry.npmjs.org/@opentelemetry%2fapi set size:undefined disposed:false
31 silly fetch manifest @playwright/test@^1.41.2
32 silly packumentCache full:https://registry.npmjs.org/@playwright%2ftest cache-miss
33 http fetch GET 200 https://registry.npmjs.org/@playwright%2ftest 1096ms (cache miss)
34 silly packumentCache full:https://registry.npmjs.org/@playwright%2ftest set size:undefined disposed:false
35 silly fetch manifest babel-plugin-react-compiler@*
36 silly packumentCache full:https://registry.npmjs.org/babel-plugin-react-compiler cache-miss
37 http fetch GET 200 https://registry.npmjs.org/babel-plugin-react-compiler 192ms (cache miss)
38 silly packumentCache full:https://registry.npmjs.org/babel-plugin-react-compiler set size:undefined disposed:false
39 silly fetch manifest react-dom@18.3.1
40 silly packumentCache full:https://registry.npmjs.org/react-dom cache-miss
41 http fetch GET 200 https://registry.npmjs.org/react-dom 576ms (cache miss)
42 silly packumentCache full:https://registry.npmjs.org/react-dom set size:undefined disposed:false
43 silly fetch manifest sass@^1.3.0
44 silly packumentCache full:https://registry.npmjs.org/sass cache-miss
45 http fetch GET 200 https://registry.npmjs.org/sass 225ms (cache miss)
46 silly packumentCache full:https://registry.npmjs.org/sass set size:undefined disposed:false
47 silly fetch manifest @types/node@22.9.0
48 silly packumentCache full:https://registry.npmjs.org/@types%2fnode cache-miss
49 http fetch GET 200 https://registry.npmjs.org/@types%2fnode 561ms (cache miss)
50 silly packumentCache full:https://registry.npmjs.org/@types%2fnode set size:undefined disposed:false
51 silly fetch manifest @types/react@18.3.12
52 silly packumentCache full:https://registry.npmjs.org/@types%2freact cache-miss
53 http fetch GET 200 https://registry.npmjs.org/@types%2freact 240ms (cache miss)
54 silly packumentCache full:https://registry.npmjs.org/@types%2freact set size:undefined disposed:false
55 silly fetch manifest @types/react-dom@18.3.1
56 silly packumentCache full:https://registry.npmjs.org/@types%2freact-dom cache-miss
57 http fetch GET 200 https://registry.npmjs.org/@types%2freact-dom 256ms (cache miss)
58 silly packumentCache full:https://registry.npmjs.org/@types%2freact-dom set size:undefined disposed:false
59 silly fetch manifest eslint@9.14.0
60 silly packumentCache full:https://registry.npmjs.org/eslint cache-miss
61 http fetch GET 200 https://registry.npmjs.org/eslint 203ms (cache miss)
62 silly packumentCache full:https://registry.npmjs.org/eslint set size:undefined disposed:false
63 silly fetch manifest jiti@*
64 silly packumentCache full:https://registry.npmjs.org/jiti cache-miss
65 http fetch GET 200 https://registry.npmjs.org/jiti 238ms (cache miss)
66 silly packumentCache full:https://registry.npmjs.org/jiti set size:undefined disposed:false
67 silly fetch manifest eslint-config-next@15.0.3
68 silly packumentCache full:https://registry.npmjs.org/eslint-config-next cache-miss
69 http fetch GET 200 https://registry.npmjs.org/eslint-config-next 451ms (cache miss)
70 silly packumentCache full:https://registry.npmjs.org/eslint-config-next set size:undefined disposed:false
71 silly fetch manifest typescript@5.6.3
72 silly packumentCache full:https://registry.npmjs.org/typescript cache-miss
73 http fetch GET 200 https://registry.npmjs.org/typescript 686ms (cache miss)
74 silly packumentCache full:https://registry.npmjs.org/typescript set size:undefined disposed:false
75 silly placeDep ROOT @types/node@22.9.0 OK for: cchis-dashboard@0.1.0 want: 22.9.0
76 silly placeDep ROOT @types/react@18.3.12 OK for: cchis-dashboard@0.1.0 want: 18.3.12
77 silly placeDep ROOT @types/react-dom@18.3.1 OK for: cchis-dashboard@0.1.0 want: 18.3.1
78 silly placeDep ROOT eslint@9.14.0 OK for: cchis-dashboard@0.1.0 want: 9.14.0
79 silly placeDep ROOT eslint-config-next@15.0.3 OK for: cchis-dashboard@0.1.0 want: 15.0.3
80 silly placeDep ROOT lucide-react@0.462.0 OK for: cchis-dashboard@0.1.0 want: 0.462.0
81 silly placeDep ROOT react@18.3.1 OK for: lucide-react@0.462.0 want: ^16.5.1 || ^17.0.0 || ^18.0.0 || ^19.0.0-rc
82 silly placeDep ROOT next@15.0.3 OK for: cchis-dashboard@0.1.0 want: 15.0.3
83 silly placeDep ROOT react-dom@18.3.1 OK for: next@15.0.3 want: ^18.2.0 || 19.0.0-rc-66855b96-20241106
84 silly placeDep ROOT typescript@5.6.3 OK for: cchis-dashboard@0.1.0 want: 5.6.3
85 silly fetch manifest undici-types@~6.19.8
86 silly packumentCache full:https://registry.npmjs.org/undici-types cache-miss
87 silly fetch manifest csstype@^3.0.2
88 silly packumentCache full:https://registry.npmjs.org/csstype cache-miss
89 silly fetch manifest @types/prop-types@*
90 silly packumentCache full:https://registry.npmjs.org/@types%2fprop-types cache-miss
91 silly fetch manifest ajv@^6.12.4
92 silly packumentCache full:https://registry.npmjs.org/ajv cache-miss
93 silly fetch manifest chalk@^4.0.0
94 silly packumentCache full:https://registry.npmjs.org/chalk cache-miss
95 silly fetch manifest debug@^4.3.2
96 silly packumentCache full:https://registry.npmjs.org/debug cache-miss
97 silly fetch manifest espree@^10.3.0
98 silly packumentCache full:https://registry.npmjs.org/espree cache-miss
99 http fetch GET 200 https://registry.npmjs.org/undici-types 404ms (cache miss)
100 silly packumentCache full:https://registry.npmjs.org/undici-types set size:undefined disposed:false
101 silly fetch manifest ignore@^5.2.0
102 silly packumentCache full:https://registry.npmjs.org/ignore cache-miss
103 http fetch GET 200 https://registry.npmjs.org/csstype 411ms (cache miss)
104 silly packumentCache full:https://registry.npmjs.org/csstype set size:undefined disposed:false
105 silly fetch manifest esquery@^1.5.0
106 silly packumentCache full:https://registry.npmjs.org/esquery cache-miss
107 http fetch GET 200 https://registry.npmjs.org/ignore 194ms (cache miss)
108 silly packumentCache full:https://registry.npmjs.org/ignore set size:undefined disposed:false
109 silly fetch manifest esutils@^2.0.2
110 silly packumentCache full:https://registry.npmjs.org/esutils cache-miss
111 http fetch GET 200 https://registry.npmjs.org/esutils 167ms (cache miss)
112 silly packumentCache full:https://registry.npmjs.org/esutils set size:undefined disposed:false
113 silly fetch manifest find-up@^5.0.0
114 silly packumentCache full:https://registry.npmjs.org/find-up cache-miss
115 http fetch GET 200 https://registry.npmjs.org/esquery 404ms (cache miss)
116 silly packumentCache full:https://registry.npmjs.org/esquery set size:undefined disposed:false
117 silly fetch manifest is-glob@^4.0.0
118 silly packumentCache full:https://registry.npmjs.org/is-glob cache-miss
119 http fetch GET 200 https://registry.npmjs.org/chalk 921ms (cache miss)
120 silly packumentCache full:https://registry.npmjs.org/chalk set size:undefined disposed:false
121 silly fetch manifest minimatch@^3.1.2
122 silly packumentCache full:https://registry.npmjs.org/minimatch cache-miss
123 http fetch GET 200 https://registry.npmjs.org/@types%2fprop-types 933ms (cache miss)
124 silly packumentCache full:https://registry.npmjs.org/@types%2fprop-types set size:undefined disposed:false
125 silly fetch manifest @eslint/js@9.14.0
126 silly packumentCache full:https://registry.npmjs.org/@eslint%2fjs cache-miss
127 http fetch GET 200 https://registry.npmjs.org/find-up 171ms (cache miss)
128 silly packumentCache full:https://registry.npmjs.org/find-up set size:undefined disposed:false
129 silly fetch manifest optionator@^0.9.3
130 silly packumentCache full:https://registry.npmjs.org/optionator cache-miss
131 http fetch GET 200 https://registry.npmjs.org/debug 945ms (cache miss)
132 silly packumentCache full:https://registry.npmjs.org/debug set size:undefined disposed:false
133 silly fetch manifest text-table@^0.2.0
134 silly packumentCache full:https://registry.npmjs.org/text-table cache-miss
135 http fetch GET 200 https://registry.npmjs.org/espree 976ms (cache miss)
136 silly packumentCache full:https://registry.npmjs.org/espree set size:undefined disposed:false
137 silly fetch manifest cross-spawn@^7.0.2
138 silly packumentCache full:https://registry.npmjs.org/cross-spawn cache-miss
139 http fetch GET 200 https://registry.npmjs.org/is-glob 226ms (cache miss)
140 silly packumentCache full:https://registry.npmjs.org/is-glob set size:undefined disposed:false
141 silly fetch manifest glob-parent@^6.0.2
142 silly packumentCache full:https://registry.npmjs.org/glob-parent cache-miss
143 http fetch GET 200 https://registry.npmjs.org/optionator 175ms (cache miss)
144 silly packumentCache full:https://registry.npmjs.org/optionator set size:undefined disposed:false
145 silly fetch manifest imurmurhash@^0.1.4
146 silly packumentCache full:https://registry.npmjs.org/imurmurhash cache-miss
147 http fetch GET 200 https://registry.npmjs.org/text-table 196ms (cache miss)
148 silly packumentCache full:https://registry.npmjs.org/text-table set size:undefined disposed:false
149 silly fetch manifest @eslint/core@^0.7.0
150 silly packumentCache full:https://registry.npmjs.org/@eslint%2fcore cache-miss
151 http fetch GET 200 https://registry.npmjs.org/ajv 1162ms (cache miss)
152 silly packumentCache full:https://registry.npmjs.org/ajv set size:undefined disposed:false
153 silly fetch manifest eslint-scope@^8.2.0
154 silly packumentCache full:https://registry.npmjs.org/eslint-scope cache-miss
155 http fetch GET 200 https://registry.npmjs.org/cross-spawn 193ms (cache miss)
156 silly packumentCache full:https://registry.npmjs.org/cross-spawn set size:undefined disposed:false
157 silly fetch manifest lodash.merge@^4.6.2
158 silly packumentCache full:https://registry.npmjs.org/lodash.merge cache-miss
159 http fetch GET 200 https://registry.npmjs.org/@eslint%2fjs 245ms (cache miss)
160 silly packumentCache full:https://registry.npmjs.org/@eslint%2fjs set size:undefined disposed:false
161 silly fetch manifest @humanfs/node@^0.16.6
162 silly packumentCache full:https://registry.npmjs.org/@humanfs%2fnode cache-miss
163 http fetch GET 200 https://registry.npmjs.org/minimatch 400ms (cache miss)
164 silly packumentCache full:https://registry.npmjs.org/minimatch set size:undefined disposed:false
165 silly fetch manifest @types/estree@^1.0.6
166 silly packumentCache full:https://registry.npmjs.org/@types%2festree cache-miss
167 http fetch GET 200 https://registry.npmjs.org/glob-parent 284ms (cache miss)
168 silly packumentCache full:https://registry.npmjs.org/glob-parent set size:undefined disposed:false
169 silly fetch manifest fast-deep-equal@^3.1.3
170 silly packumentCache full:https://registry.npmjs.org/fast-deep-equal cache-miss
171 http fetch GET 200 https://registry.npmjs.org/imurmurhash 212ms (cache miss)
172 silly packumentCache full:https://registry.npmjs.org/imurmurhash set size:undefined disposed:false
173 silly fetch manifest natural-compare@^1.4.0
174 silly packumentCache full:https://registry.npmjs.org/natural-compare cache-miss
175 http fetch GET 200 https://registry.npmjs.org/eslint-scope 188ms (cache miss)
176 silly packumentCache full:https://registry.npmjs.org/eslint-scope set size:undefined disposed:false
177 silly fetch manifest @eslint/eslintrc@^3.1.0
178 silly packumentCache full:https://registry.npmjs.org/@eslint%2feslintrc cache-miss
179 http fetch GET 200 https://registry.npmjs.org/lodash.merge 187ms (cache miss)
180 silly packumentCache full:https://registry.npmjs.org/lodash.merge set size:undefined disposed:false
181 silly fetch manifest file-entry-cache@^8.0.0
182 silly packumentCache full:https://registry.npmjs.org/file-entry-cache cache-miss
183 http fetch GET 200 https://registry.npmjs.org/@eslint%2fcore 227ms (cache miss)
184 silly packumentCache full:https://registry.npmjs.org/@eslint%2fcore set size:undefined disposed:false
185 silly fetch manifest @eslint/plugin-kit@^0.2.0
186 silly packumentCache full:https://registry.npmjs.org/@eslint%2fplugin-kit cache-miss
187 http fetch GET 200 https://registry.npmjs.org/@humanfs%2fnode 210ms (cache miss)
188 silly packumentCache full:https://registry.npmjs.org/@humanfs%2fnode set size:undefined disposed:false
189 silly fetch manifest @types/json-schema@^7.0.15
190 silly packumentCache full:https://registry.npmjs.org/@types%2fjson-schema cache-miss
191 http fetch GET 200 https://registry.npmjs.org/natural-compare 169ms (cache miss)
192 silly packumentCache full:https://registry.npmjs.org/natural-compare set size:undefined disposed:false
193 silly fetch manifest eslint-visitor-keys@^4.2.0
194 silly packumentCache full:https://registry.npmjs.org/eslint-visitor-keys cache-miss
195 http fetch GET 200 https://registry.npmjs.org/@types%2festree 212ms (cache miss)
196 silly packumentCache full:https://registry.npmjs.org/@types%2festree set size:undefined disposed:false
197 silly fetch manifest @eslint/config-array@^0.18.0
198 silly packumentCache full:https://registry.npmjs.org/@eslint%2fconfig-array cache-miss
199 http fetch GET 200 https://registry.npmjs.org/fast-deep-equal 218ms (cache miss)
200 silly packumentCache full:https://registry.npmjs.org/fast-deep-equal set size:undefined disposed:false
201 silly fetch manifest @humanwhocodes/retry@^0.4.0
202 silly packumentCache full:https://registry.npmjs.org/@humanwhocodes%2fretry cache-miss
203 http fetch GET 200 https://registry.npmjs.org/file-entry-cache 204ms (cache miss)
204 silly packumentCache full:https://registry.npmjs.org/file-entry-cache set size:undefined disposed:false
205 silly fetch manifest escape-string-regexp@^4.0.0
206 silly packumentCache full:https://registry.npmjs.org/escape-string-regexp cache-miss
207 http fetch GET 200 https://registry.npmjs.org/@eslint%2feslintrc 227ms (cache miss)
208 silly packumentCache full:https://registry.npmjs.org/@eslint%2feslintrc set size:undefined disposed:false
209 silly fetch manifest @eslint-community/regexpp@^4.12.1
210 silly packumentCache full:https://registry.npmjs.org/@eslint-community%2fregexpp cache-miss
211 http fetch GET 200 https://registry.npmjs.org/@types%2fjson-schema 204ms (cache miss)
212 silly packumentCache full:https://registry.npmjs.org/@types%2fjson-schema set size:undefined disposed:false
213 silly fetch manifest @eslint-community/eslint-utils@^4.2.0
214 silly packumentCache full:https://registry.npmjs.org/@eslint-community%2feslint-utils cache-miss
215 http fetch GET 200 https://registry.npmjs.org/@eslint%2fplugin-kit 242ms (cache miss)
216 silly packumentCache full:https://registry.npmjs.org/@eslint%2fplugin-kit set size:undefined disposed:false
217 silly fetch manifest @humanwhocodes/module-importer@^1.0.1
218 silly packumentCache full:https://registry.npmjs.org/@humanwhocodes%2fmodule-importer cache-miss
219 http fetch GET 200 https://registry.npmjs.org/eslint-visitor-keys 203ms (cache miss)
220 silly packumentCache full:https://registry.npmjs.org/eslint-visitor-keys set size:undefined disposed:false
221 silly fetch manifest json-stable-stringify-without-jsonify@^1.0.1
222 silly packumentCache full:https://registry.npmjs.org/json-stable-stringify-without-jsonify cache-miss
223 http fetch GET 200 https://registry.npmjs.org/escape-string-regexp 207ms (cache miss)
224 silly packumentCache full:https://registry.npmjs.org/escape-string-regexp set size:undefined disposed:false
225 silly fetch manifest eslint-plugin-react@^7.35.0
226 silly packumentCache full:https://registry.npmjs.org/eslint-plugin-react cache-miss
227 http fetch GET 200 https://registry.npmjs.org/@eslint%2fconfig-array 232ms (cache miss)
228 silly packumentCache full:https://registry.npmjs.org/@eslint%2fconfig-array set size:undefined disposed:false
229 silly fetch manifest eslint-plugin-import@^2.31.0
230 silly packumentCache full:https://registry.npmjs.org/eslint-plugin-import cache-miss
231 http fetch GET 200 https://registry.npmjs.org/@humanwhocodes%2fretry 255ms (cache miss)
232 silly packumentCache full:https://registry.npmjs.org/@humanwhocodes%2fretry set size:undefined disposed:false
233 silly fetch manifest eslint-plugin-jsx-a11y@^6.10.0
234 silly packumentCache full:https://registry.npmjs.org/eslint-plugin-jsx-a11y cache-miss
235 http fetch GET 200 https://registry.npmjs.org/@eslint-community%2feslint-utils 219ms (cache miss)
236 silly packumentCache full:https://registry.npmjs.org/@eslint-community%2feslint-utils set size:undefined disposed:false
237 silly fetch manifest @rushstack/eslint-patch@^1.10.3
238 silly packumentCache full:https://registry.npmjs.org/@rushstack%2feslint-patch cache-miss
239 http fetch GET 200 https://registry.npmjs.org/@humanwhocodes%2fmodule-importer 207ms (cache miss)
240 silly packumentCache full:https://registry.npmjs.org/@humanwhocodes%2fmodule-importer set size:undefined disposed:false
241 silly fetch manifest @next/eslint-plugin-next@15.0.3
242 silly packumentCache full:https://registry.npmjs.org/@next%2feslint-plugin-next cache-miss
243 http fetch GET 200 https://registry.npmjs.org/json-stable-stringify-without-jsonify 182ms (cache miss)
244 silly packumentCache full:https://registry.npmjs.org/json-stable-stringify-without-jsonify set size:undefined disposed:false
245 silly fetch manifest @typescript-eslint/parser@^5.4.2 || ^6.0.0 || ^7.0.0 || ^8.0.0
246 silly packumentCache full:https://registry.npmjs.org/@typescript-eslint%2fparser cache-miss
247 http fetch GET 200 https://registry.npmjs.org/@eslint-community%2fregexpp 352ms (cache miss)
248 silly packumentCache full:https://registry.npmjs.org/@eslint-community%2fregexpp set size:undefined disposed:false
249 silly fetch manifest eslint-plugin-react-hooks@^5.0.0
250 silly packumentCache full:https://registry.npmjs.org/eslint-plugin-react-hooks cache-miss
251 http fetch GET 200 https://registry.npmjs.org/eslint-plugin-jsx-a11y 234ms (cache miss)
252 silly packumentCache full:https://registry.npmjs.org/eslint-plugin-jsx-a11y set size:undefined disposed:false
253 silly fetch manifest eslint-import-resolver-node@^0.3.6
254 silly packumentCache full:https://registry.npmjs.org/eslint-import-resolver-node cache-miss
255 http fetch GET 200 https://registry.npmjs.org/eslint-plugin-import 268ms (cache miss)
256 silly packumentCache full:https://registry.npmjs.org/eslint-plugin-import set size:undefined disposed:false
257 silly fetch manifest @typescript-eslint/eslint-plugin@^5.4.2 || ^6.0.0 || ^7.0.0 || ^8.0.0
258 silly packumentCache full:https://registry.npmjs.org/@typescript-eslint%2feslint-plugin cache-miss
259 http fetch GET 200 https://registry.npmjs.org/@rushstack%2feslint-patch 240ms (cache miss)
260 silly packumentCache full:https://registry.npmjs.org/@rushstack%2feslint-patch set size:undefined disposed:false
261 silly fetch manifest eslint-import-resolver-typescript@^3.5.2
262 silly packumentCache full:https://registry.npmjs.org/eslint-import-resolver-typescript cache-miss
263 http fetch GET 200 https://registry.npmjs.org/eslint-import-resolver-node 465ms (cache miss)
264 silly packumentCache full:https://registry.npmjs.org/eslint-import-resolver-node set size:undefined disposed:false
265 silly fetch manifest loose-envify@^1.1.0
266 silly packumentCache full:https://registry.npmjs.org/loose-envify cache-miss
267 http fetch GET 200 https://registry.npmjs.org/eslint-import-resolver-typescript 510ms (cache miss)
268 silly packumentCache full:https://registry.npmjs.org/eslint-import-resolver-typescript set size:undefined disposed:false
269 silly fetch manifest busboy@1.6.0
270 silly packumentCache full:https://registry.npmjs.org/busboy cache-miss
271 http fetch GET 200 https://registry.npmjs.org/eslint-plugin-react 805ms (cache miss)
272 silly packumentCache full:https://registry.npmjs.org/eslint-plugin-react set size:undefined disposed:false
273 silly fetch manifest postcss@8.4.31
274 silly packumentCache full:https://registry.npmjs.org/postcss cache-miss
275 http fetch GET 200 https://registry.npmjs.org/loose-envify 220ms (cache miss)
276 silly packumentCache full:https://registry.npmjs.org/loose-envify set size:undefined disposed:false
277 silly fetch manifest @next/env@15.0.3
278 silly packumentCache full:https://registry.npmjs.org/@next%2fenv cache-miss
279 http fetch GET 200 https://registry.npmjs.org/postcss 994ms (cache miss)
280 silly packumentCache full:https://registry.npmjs.org/postcss set size:undefined disposed:false
281 silly fetch manifest styled-jsx@5.1.6
282 silly packumentCache full:https://registry.npmjs.org/styled-jsx cache-miss
283 http fetch GET 200 https://registry.npmjs.org/busboy 1914ms (cache miss)
284 silly packumentCache full:https://registry.npmjs.org/busboy set size:undefined disposed:false
285 silly fetch manifest @swc/counter@0.1.3
286 silly packumentCache full:https://registry.npmjs.org/@swc%2fcounter cache-miss
287 http fetch GET 200 https://registry.npmjs.org/@next%2fenv 2003ms (cache miss)
288 silly packumentCache full:https://registry.npmjs.org/@next%2fenv set size:undefined disposed:false
289 silly fetch manifest @swc/helpers@0.5.13
290 silly packumentCache full:https://registry.npmjs.org/@swc%2fhelpers cache-miss
291 http fetch GET 200 https://registry.npmjs.org/styled-jsx 1194ms (cache miss)
292 silly packumentCache full:https://registry.npmjs.org/styled-jsx set size:undefined disposed:false
293 silly fetch manifest caniuse-lite@^1.0.30001579
294 silly packumentCache full:https://registry.npmjs.org/caniuse-lite cache-miss
295 http fetch GET 200 https://registry.npmjs.org/@swc%2fcounter 364ms (cache miss)
296 silly packumentCache full:https://registry.npmjs.org/@swc%2fcounter set size:undefined disposed:false
297 silly fetch manifest sharp@^0.33.5
298 silly packumentCache full:https://registry.npmjs.org/sharp cache-miss
299 http fetch GET 200 https://registry.npmjs.org/@swc%2fhelpers 544ms (cache miss)
300 silly packumentCache full:https://registry.npmjs.org/@swc%2fhelpers set size:undefined disposed:false
301 silly fetch manifest @next/swc-darwin-x64@15.0.3
302 silly packumentCache full:https://registry.npmjs.org/@next%2fswc-darwin-x64 cache-miss
303 http fetch GET 200 https://registry.npmjs.org/sharp 669ms (cache miss)
304 silly packumentCache full:https://registry.npmjs.org/sharp set size:undefined disposed:false
305 silly fetch manifest @next/swc-darwin-arm64@15.0.3
306 silly packumentCache full:https://registry.npmjs.org/@next%2fswc-darwin-arm64 cache-miss
307 http fetch GET 200 https://registry.npmjs.org/caniuse-lite 2496ms (cache miss)
308 silly packumentCache full:https://registry.npmjs.org/caniuse-lite set size:undefined disposed:false
309 silly fetch manifest @next/swc-linux-x64-gnu@15.0.3
310 silly packumentCache full:https://registry.npmjs.org/@next%2fswc-linux-x64-gnu cache-miss
311 http fetch GET 200 https://registry.npmjs.org/@typescript-eslint%2feslint-plugin 5602ms (cache miss)
312 silly packumentCache full:https://registry.npmjs.org/@typescript-eslint%2feslint-plugin set size:undefined disposed:false
313 silly fetch manifest @next/swc-linux-x64-musl@15.0.3
314 silly packumentCache full:https://registry.npmjs.org/@next%2fswc-linux-x64-musl cache-miss
315 http fetch GET 200 https://registry.npmjs.org/eslint-plugin-react-hooks 5759ms (cache miss)
316 silly packumentCache full:https://registry.npmjs.org/eslint-plugin-react-hooks set size:undefined disposed:false
317 silly fetch manifest @next/swc-win32-x64-msvc@15.0.3
318 silly packumentCache full:https://registry.npmjs.org/@next%2fswc-win32-x64-msvc cache-miss
319 http fetch GET 200 https://registry.npmjs.org/@typescript-eslint%2fparser 5913ms (cache miss)
320 silly packumentCache full:https://registry.npmjs.org/@typescript-eslint%2fparser set size:undefined disposed:false
321 silly fetch manifest @next/swc-linux-arm64-gnu@15.0.3
322 silly packumentCache full:https://registry.npmjs.org/@next%2fswc-linux-arm64-gnu cache-miss
323 http fetch GET 200 https://registry.npmjs.org/@next%2fswc-darwin-x64 2627ms (cache miss)
324 silly packumentCache full:https://registry.npmjs.org/@next%2fswc-darwin-x64 set size:undefined disposed:false
325 silly fetch manifest @next/swc-linux-arm64-musl@15.0.3
326 silly packumentCache full:https://registry.npmjs.org/@next%2fswc-linux-arm64-musl cache-miss
327 http fetch GET 200 https://registry.npmjs.org/@next%2feslint-plugin-next 7460ms (cache miss)
328 silly packumentCache full:https://registry.npmjs.org/@next%2feslint-plugin-next set size:undefined disposed:false
329 silly fetch manifest @next/swc-win32-arm64-msvc@15.0.3
330 silly packumentCache full:https://registry.npmjs.org/@next%2fswc-win32-arm64-msvc cache-miss
331 http fetch GET 200 https://registry.npmjs.org/@next%2fswc-darwin-arm64 3790ms (cache miss)
332 silly packumentCache full:https://registry.npmjs.org/@next%2fswc-darwin-arm64 set size:undefined disposed:false
333 silly fetch manifest scheduler@^0.23.2
334 silly packumentCache full:https://registry.npmjs.org/scheduler cache-miss
335 http fetch GET 200 https://registry.npmjs.org/@next%2fswc-linux-x64-musl 2180ms (cache miss)
336 silly packumentCache full:https://registry.npmjs.org/@next%2fswc-linux-x64-musl set size:undefined disposed:false
337 http fetch GET 200 https://registry.npmjs.org/@next%2fswc-linux-arm64-musl 2500ms (cache miss)
338 silly packumentCache full:https://registry.npmjs.org/@next%2fswc-linux-arm64-musl set size:undefined disposed:false
339 http fetch GET 200 https://registry.npmjs.org/@next%2fswc-linux-arm64-gnu 3292ms (cache miss)
340 silly packumentCache full:https://registry.npmjs.org/@next%2fswc-linux-arm64-gnu set size:undefined disposed:false
341 http fetch GET 200 https://registry.npmjs.org/@next%2fswc-linux-x64-gnu 4323ms (cache miss)
342 silly packumentCache full:https://registry.npmjs.org/@next%2fswc-linux-x64-gnu set size:undefined disposed:false
343 http fetch GET 200 https://registry.npmjs.org/scheduler 3117ms (cache miss)
344 silly packumentCache full:https://registry.npmjs.org/scheduler set size:undefined disposed:false
345 http fetch GET 200 https://registry.npmjs.org/@next%2fswc-win32-arm64-msvc 4672ms (cache miss)
346 silly packumentCache full:https://registry.npmjs.org/@next%2fswc-win32-arm64-msvc set size:undefined disposed:false
347 http fetch GET 200 https://registry.npmjs.org/@next%2fswc-win32-x64-msvc 8378ms (cache miss)
348 silly packumentCache full:https://registry.npmjs.org/@next%2fswc-win32-x64-msvc set size:undefined disposed:false
349 silly placeDep ROOT undici-types@6.19.8 OK for: @types/node@22.9.0 want: ~6.19.8
350 silly placeDep ROOT @types/prop-types@15.7.15 OK for: @types/react@18.3.12 want: *
351 silly placeDep ROOT csstype@3.2.3 OK for: @types/react@18.3.12 want: ^3.0.2
352 silly fetch manifest eslint@^6.0.0 || ^7.0.0 || >=8.0.0
353 silly packumentCache full:https://registry.npmjs.org/eslint cache-miss
354 http cache https://registry.npmjs.org/eslint 14ms (cache hit)
355 silly packumentCache full:https://registry.npmjs.org/eslint set size:1983515 disposed:false
356 silly placeDep ROOT @eslint-community/eslint-utils@4.9.1 OK for: eslint@9.14.0 want: ^4.2.0
357 silly placeDep ROOT @eslint-community/regexpp@4.12.2 OK for: eslint@9.14.0 want: ^4.12.1
358 silly placeDep ROOT @eslint/config-array@0.18.0 OK for: eslint@9.14.0 want: ^0.18.0
359 silly placeDep ROOT @eslint/core@0.7.0 OK for: eslint@9.14.0 want: ^0.7.0
360 silly placeDep ROOT @eslint/eslintrc@3.3.5 OK for: eslint@9.14.0 want: ^3.1.0
361 silly placeDep ROOT @eslint/js@9.14.0 OK for: eslint@9.14.0 want: 9.14.0
362 silly placeDep ROOT @eslint/plugin-kit@0.2.8 OK for: eslint@9.14.0 want: ^0.2.0
363 silly placeDep ROOT @humanfs/node@0.16.8 OK for: eslint@9.14.0 want: ^0.16.6
364 silly placeDep ROOT @humanwhocodes/module-importer@1.0.1 OK for: eslint@9.14.0 want: ^1.0.1
365 silly placeDep ROOT @humanwhocodes/retry@0.4.3 OK for: eslint@9.14.0 want: ^0.4.0
366 silly placeDep ROOT @types/estree@1.0.8 OK for: eslint@9.14.0 want: ^1.0.6
367 silly placeDep ROOT @types/json-schema@7.0.15 OK for: eslint@9.14.0 want: ^7.0.15
368 silly placeDep ROOT ajv@6.14.0 OK for: eslint@9.14.0 want: ^6.12.4
369 silly placeDep ROOT chalk@4.1.2 OK for: eslint@9.14.0 want: ^4.0.0
370 silly placeDep ROOT cross-spawn@7.0.6 OK for: eslint@9.14.0 want: ^7.0.2
371 silly placeDep ROOT debug@4.4.3 OK for: eslint@9.14.0 want: ^4.3.2
372 silly placeDep ROOT escape-string-regexp@4.0.0 OK for: eslint@9.14.0 want: ^4.0.0
373 silly placeDep ROOT eslint-scope@8.4.0 OK for: eslint@9.14.0 want: ^8.2.0
374 silly placeDep ROOT eslint-visitor-keys@4.2.1 OK for: eslint@9.14.0 want: ^4.2.0
375 silly placeDep ROOT espree@10.4.0 OK for: eslint@9.14.0 want: ^10.3.0
376 silly placeDep ROOT esquery@1.7.0 OK for: eslint@9.14.0 want: ^1.5.0
377 silly placeDep ROOT esutils@2.0.3 OK for: eslint@9.14.0 want: ^2.0.2
378 silly placeDep ROOT fast-deep-equal@3.1.3 OK for: eslint@9.14.0 want: ^3.1.3
379 silly placeDep ROOT file-entry-cache@8.0.0 OK for: eslint@9.14.0 want: ^8.0.0
380 silly placeDep ROOT find-up@5.0.0 OK for: eslint@9.14.0 want: ^5.0.0
381 silly placeDep ROOT glob-parent@6.0.2 OK for: eslint@9.14.0 want: ^6.0.2
382 silly placeDep ROOT ignore@5.3.2 OK for: eslint@9.14.0 want: ^5.2.0
383 silly placeDep ROOT imurmurhash@0.1.4 OK for: eslint@9.14.0 want: ^0.1.4
384 silly placeDep ROOT is-glob@4.0.3 OK for: eslint@9.14.0 want: ^4.0.0
385 silly placeDep ROOT json-stable-stringify-without-jsonify@1.0.1 OK for: eslint@9.14.0 want: ^1.0.1
386 silly placeDep ROOT lodash.merge@4.6.2 OK for: eslint@9.14.0 want: ^4.6.2
387 silly placeDep ROOT minimatch@3.1.5 OK for: eslint@9.14.0 want: ^3.1.2
388 silly placeDep ROOT natural-compare@1.4.0 OK for: eslint@9.14.0 want: ^1.4.0
389 silly placeDep ROOT optionator@0.9.4 OK for: eslint@9.14.0 want: ^0.9.3
390 silly placeDep ROOT text-table@0.2.0 OK for: eslint@9.14.0 want: ^0.2.0
391 silly fetch manifest eslint-visitor-keys@^3.4.3
392 silly packumentCache full:https://registry.npmjs.org/eslint-visitor-keys cache-miss
393 silly fetch manifest debug@^4.3.1
394 silly packumentCache full:https://registry.npmjs.org/debug cache-miss
395 silly fetch manifest @eslint/object-schema@^2.1.4
396 silly packumentCache full:https://registry.npmjs.org/@eslint%2fobject-schema cache-miss
397 silly fetch manifest ajv@^6.14.0
398 silly packumentCache full:https://registry.npmjs.org/ajv cache-miss
399 silly fetch manifest espree@^10.0.1
400 silly packumentCache full:https://registry.npmjs.org/espree cache-miss
401 silly fetch manifest globals@^14.0.0
402 silly packumentCache full:https://registry.npmjs.org/globals cache-miss
403 silly fetch manifest import-fresh@^3.2.1
404 silly packumentCache full:https://registry.npmjs.org/import-fresh cache-miss
405 http cache https://registry.npmjs.org/debug 5ms (cache hit)
406 silly packumentCache full:https://registry.npmjs.org/debug set size:195840 disposed:false
407 silly fetch manifest js-yaml@^4.1.1
408 silly packumentCache full:https://registry.npmjs.org/js-yaml cache-miss
409 http cache https://registry.npmjs.org/espree 7ms (cache hit)
410 silly packumentCache full:https://registry.npmjs.org/espree set size:326080 disposed:false
411 silly fetch manifest minimatch@^3.1.5
412 silly packumentCache full:https://registry.npmjs.org/minimatch cache-miss
413 http cache https://registry.npmjs.org/eslint-visitor-keys 9ms (cache hit)
414 silly packumentCache full:https://registry.npmjs.org/eslint-visitor-keys set size:69949 disposed:false
415 silly fetch manifest strip-json-comments@^3.1.1
416 silly packumentCache full:https://registry.npmjs.org/strip-json-comments cache-miss
417 http cache https://registry.npmjs.org/ajv 10ms (cache hit)
418 silly packumentCache full:https://registry.npmjs.org/ajv set size:1120197 disposed:false
419 silly fetch manifest levn@^0.4.1
420 silly packumentCache full:https://registry.npmjs.org/levn cache-miss
421 http cache https://registry.npmjs.org/minimatch 15ms (cache hit)
422 silly packumentCache full:https://registry.npmjs.org/minimatch set size:375282 disposed:false
423 silly fetch manifest @eslint/core@^0.13.0
424 silly packumentCache full:https://registry.npmjs.org/@eslint%2fcore cache-miss
425 http cache https://registry.npmjs.org/@eslint%2fcore 3ms (cache hit)
426 silly packumentCache full:https://registry.npmjs.org/@eslint%2fcore set size:58023 disposed:false
427 silly fetch manifest @humanfs/core@^0.19.2
428 silly packumentCache full:https://registry.npmjs.org/@humanfs%2fcore cache-miss
429 http fetch GET 200 https://registry.npmjs.org/import-fresh 196ms (cache miss)
430 silly packumentCache full:https://registry.npmjs.org/import-fresh set size:undefined disposed:false
431 silly fetch manifest @humanfs/types@^0.15.0
432 silly packumentCache full:https://registry.npmjs.org/@humanfs%2ftypes cache-miss
433 http fetch GET 200 https://registry.npmjs.org/@eslint%2fobject-schema 197ms (cache miss)
434 silly packumentCache full:https://registry.npmjs.org/@eslint%2fobject-schema set size:undefined disposed:false
435 silly fetch manifest fast-deep-equal@^3.1.1
436 silly packumentCache full:https://registry.npmjs.org/fast-deep-equal cache-miss
437 http cache https://registry.npmjs.org/fast-deep-equal 2ms (cache hit)
438 silly packumentCache full:https://registry.npmjs.org/fast-deep-equal set size:48634 disposed:false
439 silly fetch manifest fast-json-stable-stringify@^2.0.0
440 silly packumentCache full:https://registry.npmjs.org/fast-json-stable-stringify cache-miss
441 http fetch GET 200 https://registry.npmjs.org/levn 207ms (cache miss)
442 silly packumentCache full:https://registry.npmjs.org/levn set size:undefined disposed:false
443 silly fetch manifest json-schema-traverse@^0.4.1
444 silly packumentCache full:https://registry.npmjs.org/json-schema-traverse cache-miss
445 http fetch GET 200 https://registry.npmjs.org/strip-json-comments 251ms (cache miss)
446 silly packumentCache full:https://registry.npmjs.org/strip-json-comments set size:undefined disposed:false
447 silly fetch manifest uri-js@^4.2.2
448 silly packumentCache full:https://registry.npmjs.org/uri-js cache-miss
449 http fetch GET 200 https://registry.npmjs.org/js-yaml 282ms (cache miss)
450 silly packumentCache full:https://registry.npmjs.org/js-yaml set size:undefined disposed:false
451 silly fetch manifest ansi-styles@^4.1.0
452 silly packumentCache full:https://registry.npmjs.org/ansi-styles cache-miss
453 http fetch GET 200 https://registry.npmjs.org/globals 301ms (cache miss)
454 silly packumentCache full:https://registry.npmjs.org/globals set size:undefined disposed:false
455 silly fetch manifest supports-color@^7.1.0
456 silly packumentCache full:https://registry.npmjs.org/supports-color cache-miss
457 http fetch GET 200 https://registry.npmjs.org/fast-json-stable-stringify 182ms (cache miss)
458 silly packumentCache full:https://registry.npmjs.org/fast-json-stable-stringify set size:undefined disposed:false
459 silly fetch manifest which@^2.0.1
460 silly packumentCache full:https://registry.npmjs.org/which cache-miss
461 http fetch GET 200 https://registry.npmjs.org/@humanfs%2ftypes 190ms (cache miss)
462 silly packumentCache full:https://registry.npmjs.org/@humanfs%2ftypes set size:undefined disposed:false
463 silly fetch manifest path-key@^3.1.0
464 silly packumentCache full:https://registry.npmjs.org/path-key cache-miss
465 http fetch GET 200 https://registry.npmjs.org/json-schema-traverse 192ms (cache miss)
466 silly packumentCache full:https://registry.npmjs.org/json-schema-traverse set size:undefined disposed:false
467 silly fetch manifest shebang-command@^2.0.0
468 silly packumentCache full:https://registry.npmjs.org/shebang-command cache-miss
469 http fetch GET 200 https://registry.npmjs.org/uri-js 217ms (cache miss)
470 silly packumentCache full:https://registry.npmjs.org/uri-js set size:undefined disposed:false
471 silly fetch manifest ms@^2.1.3
472 silly packumentCache full:https://registry.npmjs.org/ms cache-miss
473 http fetch GET 200 https://registry.npmjs.org/ansi-styles 233ms (cache miss)
474 silly packumentCache full:https://registry.npmjs.org/ansi-styles set size:undefined disposed:false
475 silly fetch manifest esrecurse@^4.3.0
476 silly packumentCache full:https://registry.npmjs.org/esrecurse cache-miss
477 http fetch GET 200 https://registry.npmjs.org/path-key 183ms (cache miss)
478 silly packumentCache full:https://registry.npmjs.org/path-key set size:undefined disposed:false
479 silly fetch manifest estraverse@^5.2.0
480 silly packumentCache full:https://registry.npmjs.org/estraverse cache-miss
481 http fetch GET 200 https://registry.npmjs.org/which 214ms (cache miss)
482 silly packumentCache full:https://registry.npmjs.org/which set size:undefined disposed:false
483 silly fetch manifest acorn@^8.15.0
484 silly packumentCache full:https://registry.npmjs.org/acorn cache-miss
485 http fetch GET 200 https://registry.npmjs.org/shebang-command 184ms (cache miss)
486 silly packumentCache full:https://registry.npmjs.org/shebang-command set size:undefined disposed:false
487 silly fetch manifest acorn-jsx@^5.3.2
488 silly packumentCache full:https://registry.npmjs.org/acorn-jsx cache-miss
489 http fetch GET 200 https://registry.npmjs.org/esrecurse 182ms (cache miss)
490 silly packumentCache full:https://registry.npmjs.org/esrecurse set size:undefined disposed:false
491 silly fetch manifest estraverse@^5.1.0
492 silly packumentCache full:https://registry.npmjs.org/estraverse cache-miss
493 http fetch GET 200 https://registry.npmjs.org/ms 241ms (cache miss)
494 silly packumentCache full:https://registry.npmjs.org/ms set size:undefined disposed:false
495 silly fetch manifest flat-cache@^4.0.0
496 silly packumentCache full:https://registry.npmjs.org/flat-cache cache-miss
497 http fetch GET 200 https://registry.npmjs.org/supports-color 423ms (cache miss)
498 silly packumentCache full:https://registry.npmjs.org/supports-color set size:undefined disposed:false
499 silly fetch manifest locate-path@^6.0.0
500 silly packumentCache full:https://registry.npmjs.org/locate-path cache-miss
501 http fetch GET 200 https://registry.npmjs.org/estraverse 200ms (cache miss)
502 silly packumentCache full:https://registry.npmjs.org/estraverse set size:undefined disposed:false
503 silly fetch manifest path-exists@^4.0.0
504 silly packumentCache full:https://registry.npmjs.org/path-exists cache-miss
505 http fetch GET 200 https://registry.npmjs.org/acorn-jsx 299ms (cache miss)
506 silly packumentCache full:https://registry.npmjs.org/acorn-jsx set size:undefined disposed:false
507 silly fetch manifest is-glob@^4.0.3
508 silly packumentCache full:https://registry.npmjs.org/is-glob cache-miss
509 http cache https://registry.npmjs.org/is-glob 4ms (cache hit)
510 silly packumentCache full:https://registry.npmjs.org/is-glob set size:40530 disposed:false
511 silly fetch manifest is-extglob@^2.1.1
512 silly packumentCache full:https://registry.npmjs.org/is-extglob cache-miss
513 http fetch GET 200 https://registry.npmjs.org/estraverse 219ms (cache miss)
514 silly packumentCache full:https://registry.npmjs.org/estraverse set size:undefined disposed:false
515 silly fetch manifest brace-expansion@^1.1.7
516 silly packumentCache full:https://registry.npmjs.org/brace-expansion cache-miss
517 http fetch GET 200 https://registry.npmjs.org/flat-cache 230ms (cache miss)
518 silly packumentCache full:https://registry.npmjs.org/flat-cache set size:undefined disposed:false
519 silly fetch manifest prelude-ls@^1.2.1
520 silly packumentCache full:https://registry.npmjs.org/prelude-ls cache-miss
521 http fetch GET 200 https://registry.npmjs.org/locate-path 228ms (cache miss)
522 silly packumentCache full:https://registry.npmjs.org/locate-path set size:undefined disposed:false
523 silly fetch manifest deep-is@^0.1.3
524 silly packumentCache full:https://registry.npmjs.org/deep-is cache-miss
525 http fetch GET 200 https://registry.npmjs.org/@humanfs%2fcore 989ms (cache miss)
526 silly packumentCache full:https://registry.npmjs.org/@humanfs%2fcore set size:undefined disposed:false
527 silly fetch manifest word-wrap@^1.2.5
528 silly packumentCache full:https://registry.npmjs.org/word-wrap cache-miss
529 http fetch GET 200 https://registry.npmjs.org/acorn 428ms (cache miss)
530 silly packumentCache full:https://registry.npmjs.org/acorn set size:undefined disposed:false
531 silly fetch manifest type-check@^0.4.0
532 silly packumentCache full:https://registry.npmjs.org/type-check cache-miss
533 http fetch GET 200 https://registry.npmjs.org/path-exists 274ms (cache miss)
534 silly packumentCache full:https://registry.npmjs.org/path-exists set size:undefined disposed:false
535 silly fetch manifest fast-levenshtein@^2.0.6
536 silly packumentCache full:https://registry.npmjs.org/fast-levenshtein cache-miss
537 http fetch GET 200 https://registry.npmjs.org/is-extglob 185ms (cache miss)
538 silly packumentCache full:https://registry.npmjs.org/is-extglob set size:undefined disposed:false
539 http fetch GET 200 https://registry.npmjs.org/brace-expansion 202ms (cache miss)
540 silly packumentCache full:https://registry.npmjs.org/brace-expansion set size:undefined disposed:false
541 http fetch GET 200 https://registry.npmjs.org/prelude-ls 188ms (cache miss)
542 silly packumentCache full:https://registry.npmjs.org/prelude-ls set size:undefined disposed:false
543 http fetch GET 200 https://registry.npmjs.org/deep-is 227ms (cache miss)
544 silly packumentCache full:https://registry.npmjs.org/deep-is set size:undefined disposed:false
545 http fetch GET 200 https://registry.npmjs.org/type-check 198ms (cache miss)
546 silly packumentCache full:https://registry.npmjs.org/type-check set size:undefined disposed:false
547 http fetch GET 200 https://registry.npmjs.org/fast-levenshtein 179ms (cache miss)
548 silly packumentCache full:https://registry.npmjs.org/fast-levenshtein set size:undefined disposed:false
549 http fetch GET 200 https://registry.npmjs.org/word-wrap 223ms (cache miss)
550 silly packumentCache full:https://registry.npmjs.org/word-wrap set size:undefined disposed:false
551 silly placeDep node_modules/@eslint-community/eslint-utils eslint-visitor-keys@3.4.3 OK for: @eslint-community/eslint-utils@4.9.1 want: ^3.4.3
552 silly placeDep ROOT @eslint/object-schema@2.1.7 OK for: @eslint/config-array@0.18.0 want: ^2.1.4
553 silly placeDep ROOT globals@14.0.0 OK for: @eslint/eslintrc@3.3.5 want: ^14.0.0
554 silly placeDep ROOT import-fresh@3.3.1 OK for: @eslint/eslintrc@3.3.5 want: ^3.2.1
555 silly placeDep ROOT js-yaml@4.1.1 OK for: @eslint/eslintrc@3.3.5 want: ^4.1.1
556 silly placeDep ROOT strip-json-comments@3.1.1 OK for: @eslint/eslintrc@3.3.5 want: ^3.1.1
557 silly fetch manifest resolve-from@^4.0.0
558 silly packumentCache full:https://registry.npmjs.org/resolve-from cache-miss
559 silly fetch manifest parent-module@^1.0.0
560 silly packumentCache full:https://registry.npmjs.org/parent-module cache-miss
561 silly fetch manifest argparse@^2.0.1
562 silly packumentCache full:https://registry.npmjs.org/argparse cache-miss
563 http fetch GET 200 https://registry.npmjs.org/parent-module 193ms (cache miss)
564 silly packumentCache full:https://registry.npmjs.org/parent-module set size:undefined disposed:false
565 http fetch GET 200 https://registry.npmjs.org/resolve-from 206ms (cache miss)
566 silly packumentCache full:https://registry.npmjs.org/resolve-from set size:undefined disposed:false
567 http fetch GET 200 https://registry.npmjs.org/argparse 217ms (cache miss)
568 silly packumentCache full:https://registry.npmjs.org/argparse set size:undefined disposed:false
569 silly placeDep node_modules/@eslint/plugin-kit @eslint/core@0.13.0 OK for: @eslint/plugin-kit@0.2.8 want: ^0.13.0
570 silly placeDep ROOT levn@0.4.1 OK for: @eslint/plugin-kit@0.2.8 want: ^0.4.1
571 silly fetch manifest type-check@~0.4.0
572 silly packumentCache full:https://registry.npmjs.org/type-check cache-miss
573 http cache https://registry.npmjs.org/type-check 7ms (cache hit)
574 silly packumentCache full:https://registry.npmjs.org/type-check set size:21221 disposed:false
575 silly placeDep ROOT @humanfs/core@0.19.2 OK for: @humanfs/node@0.16.8 want: ^0.19.2
576 silly placeDep ROOT @humanfs/types@0.15.0 OK for: @humanfs/node@0.16.8 want: ^0.15.0
577 silly placeDep ROOT fast-json-stable-stringify@2.1.0 OK for: ajv@6.14.0 want: ^2.0.0
578 silly placeDep ROOT json-schema-traverse@0.4.1 OK for: ajv@6.14.0 want: ^0.4.1
579 silly placeDep ROOT uri-js@4.4.1 OK for: ajv@6.14.0 want: ^4.2.2
580 silly fetch manifest punycode@^2.1.0
581 silly packumentCache full:https://registry.npmjs.org/punycode cache-miss
582 http fetch GET 200 https://registry.npmjs.org/punycode 388ms (cache miss)
583 silly packumentCache full:https://registry.npmjs.org/punycode set size:undefined disposed:false
584 silly placeDep ROOT ansi-styles@4.3.0 OK for: chalk@4.1.2 want: ^4.1.0
585 silly placeDep ROOT supports-color@7.2.0 OK for: chalk@4.1.2 want: ^7.1.0
586 silly fetch manifest color-convert@^2.0.1
587 silly packumentCache full:https://registry.npmjs.org/color-convert cache-miss
588 silly fetch manifest has-flag@^4.0.0
589 silly packumentCache full:https://registry.npmjs.org/has-flag cache-miss
590 http fetch GET 200 https://registry.npmjs.org/has-flag 213ms (cache miss)
591 silly packumentCache full:https://registry.npmjs.org/has-flag set size:undefined disposed:false
592 http fetch GET 200 https://registry.npmjs.org/color-convert 222ms (cache miss)
593 silly packumentCache full:https://registry.npmjs.org/color-convert set size:undefined disposed:false
594 silly placeDep ROOT color-convert@2.0.1 OK for: ansi-styles@4.3.0 want: ^2.0.1
595 silly fetch manifest color-name@~1.1.4
596 silly packumentCache full:https://registry.npmjs.org/color-name cache-miss
597 http fetch GET 200 https://registry.npmjs.org/color-name 194ms (cache miss)
598 silly packumentCache full:https://registry.npmjs.org/color-name set size:undefined disposed:false
599 silly placeDep ROOT color-name@1.1.4 OK for: color-convert@2.0.1 want: ~1.1.4
600 silly placeDep ROOT path-key@3.1.1 OK for: cross-spawn@7.0.6 want: ^3.1.0
601 silly placeDep ROOT shebang-command@2.0.0 OK for: cross-spawn@7.0.6 want: ^2.0.0
602 silly placeDep ROOT which@2.0.2 OK for: cross-spawn@7.0.6 want: ^2.0.1
603 silly fetch manifest shebang-regex@^3.0.0
604 silly packumentCache full:https://registry.npmjs.org/shebang-regex cache-miss
605 silly fetch manifest isexe@^2.0.0
606 silly packumentCache full:https://registry.npmjs.org/isexe cache-miss
607 http fetch GET 200 https://registry.npmjs.org/shebang-regex 189ms (cache miss)
608 silly packumentCache full:https://registry.npmjs.org/shebang-regex set size:undefined disposed:false
609 http fetch GET 200 https://registry.npmjs.org/isexe 198ms (cache miss)
610 silly packumentCache full:https://registry.npmjs.org/isexe set size:undefined disposed:false
611 silly placeDep ROOT ms@2.1.3 OK for: debug@4.4.3 want: ^2.1.3
612 silly fetch manifest eslint@^7.23.0 || ^8.0.0 || ^9.0.0
613 silly packumentCache full:https://registry.npmjs.org/eslint cache-miss
614 http cache https://registry.npmjs.org/eslint 12ms (cache hit)
615 silly packumentCache full:https://registry.npmjs.org/eslint set size:1983515 disposed:false
616 silly fetch manifest typescript@>=3.3.1
617 silly packumentCache full:https://registry.npmjs.org/typescript cache-miss
618 http cache https://registry.npmjs.org/typescript 170ms (cache hit)
619 silly packumentCache full:https://registry.npmjs.org/typescript set size:15409943 disposed:false
620 silly fetch manifest eslint-plugin-import-x@*
621 silly packumentCache full:https://registry.npmjs.org/eslint-plugin-import-x cache-miss
622 http fetch GET 200 https://registry.npmjs.org/eslint-plugin-import-x 466ms (cache miss)
623 silly packumentCache full:https://registry.npmjs.org/eslint-plugin-import-x set size:undefined disposed:false
624 silly fetch manifest @typescript-eslint/utils@^8.56.0
625 silly packumentCache full:https://registry.npmjs.org/@typescript-eslint%2futils cache-miss
626 http fetch GET 200 https://registry.npmjs.org/@typescript-eslint%2futils 1843ms (cache miss)
627 silly packumentCache full:https://registry.npmjs.org/@typescript-eslint%2futils set size:undefined disposed:false
628 silly placeDep ROOT @next/eslint-plugin-next@15.0.3 OK for: eslint-config-next@15.0.3 want: 15.0.3
629 silly placeDep ROOT @rushstack/eslint-patch@1.16.1 OK for: eslint-config-next@15.0.3 want: ^1.10.3
630 silly placeDep ROOT @typescript-eslint/eslint-plugin@8.59.0 OK for: eslint-config-next@15.0.3 want: ^5.4.2 || ^6.0.0 || ^7.0.0 || ^8.0.0
631 silly placeDep ROOT @typescript-eslint/parser@8.59.0 OK for: @typescript-eslint/eslint-plugin@8.59.0 want: ^8.59.0
632 silly placeDep ROOT eslint-import-resolver-node@0.3.10 OK for: eslint-config-next@15.0.3 want: ^0.3.6
633 silly placeDep ROOT eslint-import-resolver-typescript@3.10.1 OK for: eslint-config-next@15.0.3 want: ^3.5.2
634 silly placeDep ROOT eslint-plugin-import@2.32.0 OK for: eslint-config-next@15.0.3 want: ^2.31.0
635 silly placeDep ROOT eslint-plugin-jsx-a11y@6.10.2 OK for: eslint-config-next@15.0.3 want: ^6.10.0
636 silly placeDep ROOT eslint-plugin-react@7.37.5 OK for: eslint-config-next@15.0.3 want: ^7.35.0
637 silly placeDep ROOT eslint-plugin-react-hooks@5.2.0 OK for: eslint-config-next@15.0.3 want: ^5.0.0
638 silly fetch manifest fast-glob@3.3.1
639 silly packumentCache full:https://registry.npmjs.org/fast-glob cache-miss
640 silly fetch manifest ignore@^7.0.5
641 silly packumentCache full:https://registry.npmjs.org/ignore cache-miss
642 silly fetch manifest ts-api-utils@^2.5.0
643 silly packumentCache full:https://registry.npmjs.org/ts-api-utils cache-miss
644 silly fetch manifest @typescript-eslint/utils@8.59.0
645 silly packumentCache full:https://registry.npmjs.org/@typescript-eslint%2futils cache-miss
646 silly fetch manifest @typescript-eslint/type-utils@8.59.0
647 silly packumentCache full:https://registry.npmjs.org/@typescript-eslint%2ftype-utils cache-miss
648 silly fetch manifest @typescript-eslint/visitor-keys@8.59.0
649 silly packumentCache full:https://registry.npmjs.org/@typescript-eslint%2fvisitor-keys cache-miss
650 silly fetch manifest @typescript-eslint/scope-manager@8.59.0
651 silly packumentCache full:https://registry.npmjs.org/@typescript-eslint%2fscope-manager cache-miss
652 http cache https://registry.npmjs.org/ignore 7ms (cache hit)
653 silly packumentCache full:https://registry.npmjs.org/ignore set size:237380 disposed:false
654 silly fetch manifest @typescript-eslint/types@8.59.0
655 silly packumentCache full:https://registry.npmjs.org/@typescript-eslint%2ftypes cache-miss
656 http cache https://registry.npmjs.org/@typescript-eslint%2futils 14ms (cache hit)
657 silly packumentCache full:https://registry.npmjs.org/@typescript-eslint%2futils set size:9982400 disposed:false
658 silly fetch manifest @typescript-eslint/visitor-keys@8.59.0
659 silly packumentCache full:https://registry.npmjs.org/@typescript-eslint%2fvisitor-keys cache-miss
660 http cache https://registry.npmjs.org/fast-glob 47ms (cache hit)
661 silly packumentCache full:https://registry.npmjs.org/fast-glob set size:220556 disposed:false
662 silly fetch manifest @typescript-eslint/scope-manager@8.59.0
663 silly packumentCache full:https://registry.npmjs.org/@typescript-eslint%2fscope-manager cache-miss
664 http fetch GET 200 https://registry.npmjs.org/ts-api-utils 418ms (cache miss)
665 silly packumentCache full:https://registry.npmjs.org/ts-api-utils set size:undefined disposed:false
666 silly fetch manifest @typescript-eslint/typescript-estree@8.59.0
667 silly packumentCache full:https://registry.npmjs.org/@typescript-eslint%2ftypescript-estree cache-miss
668 http fetch GET 200 https://registry.npmjs.org/@typescript-eslint%2fscope-manager 7992ms (cache miss)
669 silly packumentCache full:https://registry.npmjs.org/@typescript-eslint%2fscope-manager set size:undefined disposed:false
670 silly fetch manifest debug@^3.2.7
671 silly packumentCache full:https://registry.npmjs.org/debug cache-hit
672 silly fetch manifest is-core-module@^2.16.1
673 silly packumentCache full:https://registry.npmjs.org/is-core-module cache-miss
674 http cache https://registry.npmjs.org/is-core-module 7ms (cache hit)
675 silly packumentCache full:https://registry.npmjs.org/is-core-module set size:71788 disposed:false
676 silly fetch manifest resolve@^2.0.0-next.6
677 silly packumentCache full:https://registry.npmjs.org/resolve cache-miss
678 http cache https://registry.npmjs.org/resolve 2ms (cache hit)
679 silly packumentCache full:https://registry.npmjs.org/resolve set size:252941 disposed:false
680 silly fetch manifest tinyglobby@^0.2.13
681 silly packumentCache full:https://registry.npmjs.org/tinyglobby cache-miss
682 http cache https://registry.npmjs.org/tinyglobby 3ms (cache hit)
683 silly packumentCache full:https://registry.npmjs.org/tinyglobby set size:52660 disposed:false
684 silly fetch manifest stable-hash@^0.0.5
685 silly packumentCache full:https://registry.npmjs.org/stable-hash cache-miss
686 http fetch GET 200 https://registry.npmjs.org/stable-hash 446ms (cache miss)
687 silly packumentCache full:https://registry.npmjs.org/stable-hash set size:undefined disposed:false
688 silly fetch manifest get-tsconfig@^4.10.0
689 silly packumentCache full:https://registry.npmjs.org/get-tsconfig cache-miss
690 http fetch GET 200 https://registry.npmjs.org/get-tsconfig 563ms (cache miss)
691 silly packumentCache full:https://registry.npmjs.org/get-tsconfig set size:undefined disposed:false
692 silly fetch manifest is-bun-module@^2.0.0
693 silly packumentCache full:https://registry.npmjs.org/is-bun-module cache-miss
694 http fetch GET 200 https://registry.npmjs.org/@typescript-eslint%2ftype-utils 9309ms (cache miss)
695 silly packumentCache full:https://registry.npmjs.org/@typescript-eslint%2ftype-utils set size:undefined disposed:false
696 silly fetch manifest unrs-resolver@^1.6.2
697 silly packumentCache full:https://registry.npmjs.org/unrs-resolver cache-miss
698 http fetch GET 200 https://registry.npmjs.org/is-bun-module 247ms (cache miss)
699 silly packumentCache full:https://registry.npmjs.org/is-bun-module set size:undefined disposed:false
700 silly fetch manifest @nolyfill/is-core-module@1.0.39
701 silly packumentCache full:https://registry.npmjs.org/@nolyfill%2fis-core-module cache-miss
702 http fetch GET 200 https://registry.npmjs.org/unrs-resolver 288ms (cache miss)
703 silly packumentCache full:https://registry.npmjs.org/unrs-resolver set size:undefined disposed:false
704 silly fetch manifest @rtsao/scc@^1.1.0
705 silly packumentCache full:https://registry.npmjs.org/@rtsao%2fscc cache-miss
706 http fetch GET 200 https://registry.npmjs.org/@rtsao%2fscc 208ms (cache miss)
707 silly packumentCache full:https://registry.npmjs.org/@rtsao%2fscc set size:undefined disposed:false
708 silly fetch manifest array-includes@^3.1.9
709 silly packumentCache full:https://registry.npmjs.org/array-includes cache-miss
710 http fetch GET 200 https://registry.npmjs.org/array-includes 285ms (cache miss)
711 silly packumentCache full:https://registry.npmjs.org/array-includes set size:undefined disposed:false
712 silly fetch manifest array.prototype.findlastindex@^1.2.6
713 silly packumentCache full:https://registry.npmjs.org/array.prototype.findlastindex cache-miss
714 http fetch GET 200 https://registry.npmjs.org/array.prototype.findlastindex 220ms (cache miss)
715 silly packumentCache full:https://registry.npmjs.org/array.prototype.findlastindex set size:undefined disposed:false
716 silly fetch manifest array.prototype.flat@^1.3.3
717 silly packumentCache full:https://registry.npmjs.org/array.prototype.flat cache-miss
718 http fetch GET 200 https://registry.npmjs.org/array.prototype.flat 229ms (cache miss)
719 silly packumentCache full:https://registry.npmjs.org/array.prototype.flat set size:undefined disposed:false
720 silly fetch manifest array.prototype.flatmap@^1.3.3
721 silly packumentCache full:https://registry.npmjs.org/array.prototype.flatmap cache-miss
722 http fetch GET 200 https://registry.npmjs.org/@nolyfill%2fis-core-module 1411ms (cache miss)
723 silly packumentCache full:https://registry.npmjs.org/@nolyfill%2fis-core-module set size:undefined disposed:false
724 silly fetch manifest doctrine@^2.1.0
725 silly packumentCache full:https://registry.npmjs.org/doctrine cache-miss
726 http fetch GET 200 https://registry.npmjs.org/@typescript-eslint%2ftypescript-estree 10938ms (cache miss)
727 silly packumentCache full:https://registry.npmjs.org/@typescript-eslint%2ftypescript-estree set size:undefined disposed:false
728 silly fetch manifest eslint-module-utils@^2.12.1
729 silly packumentCache full:https://registry.npmjs.org/eslint-module-utils cache-miss
730 http fetch GET 200 https://registry.npmjs.org/doctrine 669ms (cache miss)
731 silly packumentCache full:https://registry.npmjs.org/doctrine set size:undefined disposed:false
732 silly fetch manifest hasown@^2.0.2
733 silly packumentCache full:https://registry.npmjs.org/hasown cache-miss
734 http fetch GET 200 https://registry.npmjs.org/array.prototype.flatmap 989ms (cache miss)
735 silly packumentCache full:https://registry.npmjs.org/array.prototype.flatmap set size:undefined disposed:false
736 silly fetch manifest object.fromentries@^2.0.8
737 silly packumentCache full:https://registry.npmjs.org/object.fromentries cache-miss
738 http fetch GET 200 https://registry.npmjs.org/eslint-module-utils 208ms (cache miss)
739 silly packumentCache full:https://registry.npmjs.org/eslint-module-utils set size:undefined disposed:false
740 silly fetch manifest object.groupby@^1.0.3
741 silly packumentCache full:https://registry.npmjs.org/object.groupby cache-miss
742 http fetch GET 200 https://registry.npmjs.org/hasown 226ms (cache miss)
743 silly packumentCache full:https://registry.npmjs.org/hasown set size:undefined disposed:false
744 silly fetch manifest object.values@^1.2.1
745 silly packumentCache full:https://registry.npmjs.org/object.values cache-miss
746 http fetch GET 200 https://registry.npmjs.org/object.fromentries 242ms (cache miss)
747 silly packumentCache full:https://registry.npmjs.org/object.fromentries set size:undefined disposed:false
748 silly fetch manifest semver@^6.3.1
749 silly packumentCache full:https://registry.npmjs.org/semver cache-miss
750 http fetch GET 200 https://registry.npmjs.org/object.groupby 192ms (cache miss)
751 silly packumentCache full:https://registry.npmjs.org/object.groupby set size:undefined disposed:false
752 silly fetch manifest string.prototype.trimend@^1.0.9
753 silly packumentCache full:https://registry.npmjs.org/string.prototype.trimend cache-miss
754 http fetch GET 200 https://registry.npmjs.org/string.prototype.trimend 198ms (cache miss)
755 silly packumentCache full:https://registry.npmjs.org/string.prototype.trimend set size:undefined disposed:false
756 silly fetch manifest tsconfig-paths@^3.15.0
757 silly packumentCache full:https://registry.npmjs.org/tsconfig-paths cache-miss
758 http fetch GET 200 https://registry.npmjs.org/object.values 408ms (cache miss)
759 silly packumentCache full:https://registry.npmjs.org/object.values set size:undefined disposed:false
760 silly fetch manifest aria-query@^5.3.2
761 silly packumentCache full:https://registry.npmjs.org/aria-query cache-miss
762 http fetch GET 200 https://registry.npmjs.org/tsconfig-paths 234ms (cache miss)
763 silly packumentCache full:https://registry.npmjs.org/tsconfig-paths set size:undefined disposed:false
764 silly fetch manifest array-includes@^3.1.8
765 silly packumentCache full:https://registry.npmjs.org/array-includes cache-miss
766 http cache https://registry.npmjs.org/array-includes 3ms (cache hit)
767 silly packumentCache full:https://registry.npmjs.org/array-includes set size:77143 disposed:false
768 silly fetch manifest array.prototype.flatmap@^1.3.2
769 silly packumentCache full:https://registry.npmjs.org/array.prototype.flatmap cache-miss
770 http cache https://registry.npmjs.org/array.prototype.flatmap 1ms (cache hit)
771 silly packumentCache full:https://registry.npmjs.org/array.prototype.flatmap set size:51458 disposed:false
772 silly fetch manifest ast-types-flow@^0.0.8
773 silly packumentCache full:https://registry.npmjs.org/ast-types-flow cache-miss
774 http fetch GET 200 https://registry.npmjs.org/semver 471ms (cache miss)
775 silly packumentCache full:https://registry.npmjs.org/semver set size:undefined disposed:false
776 silly fetch manifest axe-core@^4.10.0
777 silly packumentCache full:https://registry.npmjs.org/axe-core cache-miss
778 http fetch GET 200 https://registry.npmjs.org/aria-query 276ms (cache miss)
779 silly packumentCache full:https://registry.npmjs.org/aria-query set size:undefined disposed:false
780 silly fetch manifest axobject-query@^4.1.0
781 silly packumentCache full:https://registry.npmjs.org/axobject-query cache-miss
782 http fetch GET 200 https://registry.npmjs.org/ast-types-flow 174ms (cache miss)
783 silly packumentCache full:https://registry.npmjs.org/ast-types-flow set size:undefined disposed:false
784 silly fetch manifest damerau-levenshtein@^1.0.8
785 silly packumentCache full:https://registry.npmjs.org/damerau-levenshtein cache-miss
786 http fetch GET 200 https://registry.npmjs.org/axobject-query 473ms (cache miss)
787 silly packumentCache full:https://registry.npmjs.org/axobject-query set size:undefined disposed:false
788 silly fetch manifest emoji-regex@^9.2.2
789 silly packumentCache full:https://registry.npmjs.org/emoji-regex cache-miss
790 http fetch GET 200 https://registry.npmjs.org/damerau-levenshtein 637ms (cache miss)
791 silly packumentCache full:https://registry.npmjs.org/damerau-levenshtein set size:undefined disposed:false
792 silly fetch manifest jsx-ast-utils@^3.3.5
793 silly packumentCache full:https://registry.npmjs.org/jsx-ast-utils cache-miss
794 http fetch GET 200 https://registry.npmjs.org/emoji-regex 404ms (cache miss)
795 silly packumentCache full:https://registry.npmjs.org/emoji-regex set size:undefined disposed:false
796 silly fetch manifest language-tags@^1.0.9
797 silly packumentCache full:https://registry.npmjs.org/language-tags cache-miss
798 http fetch GET 200 https://registry.npmjs.org/jsx-ast-utils 245ms (cache miss)
799 silly packumentCache full:https://registry.npmjs.org/jsx-ast-utils set size:undefined disposed:false
800 silly fetch manifest safe-regex-test@^1.0.3
801 silly packumentCache full:https://registry.npmjs.org/safe-regex-test cache-miss
802 http fetch GET 200 https://registry.npmjs.org/language-tags 252ms (cache miss)
803 silly packumentCache full:https://registry.npmjs.org/language-tags set size:undefined disposed:false
804 silly fetch manifest string.prototype.includes@^2.0.1
805 silly packumentCache full:https://registry.npmjs.org/string.prototype.includes cache-miss
806 http fetch GET 200 https://registry.npmjs.org/safe-regex-test 202ms (cache miss)
807 silly packumentCache full:https://registry.npmjs.org/safe-regex-test set size:undefined disposed:false
808 silly fetch manifest array.prototype.findlast@^1.2.5
809 silly packumentCache full:https://registry.npmjs.org/array.prototype.findlast cache-miss
810 http fetch GET 200 https://registry.npmjs.org/string.prototype.includes 226ms (cache miss)
811 silly packumentCache full:https://registry.npmjs.org/string.prototype.includes set size:undefined disposed:false
812 silly fetch manifest array.prototype.tosorted@^1.1.4
813 silly packumentCache full:https://registry.npmjs.org/array.prototype.tosorted cache-miss
814 http fetch GET 200 https://registry.npmjs.org/array.prototype.findlast 190ms (cache miss)
815 silly packumentCache full:https://registry.npmjs.org/array.prototype.findlast set size:undefined disposed:false
816 silly fetch manifest es-iterator-helpers@^1.2.1
817 silly packumentCache full:https://registry.npmjs.org/es-iterator-helpers cache-miss
818 http fetch GET 200 https://registry.npmjs.org/array.prototype.tosorted 242ms (cache miss)
819 silly packumentCache full:https://registry.npmjs.org/array.prototype.tosorted set size:undefined disposed:false
820 silly fetch manifest estraverse@^5.3.0
821 silly packumentCache full:https://registry.npmjs.org/estraverse cache-miss
822 http cache https://registry.npmjs.org/estraverse 5ms (cache hit)
823 silly packumentCache full:https://registry.npmjs.org/estraverse set size:62412 disposed:false
824 silly fetch manifest jsx-ast-utils@^2.4.1 || ^3.0.0
825 silly packumentCache full:https://registry.npmjs.org/jsx-ast-utils cache-miss
826 http cache https://registry.npmjs.org/jsx-ast-utils 4ms (cache hit)
827 silly packumentCache full:https://registry.npmjs.org/jsx-ast-utils set size:115998 disposed:false
828 silly fetch manifest object.entries@^1.1.9
829 silly packumentCache full:https://registry.npmjs.org/object.entries cache-miss
830 http fetch GET 200 https://registry.npmjs.org/es-iterator-helpers 243ms (cache miss)
831 silly packumentCache full:https://registry.npmjs.org/es-iterator-helpers set size:undefined disposed:false
832 silly fetch manifest prop-types@^15.8.1
833 silly packumentCache full:https://registry.npmjs.org/prop-types cache-miss
834 http fetch GET 200 https://registry.npmjs.org/prop-types 196ms (cache miss)
835 silly packumentCache full:https://registry.npmjs.org/prop-types set size:undefined disposed:false
836 silly fetch manifest resolve@^2.0.0-next.5
837 silly packumentCache full:https://registry.npmjs.org/resolve cache-hit
838 silly fetch manifest string.prototype.matchall@^4.0.12
839 silly packumentCache full:https://registry.npmjs.org/string.prototype.matchall cache-miss
840 http fetch GET 200 https://registry.npmjs.org/string.prototype.matchall 483ms (cache miss)
841 silly packumentCache full:https://registry.npmjs.org/string.prototype.matchall set size:undefined disposed:false
842 silly fetch manifest string.prototype.repeat@^1.0.0
843 silly packumentCache full:https://registry.npmjs.org/string.prototype.repeat cache-miss
844 http fetch GET 200 https://registry.npmjs.org/object.entries 841ms (cache miss)
845 silly packumentCache full:https://registry.npmjs.org/object.entries set size:undefined disposed:false
846 http fetch GET 200 https://registry.npmjs.org/string.prototype.repeat 272ms (cache miss)
847 silly packumentCache full:https://registry.npmjs.org/string.prototype.repeat set size:undefined disposed:false
848 http fetch GET 200 https://registry.npmjs.org/@typescript-eslint%2fvisitor-keys 16629ms (cache miss)
849 silly packumentCache full:https://registry.npmjs.org/@typescript-eslint%2fvisitor-keys set size:undefined disposed:false
850 http fetch GET 200 https://registry.npmjs.org/axe-core 4658ms (cache miss)
851 silly packumentCache full:https://registry.npmjs.org/axe-core set size:undefined disposed:false
852 http fetch GET 200 https://registry.npmjs.org/@typescript-eslint%2fvisitor-keys 17686ms (cache miss)
853 silly packumentCache full:https://registry.npmjs.org/@typescript-eslint%2fvisitor-keys set size:undefined disposed:false
854 http fetch GET 200 https://registry.npmjs.org/@typescript-eslint%2ftypes 18249ms (cache miss)
855 silly packumentCache full:https://registry.npmjs.org/@typescript-eslint%2ftypes set size:undefined disposed:false
856 http fetch GET 200 https://registry.npmjs.org/@typescript-eslint%2fscope-manager 19038ms (cache miss)
857 silly packumentCache full:https://registry.npmjs.org/@typescript-eslint%2fscope-manager set size:undefined disposed:false
858 silly placeDep ROOT fast-glob@3.3.1 OK for: @next/eslint-plugin-next@15.0.3 want: 3.3.1
859 silly fetch manifest merge2@^1.3.0
860 silly packumentCache full:https://registry.npmjs.org/merge2 cache-miss
861 silly fetch manifest micromatch@^4.0.4
862 silly packumentCache full:https://registry.npmjs.org/micromatch cache-miss
863 silly fetch manifest glob-parent@^5.1.2
864 silly packumentCache full:https://registry.npmjs.org/glob-parent cache-miss
865 silly fetch manifest @nodelib/fs.stat@^2.0.2
866 silly packumentCache full:https://registry.npmjs.org/@nodelib%2ffs.stat cache-miss
867 silly fetch manifest @nodelib/fs.walk@^1.2.3
868 silly packumentCache full:https://registry.npmjs.org/@nodelib%2ffs.walk cache-miss
869 http cache https://registry.npmjs.org/glob-parent 12ms (cache hit)
870 silly packumentCache full:https://registry.npmjs.org/glob-parent set size:42445 disposed:false
871 http cache https://registry.npmjs.org/merge2 12ms (cache hit)
872 silly packumentCache full:https://registry.npmjs.org/merge2 set size:46159 disposed:false
873 http cache https://registry.npmjs.org/micromatch 14ms (cache hit)
874 silly packumentCache full:https://registry.npmjs.org/micromatch set size:240630 disposed:false
875 http cache https://registry.npmjs.org/@nodelib%2ffs.stat 15ms (cache hit)
876 silly packumentCache full:https://registry.npmjs.org/@nodelib%2ffs.stat set size:36993 disposed:false
877 http cache https://registry.npmjs.org/@nodelib%2ffs.walk 16ms (cache hit)
878 silly packumentCache full:https://registry.npmjs.org/@nodelib%2ffs.walk set size:41589 disposed:false
879 silly fetch manifest typescript@>=4.8.4 <6.1.0
880 silly packumentCache full:https://registry.npmjs.org/typescript cache-miss
881 http cache https://registry.npmjs.org/typescript 20ms (cache hit)
882 silly packumentCache full:https://registry.npmjs.org/typescript set size:15409943 disposed:false
883 silly fetch manifest eslint@^8.57.0 || ^9.0.0 || ^10.0.0
884 silly packumentCache full:https://registry.npmjs.org/eslint cache-miss
885 http cache https://registry.npmjs.org/eslint 18ms (cache hit)
886 silly packumentCache full:https://registry.npmjs.org/eslint set size:1983515 disposed:false
887 silly placeDep ROOT @typescript-eslint/scope-manager@8.59.0 OK for: @typescript-eslint/eslint-plugin@8.59.0 want: 8.59.0
888 silly placeDep ROOT @typescript-eslint/type-utils@8.59.0 OK for: @typescript-eslint/eslint-plugin@8.59.0 want: 8.59.0
889 silly placeDep ROOT @typescript-eslint/utils@8.59.0 OK for: @typescript-eslint/eslint-plugin@8.59.0 want: 8.59.0
890 silly placeDep ROOT @typescript-eslint/visitor-keys@8.59.0 OK for: @typescript-eslint/eslint-plugin@8.59.0 want: 8.59.0
891 silly placeDep node_modules/@typescript-eslint/eslint-plugin ignore@7.0.5 OK for: @typescript-eslint/eslint-plugin@8.59.0 want: ^7.0.5
892 silly placeDep ROOT ts-api-utils@2.5.0 OK for: @typescript-eslint/eslint-plugin@8.59.0 want: ^2.5.0
893 silly fetch manifest eslint-visitor-keys@^5.0.0
894 silly packumentCache full:https://registry.npmjs.org/eslint-visitor-keys cache-hit
895 silly placeDep ROOT @typescript-eslint/types@8.59.0 OK for: @typescript-eslint/parser@8.59.0 want: 8.59.0
896 silly placeDep ROOT @typescript-eslint/typescript-estree@8.59.0 OK for: @typescript-eslint/parser@8.59.0 want: 8.59.0
897 silly fetch manifest semver@^7.7.3
898 silly packumentCache full:https://registry.npmjs.org/semver cache-miss
899 silly fetch manifest minimatch@^10.2.2
900 silly packumentCache full:https://registry.npmjs.org/minimatch cache-hit
901 silly fetch manifest tinyglobby@^0.2.15
902 silly packumentCache full:https://registry.npmjs.org/tinyglobby cache-hit
903 silly fetch manifest @typescript-eslint/tsconfig-utils@8.59.0
904 silly packumentCache full:https://registry.npmjs.org/@typescript-eslint%2ftsconfig-utils cache-miss
905 silly fetch manifest @typescript-eslint/project-service@8.59.0
906 silly packumentCache full:https://registry.npmjs.org/@typescript-eslint%2fproject-service cache-miss
907 http cache https://registry.npmjs.org/semver 3ms (cache hit)
908 silly packumentCache full:https://registry.npmjs.org/semver set size:229620 disposed:false
909 http fetch GET 200 https://registry.npmjs.org/@typescript-eslint%2ftsconfig-utils 1127ms (cache miss)
910 silly packumentCache full:https://registry.npmjs.org/@typescript-eslint%2ftsconfig-utils set size:undefined disposed:false
911 http fetch GET 200 https://registry.npmjs.org/@typescript-eslint%2fproject-service 2603ms (cache miss)
912 silly packumentCache full:https://registry.npmjs.org/@typescript-eslint%2fproject-service set size:undefined disposed:false
913 silly placeDep ROOT @typescript-eslint/project-service@8.59.0 OK for: @typescript-eslint/typescript-estree@8.59.0 want: 8.59.0
914 silly placeDep ROOT @typescript-eslint/tsconfig-utils@8.59.0 OK for: @typescript-eslint/typescript-estree@8.59.0 want: 8.59.0
915 silly placeDep node_modules/@typescript-eslint/typescript-estree minimatch@10.2.5 OK for: @typescript-eslint/typescript-estree@8.59.0 want: ^10.2.2
916 silly placeDep ROOT semver@7.7.4 OK for: @typescript-eslint/typescript-estree@8.59.0 want: ^7.7.3
917 silly placeDep ROOT tinyglobby@0.2.16 OK for: @typescript-eslint/typescript-estree@8.59.0 want: ^0.2.15
918 silly fetch manifest @typescript-eslint/tsconfig-utils@^8.59.0
919 silly packumentCache full:https://registry.npmjs.org/@typescript-eslint%2ftsconfig-utils cache-miss
920 silly fetch manifest brace-expansion@^5.0.5
921 silly packumentCache full:https://registry.npmjs.org/brace-expansion cache-miss
922 silly fetch manifest fdir@^6.5.0
923 silly packumentCache full:https://registry.npmjs.org/fdir cache-miss
924 silly fetch manifest picomatch@^4.0.4
925 silly packumentCache full:https://registry.npmjs.org/picomatch cache-miss
926 http cache https://registry.npmjs.org/fdir 4ms (cache hit)
927 silly packumentCache full:https://registry.npmjs.org/fdir set size:136182 disposed:false
928 http cache https://registry.npmjs.org/picomatch 5ms (cache hit)
929 silly packumentCache full:https://registry.npmjs.org/picomatch set size:126376 disposed:false
930 http cache https://registry.npmjs.org/brace-expansion 6ms (cache hit)
931 silly packumentCache full:https://registry.npmjs.org/brace-expansion set size:65768 disposed:false
932 http cache https://registry.npmjs.org/@typescript-eslint%2ftsconfig-utils 8ms (cache hit)
933 silly packumentCache full:https://registry.npmjs.org/@typescript-eslint%2ftsconfig-utils set size:1112374 disposed:false
934 silly placeDep node_modules/@typescript-eslint/visitor-keys eslint-visitor-keys@5.0.1 OK for: @typescript-eslint/visitor-keys@8.59.0 want: ^5.0.0
935 silly placeDep node_modules/eslint-import-resolver-node debug@3.2.7 OK for: eslint-import-resolver-node@0.3.10 want: ^3.2.7
936 silly placeDep ROOT is-core-module@2.16.1 OK for: eslint-import-resolver-node@0.3.10 want: ^2.16.1
937 silly placeDep ROOT resolve@2.0.0-next.6 OK for: eslint-import-resolver-node@0.3.10 want: ^2.0.0-next.6
938 silly fetch manifest es-errors@^1.3.0
939 silly packumentCache full:https://registry.npmjs.org/es-errors cache-miss
940 silly fetch manifest path-parse@^1.0.7
941 silly packumentCache full:https://registry.npmjs.org/path-parse cache-miss
942 silly fetch manifest object-keys@^1.1.1
943 silly packumentCache full:https://registry.npmjs.org/object-keys cache-miss
944 silly fetch manifest node-exports-info@^1.6.0
945 silly packumentCache full:https://registry.npmjs.org/node-exports-info cache-miss
946 silly fetch manifest supports-preserve-symlinks-flag@^1.0.0
947 silly packumentCache full:https://registry.npmjs.org/supports-preserve-symlinks-flag cache-miss
948 http cache https://registry.npmjs.org/path-parse 2ms (cache hit)
949 silly packumentCache full:https://registry.npmjs.org/path-parse set size:14523 disposed:false
950 http cache https://registry.npmjs.org/es-errors 3ms (cache hit)
951 silly packumentCache full:https://registry.npmjs.org/es-errors set size:16918 disposed:false
952 http cache https://registry.npmjs.org/object-keys 3ms (cache hit)
953 silly packumentCache full:https://registry.npmjs.org/object-keys set size:67744 disposed:false
954 http cache https://registry.npmjs.org/supports-preserve-symlinks-flag 6ms (cache hit)
955 silly packumentCache full:https://registry.npmjs.org/supports-preserve-symlinks-flag set size:6802 disposed:false
956 http cache https://registry.npmjs.org/node-exports-info 7ms (cache hit)
957 silly packumentCache full:https://registry.npmjs.org/node-exports-info set size:58723 disposed:false
958 silly placeDep ROOT @nolyfill/is-core-module@1.0.39 OK for: eslint-import-resolver-typescript@3.10.1 want: 1.0.39
959 silly placeDep ROOT get-tsconfig@4.14.0 OK for: eslint-import-resolver-typescript@3.10.1 want: ^4.10.0
960 silly placeDep ROOT is-bun-module@2.0.0 OK for: eslint-import-resolver-typescript@3.10.1 want: ^2.0.0
961 silly placeDep ROOT stable-hash@0.0.5 OK for: eslint-import-resolver-typescript@3.10.1 want: ^0.0.5
962 silly placeDep ROOT unrs-resolver@1.11.1 OK for: eslint-import-resolver-typescript@3.10.1 want: ^1.6.2
963 silly fetch manifest resolve-pkg-maps@^1.0.0
964 silly packumentCache full:https://registry.npmjs.org/resolve-pkg-maps cache-miss
965 silly fetch manifest napi-postinstall@^0.3.0
966 silly packumentCache full:https://registry.npmjs.org/napi-postinstall cache-miss
967 silly fetch manifest @unrs/resolver-binding-win32-x64-msvc@1.11.1
968 silly packumentCache full:https://registry.npmjs.org/@unrs%2fresolver-binding-win32-x64-msvc cache-miss
969 silly fetch manifest @unrs/resolver-binding-win32-arm64-msvc@1.11.1
970 silly packumentCache full:https://registry.npmjs.org/@unrs%2fresolver-binding-win32-arm64-msvc cache-miss
971 silly fetch manifest @unrs/resolver-binding-win32-ia32-msvc@1.11.1
972 silly packumentCache full:https://registry.npmjs.org/@unrs%2fresolver-binding-win32-ia32-msvc cache-miss
973 silly fetch manifest @unrs/resolver-binding-linux-x64-gnu@1.11.1
974 silly packumentCache full:https://registry.npmjs.org/@unrs%2fresolver-binding-linux-x64-gnu cache-miss
975 silly fetch manifest @unrs/resolver-binding-linux-x64-musl@1.11.1
976 silly packumentCache full:https://registry.npmjs.org/@unrs%2fresolver-binding-linux-x64-musl cache-miss
977 http cache https://registry.npmjs.org/@unrs%2fresolver-binding-linux-x64-musl 3ms (cache hit)
978 silly packumentCache full:https://registry.npmjs.org/@unrs%2fresolver-binding-linux-x64-musl set size:59364 disposed:false
979 silly fetch manifest @unrs/resolver-binding-freebsd-x64@1.11.1
980 silly packumentCache full:https://registry.npmjs.org/@unrs%2fresolver-binding-freebsd-x64 cache-miss
981 http cache https://registry.npmjs.org/@unrs%2fresolver-binding-win32-arm64-msvc 4ms (cache hit)
982 silly packumentCache full:https://registry.npmjs.org/@unrs%2fresolver-binding-win32-arm64-msvc set size:59292 disposed:false
983 silly fetch manifest @unrs/resolver-binding-android-arm64@1.11.1
984 silly packumentCache full:https://registry.npmjs.org/@unrs%2fresolver-binding-android-arm64 cache-miss
985 http cache https://registry.npmjs.org/napi-postinstall 5ms (cache hit)
986 silly packumentCache full:https://registry.npmjs.org/napi-postinstall set size:41400 disposed:false
987 silly fetch manifest @unrs/resolver-binding-linux-arm64-gnu@1.11.1
988 silly packumentCache full:https://registry.npmjs.org/@unrs%2fresolver-binding-linux-arm64-gnu cache-miss
989 http cache https://registry.npmjs.org/@unrs%2fresolver-binding-win32-ia32-msvc 6ms (cache hit)
990 silly packumentCache full:https://registry.npmjs.org/@unrs%2fresolver-binding-win32-ia32-msvc set size:59023 disposed:false
991 silly fetch manifest @unrs/resolver-binding-linux-arm64-musl@1.11.1
992 silly packumentCache full:https://registry.npmjs.org/@unrs%2fresolver-binding-linux-arm64-musl cache-miss
993 http cache https://registry.npmjs.org/@unrs%2fresolver-binding-win32-x64-msvc 6ms (cache hit)
994 silly packumentCache full:https://registry.npmjs.org/@unrs%2fresolver-binding-win32-x64-msvc set size:58760 disposed:false
995 silly fetch manifest @unrs/resolver-binding-android-arm-eabi@1.11.1
996 silly packumentCache full:https://registry.npmjs.org/@unrs%2fresolver-binding-android-arm-eabi cache-miss
997 http cache https://registry.npmjs.org/resolve-pkg-maps 7ms (cache hit)
998 silly packumentCache full:https://registry.npmjs.org/resolve-pkg-maps set size:11615 disposed:false
999 silly fetch manifest @unrs/resolver-binding-linux-arm-gnueabihf@1.11.1
1000 silly packumentCache full:https://registry.npmjs.org/@unrs%2fresolver-binding-linux-arm-gnueabihf cache-miss
1001 http cache https://registry.npmjs.org/@unrs%2fresolver-binding-linux-x64-gnu 7ms (cache hit)
1002 silly packumentCache full:https://registry.npmjs.org/@unrs%2fresolver-binding-linux-x64-gnu set size:59167 disposed:false
1003 silly fetch manifest @unrs/resolver-binding-linux-arm-musleabihf@1.11.1
1004 silly packumentCache full:https://registry.npmjs.org/@unrs%2fresolver-binding-linux-arm-musleabihf cache-miss
1005 http cache https://registry.npmjs.org/@unrs%2fresolver-binding-android-arm-eabi 3ms (cache hit)
1006 silly packumentCache full:https://registry.npmjs.org/@unrs%2fresolver-binding-android-arm-eabi set size:12473 disposed:false
1007 silly fetch manifest @unrs/resolver-binding-linux-ppc64-gnu@1.11.1
1008 silly packumentCache full:https://registry.npmjs.org/@unrs%2fresolver-binding-linux-ppc64-gnu cache-miss
1009 http cache https://registry.npmjs.org/@unrs%2fresolver-binding-freebsd-x64 6ms (cache hit)
1010 silly packumentCache full:https://registry.npmjs.org/@unrs%2fresolver-binding-freebsd-x64 set size:58172 disposed:false
1011 silly fetch manifest @unrs/resolver-binding-linux-riscv64-gnu@1.11.1
1012 silly packumentCache full:https://registry.npmjs.org/@unrs%2fresolver-binding-linux-riscv64-gnu cache-miss
1013 http cache https://registry.npmjs.org/@unrs%2fresolver-binding-android-arm64 5ms (cache hit)
1014 silly packumentCache full:https://registry.npmjs.org/@unrs%2fresolver-binding-android-arm64 set size:12351 disposed:false
1015 silly fetch manifest @unrs/resolver-binding-linux-riscv64-musl@1.11.1
1016 silly packumentCache full:https://registry.npmjs.org/@unrs%2fresolver-binding-linux-riscv64-musl cache-miss
1017 http cache https://registry.npmjs.org/@unrs%2fresolver-binding-linux-arm64-gnu 6ms (cache hit)
1018 silly packumentCache full:https://registry.npmjs.org/@unrs%2fresolver-binding-linux-arm64-gnu set size:59697 disposed:false
1019 silly fetch manifest @unrs/resolver-binding-linux-s390x-gnu@1.11.1
1020 silly packumentCache full:https://registry.npmjs.org/@unrs%2fresolver-binding-linux-s390x-gnu cache-miss
1021 http cache https://registry.npmjs.org/@unrs%2fresolver-binding-linux-arm64-musl 5ms (cache hit)
1022 silly packumentCache full:https://registry.npmjs.org/@unrs%2fresolver-binding-linux-arm64-musl set size:59889 disposed:false
1023 silly fetch manifest @unrs/resolver-binding-darwin-x64@1.11.1
1024 silly packumentCache full:https://registry.npmjs.org/@unrs%2fresolver-binding-darwin-x64 cache-miss
1025 http cache https://registry.npmjs.org/@unrs%2fresolver-binding-linux-arm-gnueabihf 5ms (cache hit)
1026 silly packumentCache full:https://registry.npmjs.org/@unrs%2fresolver-binding-linux-arm-gnueabihf set size:59902 disposed:false
1027 silly fetch manifest @unrs/resolver-binding-darwin-arm64@1.11.1
1028 silly packumentCache full:https://registry.npmjs.org/@unrs%2fresolver-binding-darwin-arm64 cache-miss
1029 http cache https://registry.npmjs.org/@unrs%2fresolver-binding-linux-arm-musleabihf 4ms (cache hit)
1030 silly packumentCache full:https://registry.npmjs.org/@unrs%2fresolver-binding-linux-arm-musleabihf set size:60135 disposed:false
1031 silly fetch manifest @unrs/resolver-binding-wasm32-wasi@1.11.1
1032 silly packumentCache full:https://registry.npmjs.org/@unrs%2fresolver-binding-wasm32-wasi cache-miss
1033 http cache https://registry.npmjs.org/@unrs%2fresolver-binding-darwin-x64 3ms (cache hit)
1034 silly packumentCache full:https://registry.npmjs.org/@unrs%2fresolver-binding-darwin-x64 set size:57901 disposed:false
1035 http cache https://registry.npmjs.org/@unrs%2fresolver-binding-linux-riscv64-musl 3ms (cache hit)
1036 silly packumentCache full:https://registry.npmjs.org/@unrs%2fresolver-binding-linux-riscv64-musl set size:40293 disposed:false
1037 http cache https://registry.npmjs.org/@unrs%2fresolver-binding-linux-ppc64-gnu 5ms (cache hit)
1038 silly packumentCache full:https://registry.npmjs.org/@unrs%2fresolver-binding-linux-ppc64-gnu set size:59704 disposed:false
1039 http cache https://registry.npmjs.org/@unrs%2fresolver-binding-linux-riscv64-gnu 5ms (cache hit)
1040 silly packumentCache full:https://registry.npmjs.org/@unrs%2fresolver-binding-linux-riscv64-gnu set size:50987 disposed:false
1041 http cache https://registry.npmjs.org/@unrs%2fresolver-binding-darwin-arm64 3ms (cache hit)
1042 silly packumentCache full:https://registry.npmjs.org/@unrs%2fresolver-binding-darwin-arm64 set size:58434 disposed:false
1043 http cache https://registry.npmjs.org/@unrs%2fresolver-binding-linux-s390x-gnu 5ms (cache hit)
1044 silly packumentCache full:https://registry.npmjs.org/@unrs%2fresolver-binding-linux-s390x-gnu set size:59697 disposed:false
1045 http cache https://registry.npmjs.org/@unrs%2fresolver-binding-wasm32-wasi 4ms (cache hit)
1046 silly packumentCache full:https://registry.npmjs.org/@unrs%2fresolver-binding-wasm32-wasi set size:61704 disposed:false
1047 silly placeDep ROOT @rtsao/scc@1.1.0 OK for: eslint-plugin-import@2.32.0 want: ^1.1.0
1048 silly placeDep ROOT array-includes@3.1.9 OK for: eslint-plugin-import@2.32.0 want: ^3.1.9
1049 silly placeDep ROOT array.prototype.findlastindex@1.2.6 OK for: eslint-plugin-import@2.32.0 want: ^1.2.6
1050 silly placeDep ROOT array.prototype.flat@1.3.3 OK for: eslint-plugin-import@2.32.0 want: ^1.3.3
1051 silly placeDep ROOT array.prototype.flatmap@1.3.3 OK for: eslint-plugin-import@2.32.0 want: ^1.3.3
1052 silly placeDep node_modules/eslint-plugin-import debug@3.2.7 OK for: eslint-plugin-import@2.32.0 want: ^3.2.7
1053 silly placeDep ROOT doctrine@2.1.0 OK for: eslint-plugin-import@2.32.0 want: ^2.1.0
1054 silly placeDep ROOT eslint-module-utils@2.12.1 OK for: eslint-plugin-import@2.32.0 want: ^2.12.1
1055 silly placeDep ROOT hasown@2.0.3 OK for: eslint-plugin-import@2.32.0 want: ^2.0.2
1056 silly placeDep ROOT object.fromentries@2.0.8 OK for: eslint-plugin-import@2.32.0 want: ^2.0.8
1057 silly placeDep ROOT object.groupby@1.0.3 OK for: eslint-plugin-import@2.32.0 want: ^1.0.3
1058 silly placeDep ROOT object.values@1.2.1 OK for: eslint-plugin-import@2.32.0 want: ^1.2.1
1059 silly placeDep node_modules/eslint-plugin-import semver@6.3.1 OK for: eslint-plugin-import@2.32.0 want: ^6.3.1
1060 silly placeDep ROOT string.prototype.trimend@1.0.9 OK for: eslint-plugin-import@2.32.0 want: ^1.0.9
1061 silly placeDep ROOT tsconfig-paths@3.15.0 OK for: eslint-plugin-import@2.32.0 want: ^3.15.0
1062 silly fetch manifest call-bind@^1.0.8
1063 silly packumentCache full:https://registry.npmjs.org/call-bind cache-miss
1064 silly fetch manifest call-bound@^1.0.4
1065 silly packumentCache full:https://registry.npmjs.org/call-bound cache-miss
1066 silly fetch manifest define-properties@^1.2.1
1067 silly packumentCache full:https://registry.npmjs.org/define-properties cache-miss
1068 silly fetch manifest es-abstract@^1.24.0
1069 silly packumentCache full:https://registry.npmjs.org/es-abstract cache-miss
1070 silly fetch manifest es-object-atoms@^1.1.1
1071 silly packumentCache full:https://registry.npmjs.org/es-object-atoms cache-miss
1072 silly fetch manifest get-intrinsic@^1.3.0
1073 silly packumentCache full:https://registry.npmjs.org/get-intrinsic cache-miss
1074 silly fetch manifest is-string@^1.1.1
1075 silly packumentCache full:https://registry.npmjs.org/is-string cache-miss
1076 http fetch GET 200 https://registry.npmjs.org/call-bound 200ms (cache miss)
1077 silly packumentCache full:https://registry.npmjs.org/call-bound set size:undefined disposed:false
1078 silly fetch manifest math-intrinsics@^1.1.0
1079 silly packumentCache full:https://registry.npmjs.org/math-intrinsics cache-miss
1080 http fetch GET 200 https://registry.npmjs.org/define-properties 206ms (cache miss)
1081 silly packumentCache full:https://registry.npmjs.org/define-properties set size:undefined disposed:false
1082 silly fetch manifest call-bind@^1.0.8
1083 silly packumentCache full:https://registry.npmjs.org/call-bind cache-miss
1084 http fetch GET 200 https://registry.npmjs.org/es-object-atoms 208ms (cache miss)
1085 silly packumentCache full:https://registry.npmjs.org/es-object-atoms set size:undefined disposed:false
1086 silly fetch manifest es-abstract@^1.23.9
1087 silly packumentCache full:https://registry.npmjs.org/es-abstract cache-miss
1088 http fetch GET 200 https://registry.npmjs.org/call-bind 214ms (cache miss)
1089 silly packumentCache full:https://registry.npmjs.org/call-bind set size:undefined disposed:false
1090 silly fetch manifest es-shim-unscopables@^1.1.0
1091 silly packumentCache full:https://registry.npmjs.org/es-shim-unscopables cache-miss
1092 http cache https://registry.npmjs.org/call-bind 7ms (cache hit)
1093 silly packumentCache full:https://registry.npmjs.org/call-bind set size:32985 disposed:false
1094 silly fetch manifest es-abstract@^1.23.5
1095 silly packumentCache full:https://registry.npmjs.org/es-abstract cache-miss
1096 http fetch GET 200 https://registry.npmjs.org/is-string 276ms (cache miss)
1097 silly packumentCache full:https://registry.npmjs.org/is-string set size:undefined disposed:false
1098 silly fetch manifest es-shim-unscopables@^1.0.2
1099 silly packumentCache full:https://registry.npmjs.org/es-shim-unscopables cache-miss
1100 http fetch GET 200 https://registry.npmjs.org/get-intrinsic 307ms (cache miss)
1101 silly packumentCache full:https://registry.npmjs.org/get-intrinsic set size:undefined disposed:false
1102 silly fetch manifest es-abstract@^1.23.5
1103 silly packumentCache full:https://registry.npmjs.org/es-abstract cache-miss
1104 http fetch GET 200 https://registry.npmjs.org/math-intrinsics 169ms (cache miss)
1105 silly packumentCache full:https://registry.npmjs.org/math-intrinsics set size:undefined disposed:false
1106 silly fetch manifest es-shim-unscopables@^1.0.2
1107 silly packumentCache full:https://registry.npmjs.org/es-shim-unscopables cache-miss
1108 http fetch GET 200 https://registry.npmjs.org/es-shim-unscopables 200ms (cache miss)
1109 silly packumentCache full:https://registry.npmjs.org/es-shim-unscopables set size:undefined disposed:false
1110 silly fetch manifest function-bind@^1.1.2
1111 silly packumentCache full:https://registry.npmjs.org/function-bind cache-miss
1112 http fetch GET 200 https://registry.npmjs.org/es-abstract 317ms (cache miss)
1113 silly packumentCache full:https://registry.npmjs.org/es-abstract set size:undefined disposed:false
1114 silly fetch manifest call-bind@^1.0.7
1115 silly packumentCache full:https://registry.npmjs.org/call-bind cache-hit
1116 silly fetch manifest es-abstract@^1.23.2
1117 silly packumentCache full:https://registry.npmjs.org/es-abstract cache-miss
1118 http fetch GET 200 https://registry.npmjs.org/es-shim-unscopables 254ms (cache miss)
1119 silly packumentCache full:https://registry.npmjs.org/es-shim-unscopables set size:undefined disposed:false
1120 silly fetch manifest es-object-atoms@^1.0.0
1121 silly packumentCache full:https://registry.npmjs.org/es-object-atoms cache-miss
1122 http cache https://registry.npmjs.org/es-abstract 4ms (cache hit)
1123 silly packumentCache full:https://registry.npmjs.org/es-abstract set size:384124 disposed:false
1124 silly fetch manifest call-bound@^1.0.3
1125 silly packumentCache full:https://registry.npmjs.org/call-bound cache-miss
1126 http cache https://registry.npmjs.org/es-object-atoms 5ms (cache hit)
1127 silly packumentCache full:https://registry.npmjs.org/es-object-atoms set size:15304 disposed:false
1128 silly fetch manifest call-bound@^1.0.2
1129 silly packumentCache full:https://registry.npmjs.org/call-bound cache-miss
1130 http cache https://registry.npmjs.org/call-bound 2ms (cache hit)
1131 silly packumentCache full:https://registry.npmjs.org/call-bound set size:15317 disposed:false
1132 silly fetch manifest json5@^1.0.2
1133 silly packumentCache full:https://registry.npmjs.org/json5 cache-miss
1134 http cache https://registry.npmjs.org/call-bound 2ms (cache hit)
1135 silly packumentCache full:https://registry.npmjs.org/call-bound set size:15317 disposed:false
1136 silly packumentCache full:https://registry.npmjs.org/call-bound dispose
1137 silly fetch manifest minimist@^1.2.6
1138 silly packumentCache full:https://registry.npmjs.org/minimist cache-miss
1139 http fetch GET 200 https://registry.npmjs.org/es-shim-unscopables 175ms (cache miss)
1140 silly packumentCache full:https://registry.npmjs.org/es-shim-unscopables set size:undefined disposed:false
1141 silly fetch manifest strip-bom@^3.0.0
1142 silly packumentCache full:https://registry.npmjs.org/strip-bom cache-miss
1143 http fetch GET 200 https://registry.npmjs.org/function-bind 183ms (cache miss)
1144 silly packumentCache full:https://registry.npmjs.org/function-bind set size:undefined disposed:false
1145 silly fetch manifest @types/json5@^0.0.29
1146 silly packumentCache full:https://registry.npmjs.org/@types%2fjson5 cache-miss
1147 http fetch GET 200 https://registry.npmjs.org/es-abstract 523ms (cache miss)
1148 silly packumentCache full:https://registry.npmjs.org/es-abstract set size:undefined disposed:false
1149 silly packumentCache full:https://registry.npmjs.org/es-abstract dispose
1150 http fetch GET 200 https://registry.npmjs.org/strip-bom 217ms (cache miss)
1151 silly packumentCache full:https://registry.npmjs.org/strip-bom set size:undefined disposed:false
1152 http fetch GET 200 https://registry.npmjs.org/minimist 227ms (cache miss)
1153 silly packumentCache full:https://registry.npmjs.org/minimist set size:undefined disposed:false
1154 http fetch GET 200 https://registry.npmjs.org/es-abstract 518ms (cache miss)
1155 silly packumentCache full:https://registry.npmjs.org/es-abstract set size:undefined disposed:true
1156 http fetch GET 200 https://registry.npmjs.org/@types%2fjson5 322ms (cache miss)
1157 silly packumentCache full:https://registry.npmjs.org/@types%2fjson5 set size:undefined disposed:false
1158 http fetch GET 200 https://registry.npmjs.org/es-abstract 949ms (cache miss)
1159 silly packumentCache full:https://registry.npmjs.org/es-abstract set size:undefined disposed:false
1160 http fetch GET 200 https://registry.npmjs.org/json5 462ms (cache miss)
1161 silly packumentCache full:https://registry.npmjs.org/json5 set size:undefined disposed:false
1162 silly placeDep ROOT call-bind@1.0.9 OK for: array-includes@3.1.9 want: ^1.0.8
1163 silly placeDep ROOT call-bound@1.0.4 OK for: array-includes@3.1.9 want: ^1.0.4
1164 silly placeDep ROOT define-properties@1.2.1 OK for: array-includes@3.1.9 want: ^1.2.1
1165 silly placeDep ROOT es-abstract@1.24.2 OK for: array-includes@3.1.9 want: ^1.24.0
1166 silly placeDep ROOT es-object-atoms@1.1.1 OK for: array-includes@3.1.9 want: ^1.1.1
1167 silly placeDep ROOT get-intrinsic@1.3.0 OK for: array-includes@3.1.9 want: ^1.3.0
1168 silly placeDep ROOT is-string@1.1.1 OK for: array-includes@3.1.9 want: ^1.1.1
1169 silly placeDep ROOT math-intrinsics@1.1.0 OK for: array-includes@3.1.9 want: ^1.1.0
1170 silly fetch manifest call-bind-apply-helpers@^1.0.2
1171 silly packumentCache full:https://registry.npmjs.org/call-bind-apply-helpers cache-miss
1172 silly fetch manifest es-define-property@^1.0.1
1173 silly packumentCache full:https://registry.npmjs.org/es-define-property cache-miss
1174 silly fetch manifest set-function-length@^1.2.2
1175 silly packumentCache full:https://registry.npmjs.org/set-function-length cache-miss
1176 silly fetch manifest call-bind-apply-helpers@^1.0.2
1177 silly packumentCache full:https://registry.npmjs.org/call-bind-apply-helpers cache-miss
1178 silly fetch manifest define-data-property@^1.0.1
1179 silly packumentCache full:https://registry.npmjs.org/define-data-property cache-miss
1180 silly fetch manifest has-property-descriptors@^1.0.0
1181 silly packumentCache full:https://registry.npmjs.org/has-property-descriptors cache-miss
1182 silly fetch manifest array-buffer-byte-length@^1.0.2
1183 silly packumentCache full:https://registry.npmjs.org/array-buffer-byte-length cache-miss
1184 http fetch GET 200 https://registry.npmjs.org/es-define-property 168ms (cache miss)
1185 silly packumentCache full:https://registry.npmjs.org/es-define-property set size:undefined disposed:false
1186 silly fetch manifest arraybuffer.prototype.slice@^1.0.4
1187 silly packumentCache full:https://registry.npmjs.org/arraybuffer.prototype.slice cache-miss
1188 http fetch GET 200 https://registry.npmjs.org/set-function-length 186ms (cache miss)
1189 silly packumentCache full:https://registry.npmjs.org/set-function-length set size:undefined disposed:false
1190 silly fetch manifest available-typed-arrays@^1.0.7
1191 silly packumentCache full:https://registry.npmjs.org/available-typed-arrays cache-miss
1192 http fetch GET 200 https://registry.npmjs.org/has-property-descriptors 189ms (cache miss)
1193 silly packumentCache full:https://registry.npmjs.org/has-property-descriptors set size:undefined disposed:false
1194 silly fetch manifest data-view-buffer@^1.0.2
1195 silly packumentCache full:https://registry.npmjs.org/data-view-buffer cache-miss
1196 http fetch GET 200 https://registry.npmjs.org/array-buffer-byte-length 215ms (cache miss)
1197 silly packumentCache full:https://registry.npmjs.org/array-buffer-byte-length set size:undefined disposed:false
1198 silly fetch manifest data-view-byte-length@^1.0.2
1199 silly packumentCache full:https://registry.npmjs.org/data-view-byte-length cache-miss
1200 http fetch GET 200 https://registry.npmjs.org/call-bind-apply-helpers 242ms (cache miss)
1201 silly packumentCache full:https://registry.npmjs.org/call-bind-apply-helpers set size:undefined disposed:false
1202 silly fetch manifest data-view-byte-offset@^1.0.1
1203 silly packumentCache full:https://registry.npmjs.org/data-view-byte-offset cache-miss
1204 http fetch GET 200 https://registry.npmjs.org/call-bind-apply-helpers 248ms (cache miss)
1205 silly packumentCache full:https://registry.npmjs.org/call-bind-apply-helpers set size:undefined disposed:false
1206 silly fetch manifest es-set-tostringtag@^2.1.0
1207 silly packumentCache full:https://registry.npmjs.org/es-set-tostringtag cache-miss
1208 http fetch GET 200 https://registry.npmjs.org/arraybuffer.prototype.slice 178ms (cache miss)
1209 silly packumentCache full:https://registry.npmjs.org/arraybuffer.prototype.slice set size:undefined disposed:false
1210 silly fetch manifest es-to-primitive@^1.3.0
1211 silly packumentCache full:https://registry.npmjs.org/es-to-primitive cache-miss
1212 http fetch GET 200 https://registry.npmjs.org/define-data-property 357ms (cache miss)
1213 silly packumentCache full:https://registry.npmjs.org/define-data-property set size:undefined disposed:false
1214 silly fetch manifest function.prototype.name@^1.1.8
1215 silly packumentCache full:https://registry.npmjs.org/function.prototype.name cache-miss
1216 http fetch GET 200 https://registry.npmjs.org/available-typed-arrays 181ms (cache miss)
1217 silly packumentCache full:https://registry.npmjs.org/available-typed-arrays set size:undefined disposed:false
1218 silly fetch manifest get-proto@^1.0.1
1219 silly packumentCache full:https://registry.npmjs.org/get-proto cache-miss
1220 http fetch GET 200 https://registry.npmjs.org/data-view-buffer 178ms (cache miss)
1221 silly packumentCache full:https://registry.npmjs.org/data-view-buffer set size:undefined disposed:false
1222 silly fetch manifest get-symbol-description@^1.1.0
1223 silly packumentCache full:https://registry.npmjs.org/get-symbol-description cache-miss
1224 http fetch GET 200 https://registry.npmjs.org/data-view-byte-offset 185ms (cache miss)
1225 silly packumentCache full:https://registry.npmjs.org/data-view-byte-offset set size:undefined disposed:false
1226 silly fetch manifest globalthis@^1.0.4
1227 silly packumentCache full:https://registry.npmjs.org/globalthis cache-miss
1228 http fetch GET 200 https://registry.npmjs.org/data-view-byte-length 211ms (cache miss)
1229 silly packumentCache full:https://registry.npmjs.org/data-view-byte-length set size:undefined disposed:false
1230 silly fetch manifest gopd@^1.2.0
1231 silly packumentCache full:https://registry.npmjs.org/gopd cache-miss
1232 http fetch GET 200 https://registry.npmjs.org/es-set-tostringtag 249ms (cache miss)
1233 silly packumentCache full:https://registry.npmjs.org/es-set-tostringtag set size:undefined disposed:false
1234 silly fetch manifest has-property-descriptors@^1.0.2
1235 silly packumentCache full:https://registry.npmjs.org/has-property-descriptors cache-miss
1236 http cache https://registry.npmjs.org/has-property-descriptors 1ms (cache hit)
1237 silly packumentCache full:https://registry.npmjs.org/has-property-descriptors set size:12452 disposed:false
1238 silly fetch manifest has-proto@^1.2.0
1239 silly packumentCache full:https://registry.npmjs.org/has-proto cache-miss
1240 http fetch GET 200 https://registry.npmjs.org/es-to-primitive 183ms (cache miss)
1241 silly packumentCache full:https://registry.npmjs.org/es-to-primitive set size:undefined disposed:false
1242 silly fetch manifest has-symbols@^1.1.0
1243 silly packumentCache full:https://registry.npmjs.org/has-symbols cache-miss
1244 http fetch GET 200 https://registry.npmjs.org/get-proto 169ms (cache miss)
1245 silly packumentCache full:https://registry.npmjs.org/get-proto set size:undefined disposed:false
1246 silly fetch manifest internal-slot@^1.1.0
1247 silly packumentCache full:https://registry.npmjs.org/internal-slot cache-miss
1248 http fetch GET 200 https://registry.npmjs.org/get-symbol-description 184ms (cache miss)
1249 silly packumentCache full:https://registry.npmjs.org/get-symbol-description set size:undefined disposed:false
1250 silly fetch manifest is-array-buffer@^3.0.5
1251 silly packumentCache full:https://registry.npmjs.org/is-array-buffer cache-miss
1252 http fetch GET 200 https://registry.npmjs.org/function.prototype.name 222ms (cache miss)
1253 silly packumentCache full:https://registry.npmjs.org/function.prototype.name set size:undefined disposed:false
1254 silly fetch manifest is-callable@^1.2.7
1255 silly packumentCache full:https://registry.npmjs.org/is-callable cache-miss
1256 http fetch GET 200 https://registry.npmjs.org/globalthis 211ms (cache miss)
1257 silly packumentCache full:https://registry.npmjs.org/globalthis set size:undefined disposed:false
1258 silly fetch manifest is-data-view@^1.0.2
1259 silly packumentCache full:https://registry.npmjs.org/is-data-view cache-miss
1260 http fetch GET 200 https://registry.npmjs.org/gopd 221ms (cache miss)
1261 silly packumentCache full:https://registry.npmjs.org/gopd set size:undefined disposed:false
1262 silly fetch manifest is-negative-zero@^2.0.3
1263 silly packumentCache full:https://registry.npmjs.org/is-negative-zero cache-miss
1264 http fetch GET 200 https://registry.npmjs.org/has-symbols 217ms (cache miss)
1265 silly packumentCache full:https://registry.npmjs.org/has-symbols set size:undefined disposed:false
1266 silly fetch manifest is-regex@^1.2.1
1267 silly packumentCache full:https://registry.npmjs.org/is-regex cache-miss
1268 http fetch GET 200 https://registry.npmjs.org/internal-slot 216ms (cache miss)
1269 silly packumentCache full:https://registry.npmjs.org/internal-slot set size:undefined disposed:false
1270 silly fetch manifest is-set@^2.0.3
1271 silly packumentCache full:https://registry.npmjs.org/is-set cache-miss
1272 http fetch GET 200 https://registry.npmjs.org/has-proto 259ms (cache miss)
1273 silly packumentCache full:https://registry.npmjs.org/has-proto set size:undefined disposed:false
1274 silly fetch manifest is-shared-array-buffer@^1.0.4
1275 silly packumentCache full:https://registry.npmjs.org/is-shared-array-buffer cache-miss
1276 http fetch GET 200 https://registry.npmjs.org/is-array-buffer 211ms (cache miss)
1277 silly packumentCache full:https://registry.npmjs.org/is-array-buffer set size:undefined disposed:false
1278 silly fetch manifest is-typed-array@^1.1.15
1279 silly packumentCache full:https://registry.npmjs.org/is-typed-array cache-miss
1280 http fetch GET 200 https://registry.npmjs.org/is-callable 235ms (cache miss)
1281 silly packumentCache full:https://registry.npmjs.org/is-callable set size:undefined disposed:false
1282 silly fetch manifest is-weakref@^1.1.1
1283 silly packumentCache full:https://registry.npmjs.org/is-weakref cache-miss
1284 http fetch GET 200 https://registry.npmjs.org/is-data-view 211ms (cache miss)
1285 silly packumentCache full:https://registry.npmjs.org/is-data-view set size:undefined disposed:false
1286 silly fetch manifest object-inspect@^1.13.4
1287 silly packumentCache full:https://registry.npmjs.org/object-inspect cache-miss
1288 http fetch GET 200 https://registry.npmjs.org/is-set 190ms (cache miss)
1289 silly packumentCache full:https://registry.npmjs.org/is-set set size:undefined disposed:false
1290 silly fetch manifest object.assign@^4.1.7
1291 silly packumentCache full:https://registry.npmjs.org/object.assign cache-miss
1292 http fetch GET 200 https://registry.npmjs.org/is-regex 199ms (cache miss)
1293 silly packumentCache full:https://registry.npmjs.org/is-regex set size:undefined disposed:false
1294 silly fetch manifest own-keys@^1.0.1
1295 silly packumentCache full:https://registry.npmjs.org/own-keys cache-miss
1296 http fetch GET 200 https://registry.npmjs.org/is-negative-zero 324ms (cache miss)
1297 silly packumentCache full:https://registry.npmjs.org/is-negative-zero set size:undefined disposed:false
1298 silly fetch manifest regexp.prototype.flags@^1.5.4
1299 silly packumentCache full:https://registry.npmjs.org/regexp.prototype.flags cache-miss
1300 http fetch GET 200 https://registry.npmjs.org/is-shared-array-buffer 255ms (cache miss)
1301 silly packumentCache full:https://registry.npmjs.org/is-shared-array-buffer set size:undefined disposed:false
1302 silly fetch manifest safe-array-concat@^1.1.3
1303 silly packumentCache full:https://registry.npmjs.org/safe-array-concat cache-miss
1304 http fetch GET 200 https://registry.npmjs.org/is-weakref 210ms (cache miss)
1305 silly packumentCache full:https://registry.npmjs.org/is-weakref set size:undefined disposed:false
1306 silly fetch manifest safe-push-apply@^1.0.0
1307 silly packumentCache full:https://registry.npmjs.org/safe-push-apply cache-miss
1308 http fetch GET 200 https://registry.npmjs.org/is-typed-array 294ms (cache miss)
1309 silly packumentCache full:https://registry.npmjs.org/is-typed-array set size:undefined disposed:false
1310 silly fetch manifest safe-regex-test@^1.1.0
1311 silly packumentCache full:https://registry.npmjs.org/safe-regex-test cache-miss
1312 http cache https://registry.npmjs.org/safe-regex-test 4ms (cache hit)
1313 silly packumentCache full:https://registry.npmjs.org/safe-regex-test set size:17412 disposed:false
1314 silly fetch manifest set-proto@^1.0.0
1315 silly packumentCache full:https://registry.npmjs.org/set-proto cache-miss
1316 http fetch GET 200 https://registry.npmjs.org/object-inspect 246ms (cache miss)
1317 silly packumentCache full:https://registry.npmjs.org/object-inspect set size:undefined disposed:false
1318 silly fetch manifest stop-iteration-iterator@^1.1.0
1319 silly packumentCache full:https://registry.npmjs.org/stop-iteration-iterator cache-miss
1320 http fetch GET 200 https://registry.npmjs.org/own-keys 179ms (cache miss)
1321 silly packumentCache full:https://registry.npmjs.org/own-keys set size:undefined disposed:false
1322 silly fetch manifest string.prototype.trim@^1.2.10
1323 silly packumentCache full:https://registry.npmjs.org/string.prototype.trim cache-miss
1324 http fetch GET 200 https://registry.npmjs.org/object.assign 230ms (cache miss)
1325 silly packumentCache full:https://registry.npmjs.org/object.assign set size:undefined disposed:false
1326 silly fetch manifest string.prototype.trimstart@^1.0.8
1327 silly packumentCache full:https://registry.npmjs.org/string.prototype.trimstart cache-miss
1328 http fetch GET 200 https://registry.npmjs.org/stop-iteration-iterator 660ms (cache miss)
1329 silly packumentCache full:https://registry.npmjs.org/stop-iteration-iterator set size:undefined disposed:false
1330 silly fetch manifest typed-array-buffer@^1.0.3
1331 silly packumentCache full:https://registry.npmjs.org/typed-array-buffer cache-miss
1332 http fetch GET 200 https://registry.npmjs.org/set-proto 703ms (cache miss)
1333 silly packumentCache full:https://registry.npmjs.org/set-proto set size:undefined disposed:false
1334 silly fetch manifest typed-array-byte-length@^1.0.3
1335 silly packumentCache full:https://registry.npmjs.org/typed-array-byte-length cache-miss
1336 http fetch GET 200 https://registry.npmjs.org/safe-push-apply 752ms (cache miss)
1337 silly packumentCache full:https://registry.npmjs.org/safe-push-apply set size:undefined disposed:false
1338 silly fetch manifest typed-array-byte-offset@^1.0.4
1339 silly packumentCache full:https://registry.npmjs.org/typed-array-byte-offset cache-miss
1340 http fetch GET 200 https://registry.npmjs.org/regexp.prototype.flags 808ms (cache miss)
1341 silly packumentCache full:https://registry.npmjs.org/regexp.prototype.flags set size:undefined disposed:false
1342 silly fetch manifest typed-array-length@^1.0.7
1343 silly packumentCache full:https://registry.npmjs.org/typed-array-length cache-miss
1344 http fetch GET 200 https://registry.npmjs.org/safe-array-concat 768ms (cache miss)
1345 silly packumentCache full:https://registry.npmjs.org/safe-array-concat set size:undefined disposed:false
1346 silly fetch manifest unbox-primitive@^1.1.0
1347 silly packumentCache full:https://registry.npmjs.org/unbox-primitive cache-miss
1348 http fetch GET 200 https://registry.npmjs.org/string.prototype.trim 693ms (cache miss)
1349 silly packumentCache full:https://registry.npmjs.org/string.prototype.trim set size:undefined disposed:false
1350 silly fetch manifest which-typed-array@^1.1.19
1351 silly packumentCache full:https://registry.npmjs.org/which-typed-array cache-miss
1352 http fetch GET 200 https://registry.npmjs.org/string.prototype.trimstart 706ms (cache miss)
1353 silly packumentCache full:https://registry.npmjs.org/string.prototype.trimstart set size:undefined disposed:false
1354 silly fetch manifest has-tostringtag@^1.0.2
1355 silly packumentCache full:https://registry.npmjs.org/has-tostringtag cache-miss
1356 http fetch GET 200 https://registry.npmjs.org/typed-array-byte-length 211ms (cache miss)
1357 silly packumentCache full:https://registry.npmjs.org/typed-array-byte-length set size:undefined disposed:false
1358 http fetch GET 200 https://registry.npmjs.org/unbox-primitive 200ms (cache miss)
1359 silly packumentCache full:https://registry.npmjs.org/unbox-primitive set size:undefined disposed:false
1360 http fetch GET 200 https://registry.npmjs.org/typed-array-byte-offset 213ms (cache miss)
1361 silly packumentCache full:https://registry.npmjs.org/typed-array-byte-offset set size:undefined disposed:false
1362 http fetch GET 200 https://registry.npmjs.org/typed-array-buffer 300ms (cache miss)
1363 silly packumentCache full:https://registry.npmjs.org/typed-array-buffer set size:undefined disposed:false
1364 http fetch GET 200 https://registry.npmjs.org/typed-array-length 289ms (cache miss)
1365 silly packumentCache full:https://registry.npmjs.org/typed-array-length set size:undefined disposed:false
1366 http fetch GET 200 https://registry.npmjs.org/which-typed-array 226ms (cache miss)
1367 silly packumentCache full:https://registry.npmjs.org/which-typed-array set size:undefined disposed:false
1368 http fetch GET 200 https://registry.npmjs.org/has-tostringtag 192ms (cache miss)
1369 silly packumentCache full:https://registry.npmjs.org/has-tostringtag set size:undefined disposed:false
1370 silly placeDep ROOT es-errors@1.3.0 OK for: array.prototype.findlastindex@1.2.6 want: ^1.3.0
1371 silly placeDep ROOT es-shim-unscopables@1.1.0 OK for: array.prototype.findlastindex@1.2.6 want: ^1.1.0
1372 silly placeDep ROOT call-bind-apply-helpers@1.0.2 OK for: call-bind@1.0.9 want: ^1.0.2
1373 silly placeDep ROOT es-define-property@1.0.1 OK for: call-bind@1.0.9 want: ^1.0.1
1374 silly placeDep ROOT set-function-length@1.2.2 OK for: call-bind@1.0.9 want: ^1.2.2
1375 silly fetch manifest define-data-property@^1.1.4
1376 silly packumentCache full:https://registry.npmjs.org/define-data-property cache-miss
1377 silly fetch manifest gopd@^1.0.1
1378 silly packumentCache full:https://registry.npmjs.org/gopd cache-miss
1379 http cache https://registry.npmjs.org/define-data-property 3ms (cache hit)
1380 silly packumentCache full:https://registry.npmjs.org/define-data-property set size:28048 disposed:false
1381 http cache https://registry.npmjs.org/gopd 3ms (cache hit)
1382 silly packumentCache full:https://registry.npmjs.org/gopd set size:11458 disposed:false
1383 silly placeDep ROOT function-bind@1.1.2 OK for: call-bind-apply-helpers@1.0.2 want: ^1.1.2
1384 silly placeDep ROOT define-data-property@1.1.4 OK for: define-properties@1.2.1 want: ^1.0.1
1385 silly placeDep ROOT has-property-descriptors@1.0.2 OK for: define-properties@1.2.1 want: ^1.0.0
1386 silly placeDep ROOT object-keys@1.1.1 OK for: define-properties@1.2.1 want: ^1.1.1
1387 silly placeDep ROOT gopd@1.2.0 OK for: define-data-property@1.1.4 want: ^1.0.1
1388 silly placeDep ROOT array-buffer-byte-length@1.0.2 OK for: es-abstract@1.24.2 want: ^1.0.2
1389 silly placeDep ROOT arraybuffer.prototype.slice@1.0.4 OK for: es-abstract@1.24.2 want: ^1.0.4
1390 silly placeDep ROOT available-typed-arrays@1.0.7 OK for: es-abstract@1.24.2 want: ^1.0.7
1391 silly placeDep ROOT data-view-buffer@1.0.2 OK for: es-abstract@1.24.2 want: ^1.0.2
1392 silly placeDep ROOT data-view-byte-length@1.0.2 OK for: es-abstract@1.24.2 want: ^1.0.2
1393 silly placeDep ROOT data-view-byte-offset@1.0.1 OK for: es-abstract@1.24.2 want: ^1.0.1
1394 silly placeDep ROOT es-set-tostringtag@2.1.0 OK for: es-abstract@1.24.2 want: ^2.1.0
1395 silly placeDep ROOT es-to-primitive@1.3.0 OK for: es-abstract@1.24.2 want: ^1.3.0
1396 silly placeDep ROOT function.prototype.name@1.1.8 OK for: es-abstract@1.24.2 want: ^1.1.8
1397 silly placeDep ROOT get-proto@1.0.1 OK for: es-abstract@1.24.2 want: ^1.0.1
1398 silly placeDep ROOT get-symbol-description@1.1.0 OK for: es-abstract@1.24.2 want: ^1.1.0
1399 silly placeDep ROOT globalthis@1.0.4 OK for: es-abstract@1.24.2 want: ^1.0.4
1400 silly placeDep ROOT has-proto@1.2.0 OK for: es-abstract@1.24.2 want: ^1.2.0
1401 silly placeDep ROOT has-symbols@1.1.0 OK for: es-abstract@1.24.2 want: ^1.1.0
1402 silly placeDep ROOT internal-slot@1.1.0 OK for: es-abstract@1.24.2 want: ^1.1.0
1403 silly placeDep ROOT is-array-buffer@3.0.5 OK for: es-abstract@1.24.2 want: ^3.0.5
1404 silly placeDep ROOT is-callable@1.2.7 OK for: es-abstract@1.24.2 want: ^1.2.7
1405 silly placeDep ROOT is-data-view@1.0.2 OK for: es-abstract@1.24.2 want: ^1.0.2
1406 silly placeDep ROOT is-negative-zero@2.0.3 OK for: es-abstract@1.24.2 want: ^2.0.3
1407 silly placeDep ROOT is-regex@1.2.1 OK for: es-abstract@1.24.2 want: ^1.2.1
1408 silly placeDep ROOT is-set@2.0.3 OK for: es-abstract@1.24.2 want: ^2.0.3
1409 silly placeDep ROOT is-shared-array-buffer@1.0.4 OK for: es-abstract@1.24.2 want: ^1.0.4
1410 silly placeDep ROOT is-typed-array@1.1.15 OK for: es-abstract@1.24.2 want: ^1.1.15
1411 silly placeDep ROOT is-weakref@1.1.1 OK for: es-abstract@1.24.2 want: ^1.1.1
1412 silly placeDep ROOT object-inspect@1.13.4 OK for: es-abstract@1.24.2 want: ^1.13.4
1413 silly placeDep ROOT object.assign@4.1.7 OK for: es-abstract@1.24.2 want: ^4.1.7
1414 silly placeDep ROOT own-keys@1.0.1 OK for: es-abstract@1.24.2 want: ^1.0.1
1415 silly placeDep ROOT regexp.prototype.flags@1.5.4 OK for: es-abstract@1.24.2 want: ^1.5.4
1416 silly placeDep ROOT safe-array-concat@1.1.4 OK for: es-abstract@1.24.2 want: ^1.1.3
1417 silly placeDep ROOT safe-push-apply@1.0.0 OK for: es-abstract@1.24.2 want: ^1.0.0
1418 silly placeDep ROOT safe-regex-test@1.1.0 OK for: es-abstract@1.24.2 want: ^1.1.0
1419 silly placeDep ROOT set-proto@1.0.0 OK for: es-abstract@1.24.2 want: ^1.0.0
1420 silly placeDep ROOT stop-iteration-iterator@1.1.0 OK for: es-abstract@1.24.2 want: ^1.1.0
1421 silly placeDep ROOT string.prototype.trim@1.2.10 OK for: es-abstract@1.24.2 want: ^1.2.10
1422 silly placeDep ROOT string.prototype.trimstart@1.0.8 OK for: es-abstract@1.24.2 want: ^1.0.8
1423 silly placeDep ROOT typed-array-buffer@1.0.3 OK for: es-abstract@1.24.2 want: ^1.0.3
1424 silly placeDep ROOT typed-array-byte-length@1.0.3 OK for: es-abstract@1.24.2 want: ^1.0.3
1425 silly placeDep ROOT typed-array-byte-offset@1.0.4 OK for: es-abstract@1.24.2 want: ^1.0.4
1426 silly placeDep ROOT typed-array-length@1.0.7 OK for: es-abstract@1.24.2 want: ^1.0.7
1427 silly placeDep ROOT unbox-primitive@1.1.0 OK for: es-abstract@1.24.2 want: ^1.1.0
1428 silly placeDep ROOT which-typed-array@1.1.20 OK for: es-abstract@1.24.2 want: ^1.1.19
1429 silly fetch manifest is-array-buffer@^3.0.4
1430 silly packumentCache full:https://registry.npmjs.org/is-array-buffer cache-miss
1431 silly fetch manifest possible-typed-array-names@^1.0.0
1432 silly packumentCache full:https://registry.npmjs.org/possible-typed-array-names cache-miss
1433 silly fetch manifest is-data-view@^1.0.1
1434 silly packumentCache full:https://registry.npmjs.org/is-data-view cache-miss
1435 silly fetch manifest is-date-object@^1.0.5
1436 silly packumentCache full:https://registry.npmjs.org/is-date-object cache-miss
1437 silly fetch manifest is-symbol@^1.0.4
1438 silly packumentCache full:https://registry.npmjs.org/is-symbol cache-miss
1439 silly fetch manifest functions-have-names@^1.2.3
1440 silly packumentCache full:https://registry.npmjs.org/functions-have-names cache-miss
1441 silly fetch manifest dunder-proto@^1.0.1
1442 silly packumentCache full:https://registry.npmjs.org/dunder-proto cache-miss
1443 http cache https://registry.npmjs.org/is-data-view 3ms (cache hit)
1444 silly packumentCache full:https://registry.npmjs.org/is-data-view set size:13756 disposed:false
1445 silly fetch manifest dunder-proto@^1.0.0
1446 silly packumentCache full:https://registry.npmjs.org/dunder-proto cache-miss
1447 http cache https://registry.npmjs.org/is-array-buffer 3ms (cache hit)
1448 silly packumentCache full:https://registry.npmjs.org/is-array-buffer set size:33562 disposed:false
1449 silly fetch manifest side-channel@^1.1.0
1450 silly packumentCache full:https://registry.npmjs.org/side-channel cache-miss
1451 http fetch GET 200 https://registry.npmjs.org/possible-typed-array-names 171ms (cache miss)
1452 silly packumentCache full:https://registry.npmjs.org/possible-typed-array-names set size:undefined disposed:false
1453 silly fetch manifest is-typed-array@^1.1.13
1454 silly packumentCache full:https://registry.npmjs.org/is-typed-array cache-miss
1455 http cache https://registry.npmjs.org/is-typed-array 1ms (cache hit)
1456 silly packumentCache full:https://registry.npmjs.org/is-typed-array set size:79965 disposed:false
1457 silly fetch manifest which-typed-array@^1.1.16
1458 silly packumentCache full:https://registry.npmjs.org/which-typed-array cache-miss
1459 http cache https://registry.npmjs.org/which-typed-array 1ms (cache hit)
1460 silly packumentCache full:https://registry.npmjs.org/which-typed-array set size:93605 disposed:false
1461 silly fetch manifest set-function-name@^2.0.2
1462 silly packumentCache full:https://registry.npmjs.org/set-function-name cache-miss
1463 http fetch GET 200 https://registry.npmjs.org/side-channel 180ms (cache miss)
1464 silly packumentCache full:https://registry.npmjs.org/side-channel set size:undefined disposed:false
1465 silly fetch manifest isarray@^2.0.5
1466 silly packumentCache full:https://registry.npmjs.org/isarray cache-miss
1467 http fetch GET 200 https://registry.npmjs.org/dunder-proto 182ms (cache miss)
1468 silly packumentCache full:https://registry.npmjs.org/dunder-proto set size:undefined disposed:false
1469 silly fetch manifest isarray@^2.0.5
1470 silly packumentCache full:https://registry.npmjs.org/isarray cache-miss
1471 http fetch GET 200 https://registry.npmjs.org/is-symbol 198ms (cache miss)
1472 silly packumentCache full:https://registry.npmjs.org/is-symbol set size:undefined disposed:false
1473 silly fetch manifest dunder-proto@^1.0.1
1474 silly packumentCache full:https://registry.npmjs.org/dunder-proto cache-miss
1475 http cache https://registry.npmjs.org/dunder-proto 2ms (cache hit)
1476 silly packumentCache full:https://registry.npmjs.org/dunder-proto set size:8256 disposed:false
1477 silly fetch manifest for-each@^0.3.3
1478 silly packumentCache full:https://registry.npmjs.org/for-each cache-miss
1479 http fetch GET 200 https://registry.npmjs.org/dunder-proto 220ms (cache miss)
1480 silly packumentCache full:https://registry.npmjs.org/dunder-proto set size:undefined disposed:false
1481 silly packumentCache full:https://registry.npmjs.org/dunder-proto dispose
1482 silly fetch manifest for-each@^0.3.3
1483 silly packumentCache full:https://registry.npmjs.org/for-each cache-miss
1484 http fetch GET 200 https://registry.npmjs.org/functions-have-names 271ms (cache miss)
1485 silly packumentCache full:https://registry.npmjs.org/functions-have-names set size:undefined disposed:false
1486 silly fetch manifest reflect.getprototypeof@^1.0.9
1487 silly packumentCache full:https://registry.npmjs.org/reflect.getprototypeof cache-miss
1488 http fetch GET 200 https://registry.npmjs.org/is-date-object 307ms (cache miss)
1489 silly packumentCache full:https://registry.npmjs.org/is-date-object set size:undefined disposed:false
1490 silly fetch manifest for-each@^0.3.3
1491 silly packumentCache full:https://registry.npmjs.org/for-each cache-miss
1492 http fetch GET 200 https://registry.npmjs.org/isarray 168ms (cache miss)
1493 silly packumentCache full:https://registry.npmjs.org/isarray set size:undefined disposed:false
1494 silly fetch manifest reflect.getprototypeof@^1.0.6
1495 silly packumentCache full:https://registry.npmjs.org/reflect.getprototypeof cache-miss
1496 http fetch GET 200 https://registry.npmjs.org/isarray 172ms (cache miss)
1497 silly packumentCache full:https://registry.npmjs.org/isarray set size:undefined disposed:false
1498 silly fetch manifest has-bigints@^1.0.2
1499 silly packumentCache full:https://registry.npmjs.org/has-bigints cache-miss
1500 http fetch GET 200 https://registry.npmjs.org/set-function-name 185ms (cache miss)
1501 silly packumentCache full:https://registry.npmjs.org/set-function-name set size:undefined disposed:false
1502 silly fetch manifest which-boxed-primitive@^1.1.1
1503 silly packumentCache full:https://registry.npmjs.org/which-boxed-primitive cache-miss
1504 http fetch GET 200 https://registry.npmjs.org/for-each 195ms (cache miss)
1505 silly packumentCache full:https://registry.npmjs.org/for-each set size:undefined disposed:false
1506 silly fetch manifest for-each@^0.3.5
1507 silly packumentCache full:https://registry.npmjs.org/for-each cache-miss
1508 http cache https://registry.npmjs.org/for-each 1ms (cache hit)
1509 silly packumentCache full:https://registry.npmjs.org/for-each set size:14327 disposed:false
1510 http fetch GET 200 https://registry.npmjs.org/for-each 170ms (cache miss)
1511 silly packumentCache full:https://registry.npmjs.org/for-each set size:undefined disposed:false
1512 silly packumentCache full:https://registry.npmjs.org/for-each dispose
1513 http fetch GET 200 https://registry.npmjs.org/for-each 255ms (cache miss)
1514 silly packumentCache full:https://registry.npmjs.org/for-each set size:undefined disposed:true
1515 http fetch GET 200 https://registry.npmjs.org/has-bigints 183ms (cache miss)
1516 silly packumentCache full:https://registry.npmjs.org/has-bigints set size:undefined disposed:false
1517 http fetch GET 200 https://registry.npmjs.org/reflect.getprototypeof 274ms (cache miss)
1518 silly packumentCache full:https://registry.npmjs.org/reflect.getprototypeof set size:undefined disposed:false
1519 http fetch GET 200 https://registry.npmjs.org/reflect.getprototypeof 359ms (cache miss)
1520 silly packumentCache full:https://registry.npmjs.org/reflect.getprototypeof set size:undefined disposed:false
1521 http fetch GET 200 https://registry.npmjs.org/which-boxed-primitive 273ms (cache miss)
1522 silly packumentCache full:https://registry.npmjs.org/which-boxed-primitive set size:undefined disposed:false
1523 silly placeDep ROOT possible-typed-array-names@1.1.0 OK for: available-typed-arrays@1.0.7 want: ^1.0.0
1524 silly placeDep ROOT has-tostringtag@1.0.2 OK for: es-set-tostringtag@2.1.0 want: ^1.0.2
1525 silly placeDep ROOT is-date-object@1.1.0 OK for: es-to-primitive@1.3.0 want: ^1.0.5
1526 silly placeDep ROOT is-symbol@1.1.1 OK for: es-to-primitive@1.3.0 want: ^1.0.4
1527 silly placeDep node_modules/eslint-module-utils debug@3.2.7 OK for: eslint-module-utils@2.12.1 want: ^3.2.7
1528 silly placeDep ROOT aria-query@5.3.2 OK for: eslint-plugin-jsx-a11y@6.10.2 want: ^5.3.2
1529 silly placeDep ROOT ast-types-flow@0.0.8 OK for: eslint-plugin-jsx-a11y@6.10.2 want: ^0.0.8
1530 silly placeDep ROOT axe-core@4.11.3 OK for: eslint-plugin-jsx-a11y@6.10.2 want: ^4.10.0
1531 silly placeDep ROOT axobject-query@4.1.0 OK for: eslint-plugin-jsx-a11y@6.10.2 want: ^4.1.0
1532 silly placeDep ROOT damerau-levenshtein@1.0.8 OK for: eslint-plugin-jsx-a11y@6.10.2 want: ^1.0.8
1533 silly placeDep ROOT emoji-regex@9.2.2 OK for: eslint-plugin-jsx-a11y@6.10.2 want: ^9.2.2
1534 silly placeDep ROOT jsx-ast-utils@3.3.5 OK for: eslint-plugin-jsx-a11y@6.10.2 want: ^3.3.5
1535 silly placeDep ROOT language-tags@1.0.9 OK for: eslint-plugin-jsx-a11y@6.10.2 want: ^1.0.9
1536 silly placeDep ROOT string.prototype.includes@2.0.1 OK for: eslint-plugin-jsx-a11y@6.10.2 want: ^2.0.1
1537 silly fetch manifest language-subtag-registry@^0.3.20
1538 silly packumentCache full:https://registry.npmjs.org/language-subtag-registry cache-miss
1539 http fetch GET 200 https://registry.npmjs.org/language-subtag-registry 234ms (cache miss)
1540 silly packumentCache full:https://registry.npmjs.org/language-subtag-registry set size:undefined disposed:false
1541 silly placeDep ROOT array.prototype.findlast@1.2.5 OK for: eslint-plugin-react@7.37.5 want: ^1.2.5
1542 silly placeDep ROOT array.prototype.tosorted@1.1.4 OK for: eslint-plugin-react@7.37.5 want: ^1.1.4
1543 silly placeDep ROOT es-iterator-helpers@1.3.2 OK for: eslint-plugin-react@7.37.5 want: ^1.2.1
1544 silly placeDep ROOT estraverse@5.3.0 OK for: eslint-plugin-react@7.37.5 want: ^5.3.0
1545 silly placeDep ROOT object.entries@1.1.9 OK for: eslint-plugin-react@7.37.5 want: ^1.1.9
1546 silly placeDep ROOT prop-types@15.8.1 OK for: eslint-plugin-react@7.37.5 want: ^15.8.1
1547 silly placeDep node_modules/eslint-plugin-react semver@6.3.1 OK for: eslint-plugin-react@7.37.5 want: ^6.3.1
1548 silly placeDep ROOT string.prototype.matchall@4.0.12 OK for: eslint-plugin-react@7.37.5 want: ^4.0.12
1549 silly placeDep ROOT string.prototype.repeat@1.0.0 OK for: eslint-plugin-react@7.37.5 want: ^1.0.0
1550 silly fetch manifest iterator.prototype@^1.1.5
1551 silly packumentCache full:https://registry.npmjs.org/iterator.prototype cache-miss
1552 silly fetch manifest loose-envify@^1.4.0
1553 silly packumentCache full:https://registry.npmjs.org/loose-envify cache-miss
1554 silly fetch manifest object-assign@^4.1.1
1555 silly packumentCache full:https://registry.npmjs.org/object-assign cache-miss
1556 silly fetch manifest react-is@^16.13.1
1557 silly packumentCache full:https://registry.npmjs.org/react-is cache-miss
1558 http cache https://registry.npmjs.org/loose-envify 6ms (cache hit)
1559 silly packumentCache full:https://registry.npmjs.org/loose-envify set size:12559 disposed:false
1560 http fetch GET 200 https://registry.npmjs.org/iterator.prototype 209ms (cache miss)
1561 silly packumentCache full:https://registry.npmjs.org/iterator.prototype set size:undefined disposed:false
1562 http fetch GET 200 https://registry.npmjs.org/object-assign 271ms (cache miss)
1563 silly packumentCache full:https://registry.npmjs.org/object-assign set size:undefined disposed:false
1564 http fetch GET 200 https://registry.npmjs.org/react-is 2424ms (cache miss)
1565 silly packumentCache full:https://registry.npmjs.org/react-is set size:undefined disposed:false
1566 silly placeDep ROOT iterator.prototype@1.1.5 OK for: es-iterator-helpers@1.3.2 want: ^1.1.5
1567 silly placeDep ROOT esrecurse@4.3.0 OK for: eslint-scope@8.4.0 want: ^4.3.0
1568 silly placeDep ROOT acorn@8.16.0 OK for: espree@10.4.0 want: ^8.15.0
1569 silly placeDep ROOT acorn-jsx@5.3.2 OK for: espree@10.4.0 want: ^5.3.2
1570 silly placeDep ROOT @nodelib/fs.stat@2.0.5 OK for: fast-glob@3.3.1 want: ^2.0.2
1571 silly placeDep ROOT @nodelib/fs.walk@1.2.8 OK for: fast-glob@3.3.1 want: ^1.2.3
1572 silly placeDep node_modules/fast-glob glob-parent@5.1.2 OK for: fast-glob@3.3.1 want: ^5.1.2
1573 silly placeDep ROOT merge2@1.4.1 OK for: fast-glob@3.3.1 want: ^1.3.0
1574 silly placeDep ROOT micromatch@4.0.8 OK for: fast-glob@3.3.1 want: ^4.0.4
1575 silly fetch manifest fastq@^1.6.0
1576 silly packumentCache full:https://registry.npmjs.org/fastq cache-miss
1577 silly fetch manifest @nodelib/fs.scandir@2.1.5
1578 silly packumentCache full:https://registry.npmjs.org/@nodelib%2ffs.scandir cache-miss
1579 silly fetch manifest braces@^3.0.3
1580 silly packumentCache full:https://registry.npmjs.org/braces cache-miss
1581 silly fetch manifest picomatch@^2.3.1
1582 silly packumentCache full:https://registry.npmjs.org/picomatch cache-hit
1583 http fetch GET 200 https://registry.npmjs.org/@nodelib%2ffs.scandir 407ms (cache miss)
1584 silly packumentCache full:https://registry.npmjs.org/@nodelib%2ffs.scandir set size:undefined disposed:false
1585 http fetch GET 200 https://registry.npmjs.org/fastq 431ms (cache miss)
1586 silly packumentCache full:https://registry.npmjs.org/fastq set size:undefined disposed:false
1587 http fetch GET 200 https://registry.npmjs.org/braces 451ms (cache miss)
1588 silly packumentCache full:https://registry.npmjs.org/braces set size:undefined disposed:false
1589 silly placeDep ROOT @nodelib/fs.scandir@2.1.5 OK for: @nodelib/fs.walk@1.2.8 want: 2.1.5
1590 silly placeDep ROOT fastq@1.20.1 OK for: @nodelib/fs.walk@1.2.8 want: ^1.6.0
1591 silly fetch manifest run-parallel@^1.1.9
1592 silly packumentCache full:https://registry.npmjs.org/run-parallel cache-miss
1593 silly fetch manifest reusify@^1.0.4
1594 silly packumentCache full:https://registry.npmjs.org/reusify cache-miss
1595 http fetch GET 200 https://registry.npmjs.org/reusify 198ms (cache miss)
1596 silly packumentCache full:https://registry.npmjs.org/reusify set size:undefined disposed:false
1597 http fetch GET 200 https://registry.npmjs.org/run-parallel 227ms (cache miss)
1598 silly packumentCache full:https://registry.npmjs.org/run-parallel set size:undefined disposed:false
1599 silly placeDep ROOT run-parallel@1.2.0 OK for: @nodelib/fs.scandir@2.1.5 want: ^1.1.9
1600 silly fetch manifest queue-microtask@^1.2.2
1601 silly packumentCache full:https://registry.npmjs.org/queue-microtask cache-miss
1602 http fetch GET 200 https://registry.npmjs.org/queue-microtask 298ms (cache miss)
1603 silly packumentCache full:https://registry.npmjs.org/queue-microtask set size:undefined disposed:false
1604 silly placeDep ROOT reusify@1.1.0 OK for: fastq@1.20.1 want: ^1.0.4
1605 silly placeDep ROOT flat-cache@4.0.1 OK for: file-entry-cache@8.0.0 want: ^4.0.0
1606 silly fetch manifest keyv@^4.5.4
1607 silly packumentCache full:https://registry.npmjs.org/keyv cache-miss
1608 silly fetch manifest flatted@^3.2.9
1609 silly packumentCache full:https://registry.npmjs.org/flatted cache-miss
1610 http fetch GET 200 https://registry.npmjs.org/keyv 253ms (cache miss)
1611 silly packumentCache full:https://registry.npmjs.org/keyv set size:undefined disposed:false
1612 http fetch GET 200 https://registry.npmjs.org/flatted 327ms (cache miss)
1613 silly packumentCache full:https://registry.npmjs.org/flatted set size:undefined disposed:false
1614 silly placeDep ROOT locate-path@6.0.0 OK for: find-up@5.0.0 want: ^6.0.0
1615 silly placeDep ROOT path-exists@4.0.0 OK for: find-up@5.0.0 want: ^4.0.0
1616 silly fetch manifest p-locate@^5.0.0
1617 silly packumentCache full:https://registry.npmjs.org/p-locate cache-miss
1618 http fetch GET 200 https://registry.npmjs.org/p-locate 287ms (cache miss)
1619 silly packumentCache full:https://registry.npmjs.org/p-locate set size:undefined disposed:false
1620 silly placeDep ROOT flatted@3.4.2 OK for: flat-cache@4.0.1 want: ^3.2.9
1621 silly placeDep ROOT keyv@4.5.4 OK for: flat-cache@4.0.1 want: ^4.5.4
1622 silly fetch manifest json-buffer@3.0.1
1623 silly packumentCache full:https://registry.npmjs.org/json-buffer cache-miss
1624 http fetch GET 200 https://registry.npmjs.org/json-buffer 344ms (cache miss)
1625 silly packumentCache full:https://registry.npmjs.org/json-buffer set size:undefined disposed:false
1626 silly placeDep ROOT functions-have-names@1.2.3 OK for: function.prototype.name@1.1.8 want: ^1.2.3
1627 silly placeDep ROOT dunder-proto@1.0.1 OK for: get-proto@1.0.1 want: ^1.0.1
1628 silly placeDep ROOT resolve-pkg-maps@1.0.0 OK for: get-tsconfig@4.14.0 want: ^1.0.0
1629 silly placeDep ROOT parent-module@1.0.1 OK for: import-fresh@3.3.1 want: ^1.0.0
1630 silly placeDep ROOT resolve-from@4.0.0 OK for: import-fresh@3.3.1 want: ^4.0.0
1631 silly fetch manifest callsites@^3.0.0
1632 silly packumentCache full:https://registry.npmjs.org/callsites cache-miss
1633 http fetch GET 200 https://registry.npmjs.org/callsites 244ms (cache miss)
1634 silly packumentCache full:https://registry.npmjs.org/callsites set size:undefined disposed:false
1635 silly placeDep ROOT side-channel@1.1.0 OK for: internal-slot@1.1.0 want: ^1.1.0
1636 silly fetch manifest side-channel-list@^1.0.0
1637 silly packumentCache full:https://registry.npmjs.org/side-channel-list cache-miss
1638 silly fetch manifest side-channel-map@^1.0.1
1639 silly packumentCache full:https://registry.npmjs.org/side-channel-map cache-miss
1640 silly fetch manifest side-channel-weakmap@^1.0.2
1641 silly packumentCache full:https://registry.npmjs.org/side-channel-weakmap cache-miss
1642 http fetch GET 200 https://registry.npmjs.org/side-channel-map 288ms (cache miss)
1643 silly packumentCache full:https://registry.npmjs.org/side-channel-map set size:undefined disposed:false
1644 http fetch GET 200 https://registry.npmjs.org/side-channel-list 290ms (cache miss)
1645 silly packumentCache full:https://registry.npmjs.org/side-channel-list set size:undefined disposed:false
1646 http fetch GET 200 https://registry.npmjs.org/side-channel-weakmap 291ms (cache miss)
1647 silly packumentCache full:https://registry.npmjs.org/side-channel-weakmap set size:undefined disposed:false
1648 silly placeDep ROOT is-extglob@2.1.1 OK for: is-glob@4.0.3 want: ^2.1.1
1649 silly placeDep ROOT set-function-name@2.0.2 OK for: iterator.prototype@1.1.5 want: ^2.0.2
1650 silly placeDep ROOT argparse@2.0.1 OK for: js-yaml@4.1.1 want: ^2.0.1
1651 silly placeDep ROOT json-buffer@3.0.1 OK for: keyv@4.5.4 want: 3.0.1
1652 silly placeDep ROOT language-subtag-registry@0.3.23 OK for: language-tags@1.0.9 want: ^0.3.20
1653 silly placeDep ROOT prelude-ls@1.2.1 OK for: levn@0.4.1 want: ^1.2.1
1654 silly placeDep ROOT type-check@0.4.0 OK for: levn@0.4.1 want: ~0.4.0
1655 silly placeDep ROOT p-locate@5.0.0 OK for: locate-path@6.0.0 want: ^5.0.0
1656 silly fetch manifest p-limit@^3.0.2
1657 silly packumentCache full:https://registry.npmjs.org/p-limit cache-miss
1658 http fetch GET 200 https://registry.npmjs.org/p-limit 242ms (cache miss)
1659 silly packumentCache full:https://registry.npmjs.org/p-limit set size:undefined disposed:false
1660 silly placeDep ROOT braces@3.0.3 OK for: micromatch@4.0.8 want: ^3.0.3
1661 silly placeDep ROOT picomatch@2.3.2 OK for: micromatch@4.0.8 want: ^2.3.1
1662 silly fetch manifest fill-range@^7.1.1
1663 silly packumentCache full:https://registry.npmjs.org/fill-range cache-miss
1664 http fetch GET 200 https://registry.npmjs.org/fill-range 238ms (cache miss)
1665 silly packumentCache full:https://registry.npmjs.org/fill-range set size:undefined disposed:false
1666 silly placeDep ROOT fill-range@7.1.1 OK for: braces@3.0.3 want: ^7.1.1
1667 silly fetch manifest to-regex-range@^5.0.1
1668 silly packumentCache full:https://registry.npmjs.org/to-regex-range cache-miss
1669 http fetch GET 200 https://registry.npmjs.org/to-regex-range 342ms (cache miss)
1670 silly packumentCache full:https://registry.npmjs.org/to-regex-range set size:undefined disposed:false
1671 silly placeDep ROOT to-regex-range@5.0.1 OK for: fill-range@7.1.1 want: ^5.0.1
1672 silly fetch manifest is-number@^7.0.0
1673 silly packumentCache full:https://registry.npmjs.org/is-number cache-miss
1674 http fetch GET 200 https://registry.npmjs.org/is-number 212ms (cache miss)
1675 silly packumentCache full:https://registry.npmjs.org/is-number set size:undefined disposed:false
1676 silly placeDep ROOT brace-expansion@1.1.14 OK for: minimatch@3.1.5 want: ^1.1.7
1677 silly fetch manifest concat-map@0.0.1
1678 silly packumentCache full:https://registry.npmjs.org/concat-map cache-miss
1679 silly fetch manifest balanced-match@^1.0.0
1680 silly packumentCache full:https://registry.npmjs.org/balanced-match cache-miss
1681 http fetch GET 200 https://registry.npmjs.org/concat-map 167ms (cache miss)
1682 silly packumentCache full:https://registry.npmjs.org/concat-map set size:undefined disposed:false
1683 http fetch GET 200 https://registry.npmjs.org/balanced-match 225ms (cache miss)
1684 silly packumentCache full:https://registry.npmjs.org/balanced-match set size:undefined disposed:false
1685 silly placeDep ROOT balanced-match@1.0.2 OK for: brace-expansion@1.1.14 want: ^1.0.0
1686 silly placeDep ROOT concat-map@0.0.1 OK for: brace-expansion@1.1.14 want: 0.0.1
1687 silly fetch manifest react@^18.2.0 || 19.0.0-rc-66855b96-20241106
1688 silly packumentCache full:https://registry.npmjs.org/react cache-miss
1689 http cache https://registry.npmjs.org/react 11ms (cache hit)
1690 silly packumentCache full:https://registry.npmjs.org/react set size:6617823 disposed:false
1691 silly placeDep ROOT @next/env@15.0.3 OK for: next@15.0.3 want: 15.0.3
1692 silly placeDep ROOT @next/swc-darwin-arm64@15.0.3 OK for: next@15.0.3 want: 15.0.3
1693 silly placeDep ROOT @next/swc-darwin-x64@15.0.3 OK for: next@15.0.3 want: 15.0.3
1694 silly placeDep ROOT @next/swc-linux-arm64-gnu@15.0.3 OK for: next@15.0.3 want: 15.0.3
1695 silly placeDep ROOT @next/swc-linux-arm64-musl@15.0.3 OK for: next@15.0.3 want: 15.0.3
1696 silly placeDep ROOT @next/swc-linux-x64-gnu@15.0.3 OK for: next@15.0.3 want: 15.0.3
1697 silly placeDep ROOT @next/swc-linux-x64-musl@15.0.3 OK for: next@15.0.3 want: 15.0.3
1698 silly placeDep ROOT @next/swc-win32-arm64-msvc@15.0.3 OK for: next@15.0.3 want: 15.0.3
1699 silly placeDep ROOT @next/swc-win32-x64-msvc@15.0.3 OK for: next@15.0.3 want: 15.0.3
1700 silly placeDep ROOT @swc/counter@0.1.3 OK for: next@15.0.3 want: 0.1.3
1701 silly placeDep ROOT @swc/helpers@0.5.13 OK for: next@15.0.3 want: 0.5.13
1702 silly placeDep ROOT busboy@1.6.0 OK for: next@15.0.3 want: 1.6.0
1703 silly placeDep ROOT caniuse-lite@1.0.30001788 OK for: next@15.0.3 want: ^1.0.30001579
1704 silly placeDep ROOT postcss@8.4.31 OK for: next@15.0.3 want: 8.4.31
1705 silly placeDep ROOT sharp@0.33.5 OK for: next@15.0.3 want: ^0.33.5
1706 silly placeDep ROOT styled-jsx@5.1.6 OK for: next@15.0.3 want: 5.1.6
1707 silly fetch manifest tslib@^2.4.0
1708 silly packumentCache full:https://registry.npmjs.org/tslib cache-miss
1709 silly fetch manifest streamsearch@^1.1.0
1710 silly packumentCache full:https://registry.npmjs.org/streamsearch cache-miss
1711 silly fetch manifest nanoid@^3.3.6
1712 silly packumentCache full:https://registry.npmjs.org/nanoid cache-miss
1713 silly fetch manifest picocolors@^1.0.0
1714 silly packumentCache full:https://registry.npmjs.org/picocolors cache-miss
1715 silly fetch manifest source-map-js@^1.0.2
1716 silly packumentCache full:https://registry.npmjs.org/source-map-js cache-miss
1717 silly fetch manifest color@^4.2.3
1718 silly packumentCache full:https://registry.npmjs.org/color cache-miss
1719 silly fetch manifest detect-libc@^2.0.3
1720 silly packumentCache full:https://registry.npmjs.org/detect-libc cache-miss
1721 http fetch GET 200 https://registry.npmjs.org/color 222ms (cache miss)
1722 silly packumentCache full:https://registry.npmjs.org/color set size:undefined disposed:false
1723 silly fetch manifest @img/sharp-wasm32@0.33.5
1724 silly packumentCache full:https://registry.npmjs.org/@img%2fsharp-wasm32 cache-miss
1725 http fetch GET 200 https://registry.npmjs.org/detect-libc 228ms (cache miss)
1726 silly packumentCache full:https://registry.npmjs.org/detect-libc set size:undefined disposed:false
1727 silly fetch manifest @img/sharp-linux-arm@0.33.5
1728 silly packumentCache full:https://registry.npmjs.org/@img%2fsharp-linux-arm cache-miss
1729 http fetch GET 200 https://registry.npmjs.org/picocolors 239ms (cache miss)
1730 silly packumentCache full:https://registry.npmjs.org/picocolors set size:undefined disposed:false
1731 silly fetch manifest @img/sharp-linux-x64@0.33.5
1732 silly packumentCache full:https://registry.npmjs.org/@img%2fsharp-linux-x64 cache-miss
1733 http fetch GET 200 https://registry.npmjs.org/streamsearch 241ms (cache miss)
1734 silly packumentCache full:https://registry.npmjs.org/streamsearch set size:undefined disposed:false
1735 silly fetch manifest @img/sharp-win32-x64@0.33.5
1736 silly packumentCache full:https://registry.npmjs.org/@img%2fsharp-win32-x64 cache-miss
1737 http fetch GET 200 https://registry.npmjs.org/source-map-js 245ms (cache miss)
1738 silly packumentCache full:https://registry.npmjs.org/source-map-js set size:undefined disposed:false
1739 silly fetch manifest @img/sharp-darwin-x64@0.33.5
1740 silly packumentCache full:https://registry.npmjs.org/@img%2fsharp-darwin-x64 cache-miss
1741 http fetch GET 200 https://registry.npmjs.org/tslib 366ms (cache miss)
1742 silly packumentCache full:https://registry.npmjs.org/tslib set size:undefined disposed:false
1743 silly fetch manifest @img/sharp-win32-ia32@0.33.5
1744 silly packumentCache full:https://registry.npmjs.org/@img%2fsharp-win32-ia32 cache-miss
1745 http fetch GET 200 https://registry.npmjs.org/nanoid 425ms (cache miss)
1746 silly packumentCache full:https://registry.npmjs.org/nanoid set size:undefined disposed:false
1747 silly fetch manifest @img/sharp-linux-arm64@0.33.5
1748 silly packumentCache full:https://registry.npmjs.org/@img%2fsharp-linux-arm64 cache-miss
1749 http fetch GET 200 https://registry.npmjs.org/@img%2fsharp-wasm32 219ms (cache miss)
1750 silly packumentCache full:https://registry.npmjs.org/@img%2fsharp-wasm32 set size:undefined disposed:false
1751 silly fetch manifest @img/sharp-linux-s390x@0.33.5
1752 silly packumentCache full:https://registry.npmjs.org/@img%2fsharp-linux-s390x cache-miss
1753 http fetch GET 200 https://registry.npmjs.org/@img%2fsharp-linux-x64 230ms (cache miss)
1754 silly packumentCache full:https://registry.npmjs.org/@img%2fsharp-linux-x64 set size:undefined disposed:false
1755 silly fetch manifest @img/sharp-darwin-arm64@0.33.5
1756 silly packumentCache full:https://registry.npmjs.org/@img%2fsharp-darwin-arm64 cache-miss
1757 http fetch GET 200 https://registry.npmjs.org/@img%2fsharp-darwin-x64 233ms (cache miss)
1758 silly packumentCache full:https://registry.npmjs.org/@img%2fsharp-darwin-x64 set size:undefined disposed:false
1759 silly fetch manifest @img/sharp-linuxmusl-x64@0.33.5
1760 silly packumentCache full:https://registry.npmjs.org/@img%2fsharp-linuxmusl-x64 cache-miss
1761 http fetch GET 200 https://registry.npmjs.org/@img%2fsharp-linux-arm 267ms (cache miss)
1762 silly packumentCache full:https://registry.npmjs.org/@img%2fsharp-linux-arm set size:undefined disposed:false
1763 silly fetch manifest @img/sharp-linuxmusl-arm64@0.33.5
1764 silly packumentCache full:https://registry.npmjs.org/@img%2fsharp-linuxmusl-arm64 cache-miss
1765 http fetch GET 200 https://registry.npmjs.org/@img%2fsharp-win32-x64 313ms (cache miss)
1766 silly packumentCache full:https://registry.npmjs.org/@img%2fsharp-win32-x64 set size:undefined disposed:false
1767 silly fetch manifest @img/sharp-libvips-linux-arm@1.0.5
1768 silly packumentCache full:https://registry.npmjs.org/@img%2fsharp-libvips-linux-arm cache-miss
1769 http fetch GET 200 https://registry.npmjs.org/@img%2fsharp-linux-arm64 281ms (cache miss)
1770 silly packumentCache full:https://registry.npmjs.org/@img%2fsharp-linux-arm64 set size:undefined disposed:false
1771 silly fetch manifest @img/sharp-libvips-linux-x64@1.0.4
1772 silly packumentCache full:https://registry.npmjs.org/@img%2fsharp-libvips-linux-x64 cache-miss
1773 http fetch GET 200 https://registry.npmjs.org/@img%2fsharp-linux-s390x 276ms (cache miss)
1774 silly packumentCache full:https://registry.npmjs.org/@img%2fsharp-linux-s390x set size:undefined disposed:false
1775 silly fetch manifest @img/sharp-libvips-darwin-x64@1.0.4
1776 silly packumentCache full:https://registry.npmjs.org/@img%2fsharp-libvips-darwin-x64 cache-miss
1777 http fetch GET 200 https://registry.npmjs.org/@img%2fsharp-linuxmusl-x64 246ms (cache miss)
1778 silly packumentCache full:https://registry.npmjs.org/@img%2fsharp-linuxmusl-x64 set size:undefined disposed:false
1779 silly fetch manifest @img/sharp-libvips-linux-arm64@1.0.4
1780 silly packumentCache full:https://registry.npmjs.org/@img%2fsharp-libvips-linux-arm64 cache-miss
1781 http fetch GET 200 https://registry.npmjs.org/@img%2fsharp-linuxmusl-arm64 295ms (cache miss)
1782 silly packumentCache full:https://registry.npmjs.org/@img%2fsharp-linuxmusl-arm64 set size:undefined disposed:false
1783 silly fetch manifest @img/sharp-libvips-linux-s390x@1.0.4
1784 silly packumentCache full:https://registry.npmjs.org/@img%2fsharp-libvips-linux-s390x cache-miss
1785 http fetch GET 200 https://registry.npmjs.org/@img%2fsharp-win32-ia32 483ms (cache miss)
1786 silly packumentCache full:https://registry.npmjs.org/@img%2fsharp-win32-ia32 set size:undefined disposed:false
1787 silly fetch manifest @img/sharp-libvips-darwin-arm64@1.0.4
1788 silly packumentCache full:https://registry.npmjs.org/@img%2fsharp-libvips-darwin-arm64 cache-miss
1789 http fetch GET 200 https://registry.npmjs.org/@img%2fsharp-libvips-linux-arm 316ms (cache miss)
1790 silly packumentCache full:https://registry.npmjs.org/@img%2fsharp-libvips-linux-arm set size:undefined disposed:false
1791 silly fetch manifest @img/sharp-libvips-linuxmusl-x64@1.0.4
1792 silly packumentCache full:https://registry.npmjs.org/@img%2fsharp-libvips-linuxmusl-x64 cache-miss
1793 http fetch GET 200 https://registry.npmjs.org/@img%2fsharp-libvips-darwin-x64 196ms (cache miss)
1794 silly packumentCache full:https://registry.npmjs.org/@img%2fsharp-libvips-darwin-x64 set size:undefined disposed:false
1795 silly fetch manifest @img/sharp-libvips-linuxmusl-arm64@1.0.4
1796 silly packumentCache full:https://registry.npmjs.org/@img%2fsharp-libvips-linuxmusl-arm64 cache-miss
1797 http fetch GET 200 https://registry.npmjs.org/@img%2fsharp-libvips-linux-x64 205ms (cache miss)
1798 silly packumentCache full:https://registry.npmjs.org/@img%2fsharp-libvips-linux-x64 set size:undefined disposed:false
1799 silly fetch manifest client-only@0.0.1
1800 silly packumentCache full:https://registry.npmjs.org/client-only cache-miss
1801 http fetch GET 200 https://registry.npmjs.org/@img%2fsharp-darwin-arm64 473ms (cache miss)
1802 silly packumentCache full:https://registry.npmjs.org/@img%2fsharp-darwin-arm64 set size:undefined disposed:false
1803 http fetch GET 200 https://registry.npmjs.org/@img%2fsharp-libvips-linux-arm64 253ms (cache miss)
1804 silly packumentCache full:https://registry.npmjs.org/@img%2fsharp-libvips-linux-arm64 set size:undefined disposed:false
1805 http fetch GET 200 https://registry.npmjs.org/@img%2fsharp-libvips-linux-s390x 250ms (cache miss)
1806 silly packumentCache full:https://registry.npmjs.org/@img%2fsharp-libvips-linux-s390x set size:undefined disposed:false
1807 http fetch GET 200 https://registry.npmjs.org/client-only 159ms (cache miss)
1808 silly packumentCache full:https://registry.npmjs.org/client-only set size:undefined disposed:false
1809 http fetch GET 200 https://registry.npmjs.org/@img%2fsharp-libvips-linuxmusl-arm64 237ms (cache miss)
1810 silly packumentCache full:https://registry.npmjs.org/@img%2fsharp-libvips-linuxmusl-arm64 set size:undefined disposed:false
1811 http fetch GET 200 https://registry.npmjs.org/@img%2fsharp-libvips-linuxmusl-x64 306ms (cache miss)
1812 silly packumentCache full:https://registry.npmjs.org/@img%2fsharp-libvips-linuxmusl-x64 set size:undefined disposed:false
1813 http fetch GET 200 https://registry.npmjs.org/@img%2fsharp-libvips-darwin-arm64 461ms (cache miss)
1814 silly packumentCache full:https://registry.npmjs.org/@img%2fsharp-libvips-darwin-arm64 set size:undefined disposed:false
1815 silly placeDep ROOT tslib@2.8.1 OK for: @swc/helpers@0.5.13 want: ^2.4.0
1816 silly placeDep ROOT streamsearch@1.1.0 OK for: busboy@1.6.0 want: ^1.1.0
1817 silly placeDep ROOT deep-is@0.1.4 OK for: optionator@0.9.4 want: ^0.1.3
1818 silly placeDep ROOT fast-levenshtein@2.0.6 OK for: optionator@0.9.4 want: ^2.0.6
1819 silly placeDep ROOT word-wrap@1.2.5 OK for: optionator@0.9.4 want: ^1.2.5
1820 silly placeDep ROOT p-limit@3.1.0 OK for: p-locate@5.0.0 want: ^3.0.2
1821 silly fetch manifest yocto-queue@^0.1.0
1822 silly packumentCache full:https://registry.npmjs.org/yocto-queue cache-miss
1823 http fetch GET 200 https://registry.npmjs.org/yocto-queue 202ms (cache miss)
1824 silly packumentCache full:https://registry.npmjs.org/yocto-queue set size:undefined disposed:false
1825 silly placeDep ROOT yocto-queue@0.1.0 OK for: p-limit@3.1.0 want: ^0.1.0
1826 silly placeDep ROOT callsites@3.1.0 OK for: parent-module@1.0.1 want: ^3.0.0
1827 silly placeDep ROOT nanoid@3.3.11 OK for: postcss@8.4.31 want: ^3.3.6
1828 silly placeDep ROOT picocolors@1.1.1 OK for: postcss@8.4.31 want: ^1.0.0
1829 silly placeDep ROOT source-map-js@1.2.1 OK for: postcss@8.4.31 want: ^1.0.2
1830 silly placeDep ROOT loose-envify@1.4.0 OK for: prop-types@15.8.1 want: ^1.4.0
1831 silly placeDep ROOT object-assign@4.1.1 OK for: prop-types@15.8.1 want: ^4.1.1
1832 silly placeDep ROOT react-is@16.13.1 OK for: prop-types@15.8.1 want: ^16.13.1
1833 silly fetch manifest js-tokens@^3.0.0 || ^4.0.0
1834 silly packumentCache full:https://registry.npmjs.org/js-tokens cache-miss
1835 http fetch GET 200 https://registry.npmjs.org/js-tokens 229ms (cache miss)
1836 silly packumentCache full:https://registry.npmjs.org/js-tokens set size:undefined disposed:false
1837 silly placeDep ROOT js-tokens@4.0.0 OK for: loose-envify@1.4.0 want: ^3.0.0 || ^4.0.0
1838 silly placeDep ROOT scheduler@0.23.2 OK for: react-dom@18.3.1 want: ^0.23.2
1839 silly placeDep ROOT node-exports-info@1.6.0 OK for: resolve@2.0.0-next.6 want: ^1.6.0
1840 silly placeDep ROOT path-parse@1.0.7 OK for: resolve@2.0.0-next.6 want: ^1.0.7
1841 silly placeDep ROOT supports-preserve-symlinks-flag@1.0.0 OK for: resolve@2.0.0-next.6 want: ^1.0.0
1842 silly placeDep node_modules/node-exports-info semver@6.3.1 OK for: node-exports-info@1.6.0 want: ^6.3.1
1843 silly placeDep ROOT queue-microtask@1.2.3 OK for: run-parallel@1.2.0 want: ^1.2.2
1844 silly placeDep ROOT isarray@2.0.5 OK for: safe-array-concat@1.1.4 want: ^2.0.5
1845 silly placeDep ROOT @img/sharp-darwin-arm64@0.33.5 OK for: sharp@0.33.5 want: 0.33.5
1846 silly placeDep ROOT @img/sharp-darwin-x64@0.33.5 OK for: sharp@0.33.5 want: 0.33.5
1847 silly placeDep ROOT @img/sharp-libvips-darwin-arm64@1.0.4 OK for: sharp@0.33.5 want: 1.0.4
1848 silly placeDep ROOT @img/sharp-libvips-darwin-x64@1.0.4 OK for: sharp@0.33.5 want: 1.0.4
1849 silly placeDep ROOT @img/sharp-libvips-linux-arm@1.0.5 OK for: sharp@0.33.5 want: 1.0.5
1850 silly placeDep ROOT @img/sharp-libvips-linux-arm64@1.0.4 OK for: sharp@0.33.5 want: 1.0.4
1851 silly placeDep ROOT @img/sharp-libvips-linux-s390x@1.0.4 OK for: sharp@0.33.5 want: 1.0.4
1852 silly placeDep ROOT @img/sharp-libvips-linux-x64@1.0.4 OK for: sharp@0.33.5 want: 1.0.4
1853 silly placeDep ROOT @img/sharp-libvips-linuxmusl-arm64@1.0.4 OK for: sharp@0.33.5 want: 1.0.4
1854 silly placeDep ROOT @img/sharp-libvips-linuxmusl-x64@1.0.4 OK for: sharp@0.33.5 want: 1.0.4
1855 silly placeDep ROOT @img/sharp-linux-arm@0.33.5 OK for: sharp@0.33.5 want: 0.33.5
1856 silly placeDep ROOT @img/sharp-linux-arm64@0.33.5 OK for: sharp@0.33.5 want: 0.33.5
1857 silly placeDep ROOT @img/sharp-linux-s390x@0.33.5 OK for: sharp@0.33.5 want: 0.33.5
1858 silly placeDep ROOT @img/sharp-linux-x64@0.33.5 OK for: sharp@0.33.5 want: 0.33.5
1859 silly placeDep ROOT @img/sharp-linuxmusl-arm64@0.33.5 OK for: sharp@0.33.5 want: 0.33.5
1860 silly placeDep ROOT @img/sharp-linuxmusl-x64@0.33.5 OK for: sharp@0.33.5 want: 0.33.5
1861 silly placeDep ROOT @img/sharp-wasm32@0.33.5 OK for: sharp@0.33.5 want: 0.33.5
1862 silly placeDep ROOT @img/sharp-win32-ia32@0.33.5 OK for: sharp@0.33.5 want: 0.33.5
1863 silly placeDep ROOT @img/sharp-win32-x64@0.33.5 OK for: sharp@0.33.5 want: 0.33.5
1864 silly placeDep ROOT color@4.2.3 OK for: sharp@0.33.5 want: ^4.2.3
1865 silly placeDep ROOT detect-libc@2.1.2 OK for: sharp@0.33.5 want: ^2.0.3
1866 silly fetch manifest @emnapi/runtime@^1.2.0
1867 silly packumentCache full:https://registry.npmjs.org/@emnapi%2fruntime cache-miss
1868 silly fetch manifest color-string@^1.9.0
1869 silly packumentCache full:https://registry.npmjs.org/color-string cache-miss
1870 http fetch GET 200 https://registry.npmjs.org/color-string 229ms (cache miss)
1871 silly packumentCache full:https://registry.npmjs.org/color-string set size:undefined disposed:false
1872 http fetch GET 200 https://registry.npmjs.org/@emnapi%2fruntime 320ms (cache miss)
1873 silly packumentCache full:https://registry.npmjs.org/@emnapi%2fruntime set size:undefined disposed:false
1874 silly placeDep ROOT @emnapi/runtime@1.10.0 OK for: @img/sharp-wasm32@0.33.5 want: ^1.2.0
1875 silly placeDep ROOT color-string@1.9.1 OK for: color@4.2.3 want: ^1.9.0
1876 silly fetch manifest simple-swizzle@^0.2.2
1877 silly packumentCache full:https://registry.npmjs.org/simple-swizzle cache-miss
1878 http fetch GET 200 https://registry.npmjs.org/simple-swizzle 196ms (cache miss)
1879 silly packumentCache full:https://registry.npmjs.org/simple-swizzle set size:undefined disposed:false
1880 silly placeDep ROOT simple-swizzle@0.2.4 OK for: color-string@1.9.1 want: ^0.2.2
1881 silly fetch manifest is-arrayish@^0.3.1
1882 silly packumentCache full:https://registry.npmjs.org/is-arrayish cache-miss
1883 http fetch GET 200 https://registry.npmjs.org/is-arrayish 238ms (cache miss)
1884 silly packumentCache full:https://registry.npmjs.org/is-arrayish set size:undefined disposed:false
1885 silly placeDep ROOT shebang-regex@3.0.0 OK for: shebang-command@2.0.0 want: ^3.0.0
1886 silly placeDep ROOT side-channel-list@1.0.1 OK for: side-channel@1.1.0 want: ^1.0.0
1887 silly placeDep ROOT side-channel-map@1.0.1 OK for: side-channel@1.1.0 want: ^1.0.1
1888 silly placeDep ROOT side-channel-weakmap@1.0.2 OK for: side-channel@1.1.0 want: ^1.0.2
1889 silly placeDep ROOT is-arrayish@0.3.4 OK for: simple-swizzle@0.2.4 want: ^0.3.1
1890 silly placeDep ROOT client-only@0.0.1 OK for: styled-jsx@5.1.6 want: 0.0.1
1891 silly placeDep ROOT has-flag@4.0.0 OK for: supports-color@7.2.0 want: ^4.0.0
1892 silly placeDep node_modules/tinyglobby fdir@6.5.0 OK for: tinyglobby@0.2.16 want: ^6.5.0
1893 silly placeDep node_modules/tinyglobby picomatch@4.0.4 OK for: fdir@6.5.0 want: ^3 || ^4
1894 silly placeDep ROOT is-number@7.0.0 OK for: to-regex-range@5.0.1 want: ^7.0.0
1895 silly placeDep ROOT @types/json5@0.0.29 OK for: tsconfig-paths@3.15.0 want: ^0.0.29
1896 silly placeDep ROOT json5@1.0.2 OK for: tsconfig-paths@3.15.0 want: ^1.0.2
1897 silly placeDep ROOT minimist@1.2.8 OK for: tsconfig-paths@3.15.0 want: ^1.2.6
1898 silly placeDep ROOT strip-bom@3.0.0 OK for: tsconfig-paths@3.15.0 want: ^3.0.0
1899 silly fetch manifest minimist@^1.2.0
1900 silly packumentCache full:https://registry.npmjs.org/minimist cache-miss
1901 http cache https://registry.npmjs.org/minimist 2ms (cache hit)
1902 silly packumentCache full:https://registry.npmjs.org/minimist set size:77063 disposed:false
1903 silly placeDep ROOT for-each@0.3.5 OK for: typed-array-byte-length@1.0.3 want: ^0.3.3
1904 silly placeDep ROOT reflect.getprototypeof@1.0.10 OK for: typed-array-byte-offset@1.0.4 want: ^1.0.9
1905 silly fetch manifest which-builtin-type@^1.2.1
1906 silly packumentCache full:https://registry.npmjs.org/which-builtin-type cache-miss
1907 http fetch GET 200 https://registry.npmjs.org/which-builtin-type 416ms (cache miss)
1908 silly packumentCache full:https://registry.npmjs.org/which-builtin-type set size:undefined disposed:false
1909 silly placeDep ROOT which-builtin-type@1.2.1 OK for: reflect.getprototypeof@1.0.10 want: ^1.2.1
1910 silly fetch manifest is-async-function@^2.0.0
1911 silly packumentCache full:https://registry.npmjs.org/is-async-function cache-miss
1912 silly fetch manifest is-finalizationregistry@^1.1.0
1913 silly packumentCache full:https://registry.npmjs.org/is-finalizationregistry cache-miss
1914 silly fetch manifest is-generator-function@^1.0.10
1915 silly packumentCache full:https://registry.npmjs.org/is-generator-function cache-miss
1916 silly fetch manifest which-boxed-primitive@^1.1.0
1917 silly packumentCache full:https://registry.npmjs.org/which-boxed-primitive cache-miss
1918 silly fetch manifest which-collection@^1.0.2
1919 silly packumentCache full:https://registry.npmjs.org/which-collection cache-miss
1920 http cache https://registry.npmjs.org/which-boxed-primitive 2ms (cache hit)
1921 silly packumentCache full:https://registry.npmjs.org/which-boxed-primitive set size:19407 disposed:false
1922 http fetch GET 200 https://registry.npmjs.org/is-generator-function 186ms (cache miss)
1923 silly packumentCache full:https://registry.npmjs.org/is-generator-function set size:undefined disposed:false
1924 http fetch GET 200 https://registry.npmjs.org/is-finalizationregistry 191ms (cache miss)
1925 silly packumentCache full:https://registry.npmjs.org/is-finalizationregistry set size:undefined disposed:false
1926 http fetch GET 200 https://registry.npmjs.org/which-collection 194ms (cache miss)
1927 silly packumentCache full:https://registry.npmjs.org/which-collection set size:undefined disposed:false
1928 http fetch GET 200 https://registry.npmjs.org/is-async-function 205ms (cache miss)
1929 silly packumentCache full:https://registry.npmjs.org/is-async-function set size:undefined disposed:false
1930 silly placeDep ROOT has-bigints@1.1.0 OK for: unbox-primitive@1.1.0 want: ^1.0.2
1931 silly placeDep ROOT which-boxed-primitive@1.1.1 OK for: unbox-primitive@1.1.0 want: ^1.1.1
1932 silly fetch manifest is-bigint@^1.1.0
1933 silly packumentCache full:https://registry.npmjs.org/is-bigint cache-miss
1934 silly fetch manifest is-boolean-object@^1.2.1
1935 silly packumentCache full:https://registry.npmjs.org/is-boolean-object cache-miss
1936 silly fetch manifest is-number-object@^1.1.1
1937 silly packumentCache full:https://registry.npmjs.org/is-number-object cache-miss
1938 http fetch GET 200 https://registry.npmjs.org/is-bigint 196ms (cache miss)
1939 silly packumentCache full:https://registry.npmjs.org/is-bigint set size:undefined disposed:false
1940 http fetch GET 200 https://registry.npmjs.org/is-number-object 249ms (cache miss)
1941 silly packumentCache full:https://registry.npmjs.org/is-number-object set size:undefined disposed:false
1942 http fetch GET 200 https://registry.npmjs.org/is-boolean-object 264ms (cache miss)
1943 silly packumentCache full:https://registry.npmjs.org/is-boolean-object set size:undefined disposed:false
1944 silly placeDep ROOT @unrs/resolver-binding-android-arm-eabi@1.11.1 OK for: unrs-resolver@1.11.1 want: 1.11.1
1945 silly placeDep ROOT @unrs/resolver-binding-android-arm64@1.11.1 OK for: unrs-resolver@1.11.1 want: 1.11.1
1946 silly placeDep ROOT @unrs/resolver-binding-darwin-arm64@1.11.1 OK for: unrs-resolver@1.11.1 want: 1.11.1
1947 silly placeDep ROOT @unrs/resolver-binding-darwin-x64@1.11.1 OK for: unrs-resolver@1.11.1 want: 1.11.1
1948 silly placeDep ROOT @unrs/resolver-binding-freebsd-x64@1.11.1 OK for: unrs-resolver@1.11.1 want: 1.11.1
1949 silly placeDep ROOT @unrs/resolver-binding-linux-arm-gnueabihf@1.11.1 OK for: unrs-resolver@1.11.1 want: 1.11.1
1950 silly placeDep ROOT @unrs/resolver-binding-linux-arm-musleabihf@1.11.1 OK for: unrs-resolver@1.11.1 want: 1.11.1
1951 silly placeDep ROOT @unrs/resolver-binding-linux-arm64-gnu@1.11.1 OK for: unrs-resolver@1.11.1 want: 1.11.1
1952 silly placeDep ROOT @unrs/resolver-binding-linux-arm64-musl@1.11.1 OK for: unrs-resolver@1.11.1 want: 1.11.1
1953 silly placeDep ROOT @unrs/resolver-binding-linux-ppc64-gnu@1.11.1 OK for: unrs-resolver@1.11.1 want: 1.11.1
1954 silly placeDep ROOT @unrs/resolver-binding-linux-riscv64-gnu@1.11.1 OK for: unrs-resolver@1.11.1 want: 1.11.1
1955 silly placeDep ROOT @unrs/resolver-binding-linux-riscv64-musl@1.11.1 OK for: unrs-resolver@1.11.1 want: 1.11.1
1956 silly placeDep ROOT @unrs/resolver-binding-linux-s390x-gnu@1.11.1 OK for: unrs-resolver@1.11.1 want: 1.11.1
1957 silly placeDep ROOT @unrs/resolver-binding-linux-x64-gnu@1.11.1 OK for: unrs-resolver@1.11.1 want: 1.11.1
1958 silly placeDep ROOT @unrs/resolver-binding-linux-x64-musl@1.11.1 OK for: unrs-resolver@1.11.1 want: 1.11.1
1959 silly placeDep ROOT @unrs/resolver-binding-wasm32-wasi@1.11.1 OK for: unrs-resolver@1.11.1 want: 1.11.1
1960 silly placeDep ROOT @unrs/resolver-binding-win32-arm64-msvc@1.11.1 OK for: unrs-resolver@1.11.1 want: 1.11.1
1961 silly placeDep ROOT @unrs/resolver-binding-win32-ia32-msvc@1.11.1 OK for: unrs-resolver@1.11.1 want: 1.11.1
1962 silly placeDep ROOT @unrs/resolver-binding-win32-x64-msvc@1.11.1 OK for: unrs-resolver@1.11.1 want: 1.11.1
1963 silly placeDep ROOT napi-postinstall@0.3.4 OK for: unrs-resolver@1.11.1 want: ^0.3.0
1964 silly fetch manifest @napi-rs/wasm-runtime@^0.2.11
1965 silly packumentCache full:https://registry.npmjs.org/@napi-rs%2fwasm-runtime cache-miss
1966 http fetch GET 200 https://registry.npmjs.org/@napi-rs%2fwasm-runtime 183ms (cache miss)
1967 silly packumentCache full:https://registry.npmjs.org/@napi-rs%2fwasm-runtime set size:undefined disposed:false
1968 silly placeDep ROOT @napi-rs/wasm-runtime@0.2.12 OK for: @unrs/resolver-binding-wasm32-wasi@1.11.1 want: ^0.2.11
1969 silly fetch manifest @emnapi/core@^1.4.3
1970 silly packumentCache full:https://registry.npmjs.org/@emnapi%2fcore cache-miss
1971 silly fetch manifest @tybys/wasm-util@^0.10.0
1972 silly packumentCache full:https://registry.npmjs.org/@tybys%2fwasm-util cache-miss
1973 http fetch GET 200 https://registry.npmjs.org/@emnapi%2fcore 255ms (cache miss)
1974 silly packumentCache full:https://registry.npmjs.org/@emnapi%2fcore set size:undefined disposed:false
1975 http fetch GET 200 https://registry.npmjs.org/@tybys%2fwasm-util 281ms (cache miss)
1976 silly packumentCache full:https://registry.npmjs.org/@tybys%2fwasm-util set size:undefined disposed:false
1977 silly placeDep ROOT @emnapi/core@1.10.0 OK for: @napi-rs/wasm-runtime@0.2.12 want: ^1.4.3
1978 silly placeDep ROOT @tybys/wasm-util@0.10.1 OK for: @napi-rs/wasm-runtime@0.2.12 want: ^0.10.0
1979 silly fetch manifest @emnapi/wasi-threads@1.2.1
1980 silly packumentCache full:https://registry.npmjs.org/@emnapi%2fwasi-threads cache-miss
1981 http fetch GET 200 https://registry.npmjs.org/@emnapi%2fwasi-threads 221ms (cache miss)
1982 silly packumentCache full:https://registry.npmjs.org/@emnapi%2fwasi-threads set size:undefined disposed:false
1983 silly placeDep ROOT @emnapi/wasi-threads@1.2.1 OK for: @emnapi/core@1.10.0 want: 1.2.1
1984 silly placeDep ROOT punycode@2.3.1 OK for: uri-js@4.4.1 want: ^2.1.0
1985 silly placeDep ROOT isexe@2.0.0 OK for: which@2.0.2 want: ^2.0.0
1986 silly placeDep ROOT is-bigint@1.1.0 OK for: which-boxed-primitive@1.1.1 want: ^1.1.0
1987 silly placeDep ROOT is-boolean-object@1.2.2 OK for: which-boxed-primitive@1.1.1 want: ^1.2.1
1988 silly placeDep ROOT is-number-object@1.1.1 OK for: which-boxed-primitive@1.1.1 want: ^1.1.1
1989 silly placeDep ROOT is-async-function@2.1.1 OK for: which-builtin-type@1.2.1 want: ^2.0.0
1990 silly placeDep ROOT is-finalizationregistry@1.1.1 OK for: which-builtin-type@1.2.1 want: ^1.1.0
1991 silly placeDep ROOT is-generator-function@1.1.2 OK for: which-builtin-type@1.2.1 want: ^1.0.10
1992 silly placeDep ROOT which-collection@1.0.2 OK for: which-builtin-type@1.2.1 want: ^1.0.2
1993 silly fetch manifest async-function@^1.0.0
1994 silly packumentCache full:https://registry.npmjs.org/async-function cache-miss
1995 silly fetch manifest generator-function@^2.0.0
1996 silly packumentCache full:https://registry.npmjs.org/generator-function cache-miss
1997 silly fetch manifest is-map@^2.0.3
1998 silly packumentCache full:https://registry.npmjs.org/is-map cache-miss
1999 silly fetch manifest is-weakmap@^2.0.2
2000 silly packumentCache full:https://registry.npmjs.org/is-weakmap cache-miss
2001 silly fetch manifest is-weakset@^2.0.3
2002 silly packumentCache full:https://registry.npmjs.org/is-weakset cache-miss
2003 http fetch GET 200 https://registry.npmjs.org/is-weakmap 171ms (cache miss)
2004 silly packumentCache full:https://registry.npmjs.org/is-weakmap set size:undefined disposed:false
2005 http fetch GET 200 https://registry.npmjs.org/async-function 180ms (cache miss)
2006 silly packumentCache full:https://registry.npmjs.org/async-function set size:undefined disposed:false
2007 http fetch GET 200 https://registry.npmjs.org/is-weakset 184ms (cache miss)
2008 silly packumentCache full:https://registry.npmjs.org/is-weakset set size:undefined disposed:false
2009 http fetch GET 200 https://registry.npmjs.org/generator-function 215ms (cache miss)
2010 silly packumentCache full:https://registry.npmjs.org/generator-function set size:undefined disposed:false
2011 http fetch GET 200 https://registry.npmjs.org/is-map 235ms (cache miss)
2012 silly packumentCache full:https://registry.npmjs.org/is-map set size:undefined disposed:false
2013 silly placeDep ROOT async-function@1.0.0 OK for: is-async-function@2.1.1 want: ^1.0.0
2014 silly placeDep ROOT generator-function@2.0.1 OK for: is-generator-function@1.1.2 want: ^2.0.0
2015 silly placeDep ROOT is-map@2.0.3 OK for: which-collection@1.0.2 want: ^2.0.3
2016 silly placeDep ROOT is-weakmap@2.0.2 OK for: which-collection@1.0.2 want: ^2.0.2
2017 silly placeDep ROOT is-weakset@2.0.4 OK for: which-collection@1.0.2 want: ^2.0.3
2018 silly placeDep node_modules/@typescript-eslint/typescript-estree brace-expansion@5.0.5 OK for: minimatch@10.2.5 want: ^5.0.5
2019 silly fetch manifest balanced-match@^4.0.2
2020 silly packumentCache full:https://registry.npmjs.org/balanced-match cache-miss
2021 http cache https://registry.npmjs.org/balanced-match 3ms (cache hit)
2022 silly packumentCache full:https://registry.npmjs.org/balanced-match set size:39082 disposed:false
2023 silly placeDep node_modules/@typescript-eslint/typescript-estree balanced-match@4.0.4 OK for: brace-expansion@5.0.5 want: ^4.0.2
2024 silly reify moves {}
2025 silly audit bulk request {
2025 silly audit   '@types/node': [ '22.9.0' ],
2025 silly audit   '@types/react': [ '18.3.12' ],
2025 silly audit   '@types/react-dom': [ '18.3.1' ],
2025 silly audit   eslint: [ '9.14.0' ],
2025 silly audit   'eslint-config-next': [ '15.0.3' ],
2025 silly audit   'lucide-react': [ '0.462.0' ],
2025 silly audit   react: [ '18.3.1' ],
2025 silly audit   next: [ '15.0.3' ],
2025 silly audit   'react-dom': [ '18.3.1' ],
2025 silly audit   typescript: [ '5.6.3' ],
2025 silly audit   'undici-types': [ '6.19.8' ],
2025 silly audit   '@types/prop-types': [ '15.7.15' ],
2025 silly audit   csstype: [ '3.2.3' ],
2025 silly audit   '@eslint-community/eslint-utils': [ '4.9.1' ],
2025 silly audit   '@eslint-community/regexpp': [ '4.12.2' ],
2025 silly audit   '@eslint/config-array': [ '0.18.0' ],
2025 silly audit   '@eslint/core': [ '0.7.0', '0.13.0' ],
2025 silly audit   '@eslint/eslintrc': [ '3.3.5' ],
2025 silly audit   '@eslint/js': [ '9.14.0' ],
2025 silly audit   '@eslint/plugin-kit': [ '0.2.8' ],
2025 silly audit   '@humanfs/node': [ '0.16.8' ],
2025 silly audit   '@humanwhocodes/module-importer': [ '1.0.1' ],
2025 silly audit   '@humanwhocodes/retry': [ '0.4.3' ],
2025 silly audit   '@types/estree': [ '1.0.8' ],
2025 silly audit   '@types/json-schema': [ '7.0.15' ],
2025 silly audit   ajv: [ '6.14.0' ],
2025 silly audit   chalk: [ '4.1.2' ],
2025 silly audit   'cross-spawn': [ '7.0.6' ],
2025 silly audit   debug: [ '4.4.3', '3.2.7' ],
2025 silly audit   'escape-string-regexp': [ '4.0.0' ],
2025 silly audit   'eslint-scope': [ '8.4.0' ],
2025 silly audit   'eslint-visitor-keys': [ '4.2.1', '3.4.3', '5.0.1' ],
2025 silly audit   espree: [ '10.4.0' ],
2025 silly audit   esquery: [ '1.7.0' ],
2025 silly audit   esutils: [ '2.0.3' ],
2025 silly audit   'fast-deep-equal': [ '3.1.3' ],
2025 silly audit   'file-entry-cache': [ '8.0.0' ],
2025 silly audit   'find-up': [ '5.0.0' ],
2025 silly audit   'glob-parent': [ '6.0.2', '5.1.2' ],
2025 silly audit   ignore: [ '5.3.2', '7.0.5' ],
2025 silly audit   imurmurhash: [ '0.1.4' ],
2025 silly audit   'is-glob': [ '4.0.3' ],
2025 silly audit   'json-stable-stringify-without-jsonify': [ '1.0.1' ],
2025 silly audit   'lodash.merge': [ '4.6.2' ],
2025 silly audit   minimatch: [ '3.1.5', '10.2.5' ],
2025 silly audit   'natural-compare': [ '1.4.0' ],
2025 silly audit   optionator: [ '0.9.4' ],
2025 silly audit   'text-table': [ '0.2.0' ],
2025 silly audit   '@eslint/object-schema': [ '2.1.7' ],
2025 silly audit   globals: [ '14.0.0' ],
2025 silly audit   'import-fresh': [ '3.3.1' ],
2025 silly audit   'js-yaml': [ '4.1.1' ],
2025 silly audit   'strip-json-comments': [ '3.1.1' ],
2025 silly audit   levn: [ '0.4.1' ],
2025 silly audit   '@humanfs/core': [ '0.19.2' ],
2025 silly audit   '@humanfs/types': [ '0.15.0' ],
2025 silly audit   'fast-json-stable-stringify': [ '2.1.0' ],
2025 silly audit   'json-schema-traverse': [ '0.4.1' ],
2025 silly audit   'uri-js': [ '4.4.1' ],
2025 silly audit   'ansi-styles': [ '4.3.0' ],
2025 silly audit   'supports-color': [ '7.2.0' ],
2025 silly audit   'color-convert': [ '2.0.1' ],
2025 silly audit   'color-name': [ '1.1.4' ],
2025 silly audit   'path-key': [ '3.1.1' ],
2025 silly audit   'shebang-command': [ '2.0.0' ],
2025 silly audit   which: [ '2.0.2' ],
2025 silly audit   ms: [ '2.1.3' ],
2025 silly audit   '@next/eslint-plugin-next': [ '15.0.3' ],
2025 silly audit   '@rushstack/eslint-patch': [ '1.16.1' ],
2025 silly audit   '@typescript-eslint/eslint-plugin': [ '8.59.0' ],
2025 silly audit   '@typescript-eslint/parser': [ '8.59.0' ],
2025 silly audit   'eslint-import-resolver-node': [ '0.3.10' ],
2025 silly audit   'eslint-import-resolver-typescript': [ '3.10.1' ],
2025 silly audit   'eslint-plugin-import': [ '2.32.0' ],
2025 silly audit   'eslint-plugin-jsx-a11y': [ '6.10.2' ],
2025 silly audit   'eslint-plugin-react': [ '7.37.5' ],
2025 silly audit   'eslint-plugin-react-hooks': [ '5.2.0' ],
2025 silly audit   'fast-glob': [ '3.3.1' ],
2025 silly audit   '@typescript-eslint/scope-manager': [ '8.59.0' ],
2025 silly audit   '@typescript-eslint/type-utils': [ '8.59.0' ],
2025 silly audit   '@typescript-eslint/utils': [ '8.59.0' ],
2025 silly audit   '@typescript-eslint/visitor-keys': [ '8.59.0' ],
2025 silly audit   'ts-api-utils': [ '2.5.0' ],
2025 silly audit   '@typescript-eslint/types': [ '8.59.0' ],
2025 silly audit   '@typescript-eslint/typescript-estree': [ '8.59.0' ],
2025 silly audit   '@typescript-eslint/project-service': [ '8.59.0' ],
2025 silly audit   '@typescript-eslint/tsconfig-utils': [ '8.59.0' ],
2025 silly audit   semver: [ '7.7.4', '6.3.1' ],
2025 silly audit   tinyglobby: [ '0.2.16' ],
2025 silly audit   'is-core-module': [ '2.16.1' ],
2025 silly audit   resolve: [ '2.0.0-next.6' ],
2025 silly audit   '@nolyfill/is-core-module': [ '1.0.39' ],
2025 silly audit   'get-tsconfig': [ '4.14.0' ],
2025 silly audit   'is-bun-module': [ '2.0.0' ],
2025 silly audit   'stable-hash': [ '0.0.5' ],
2025 silly audit   'unrs-resolver': [ '1.11.1' ],
2025 silly audit   '@rtsao/scc': [ '1.1.0' ],
2025 silly audit   'array-includes': [ '3.1.9' ],
2025 silly audit   'array.prototype.findlastindex': [ '1.2.6' ],
2025 silly audit   'array.prototype.flat': [ '1.3.3' ],
2025 silly audit   'array.prototype.flatmap': [ '1.3.3' ],
2025 silly audit   doctrine: [ '2.1.0' ],
2025 silly audit   'eslint-module-utils': [ '2.12.1' ],
2025 silly audit   hasown: [ '2.0.3' ],
2025 silly audit   'object.fromentries': [ '2.0.8' ],
2025 silly audit   'object.groupby': [ '1.0.3' ],
2025 silly audit   'object.values': [ '1.2.1' ],
2025 silly audit   'string.prototype.trimend': [ '1.0.9' ],
2025 silly audit   'tsconfig-paths': [ '3.15.0' ],
2025 silly audit   'call-bind': [ '1.0.9' ],
2025 silly audit   'call-bound': [ '1.0.4' ],
2025 silly audit   'define-properties': [ '1.2.1' ],
2025 silly audit   'es-abstract': [ '1.24.2' ],
2025 silly audit   'es-object-atoms': [ '1.1.1' ],
2025 silly audit   'get-intrinsic': [ '1.3.0' ],
2025 silly audit   'is-string': [ '1.1.1' ],
2025 silly audit   'math-intrinsics': [ '1.1.0' ],
2025 silly audit   'es-errors': [ '1.3.0' ],
2025 silly audit   'es-shim-unscopables': [ '1.1.0' ],
2025 silly audit   'call-bind-apply-helpers': [ '1.0.2' ],
2025 silly audit   'es-define-property': [ '1.0.1' ],
2025 silly audit   'set-function-length': [ '1.2.2' ],
2025 silly audit   'function-bind': [ '1.1.2' ],
2025 silly audit   'define-data-property': [ '1.1.4' ],
2025 silly audit   'has-property-descriptors': [ '1.0.2' ],
2025 silly audit   'object-keys': [ '1.1.1' ],
2025 silly audit   gopd: [ '1.2.0' ],
2025 silly audit   'array-buffer-byte-length': [ '1.0.2' ],
2025 silly audit   'arraybuffer.prototype.slice': [ '1.0.4' ],
2025 silly audit   'available-typed-arrays': [ '1.0.7' ],
2025 silly audit   'data-view-buffer': [ '1.0.2' ],
2025 silly audit   'data-view-byte-length': [ '1.0.2' ],
2025 silly audit   'data-view-byte-offset': [ '1.0.1' ],
2025 silly audit   'es-set-tostringtag': [ '2.1.0' ],
2025 silly audit   'es-to-primitive': [ '1.3.0' ],
2025 silly audit   'function.prototype.name': [ '1.1.8' ],
2025 silly audit   'get-proto': [ '1.0.1' ],
2025 silly audit   'get-symbol-description': [ '1.1.0' ],
2025 silly audit   globalthis: [ '1.0.4' ],
2025 silly audit   'has-proto': [ '1.2.0' ],
2025 silly audit   'has-symbols': [ '1.1.0' ],
2025 silly audit   'internal-slot': [ '1.1.0' ],
2025 silly audit   'is-array-buffer': [ '3.0.5' ],
2025 silly audit   'is-callable': [ '1.2.7' ],
2025 silly audit   'is-data-view': [ '1.0.2' ],
2025 silly audit   'is-negative-zero': [ '2.0.3' ],
2025 silly audit   'is-regex': [ '1.2.1' ],
2025 silly audit   'is-set': [ '2.0.3' ],
2025 silly audit   'is-shared-array-buffer': [ '1.0.4' ],
2025 silly audit   'is-typed-array': [ '1.1.15' ],
2025 silly audit   'is-weakref': [ '1.1.1' ],
2025 silly audit   'object-inspect': [ '1.13.4' ],
2025 silly audit   'object.assign': [ '4.1.7' ],
2025 silly audit   'own-keys': [ '1.0.1' ],
2025 silly audit   'regexp.prototype.flags': [ '1.5.4' ],
2025 silly audit   'safe-array-concat': [ '1.1.4' ],
2025 silly audit   'safe-push-apply': [ '1.0.0' ],
2025 silly audit   'safe-regex-test': [ '1.1.0' ],
2025 silly audit   'set-proto': [ '1.0.0' ],
2025 silly audit   'stop-iteration-iterator': [ '1.1.0' ],
2025 silly audit   'string.prototype.trim': [ '1.2.10' ],
2025 silly audit   'string.prototype.trimstart': [ '1.0.8' ],
2025 silly audit   'typed-array-buffer': [ '1.0.3' ],
2025 silly audit   'typed-array-byte-length': [ '1.0.3' ],
2025 silly audit   'typed-array-byte-offset': [ '1.0.4' ],
2025 silly audit   'typed-array-length': [ '1.0.7' ],
2025 silly audit   'unbox-primitive': [ '1.1.0' ],
2025 silly audit   'which-typed-array': [ '1.1.20' ],
2025 silly audit   'possible-typed-array-names': [ '1.1.0' ],
2025 silly audit   'has-tostringtag': [ '1.0.2' ],
2025 silly audit   'is-date-object': [ '1.1.0' ],
2025 silly audit   'is-symbol': [ '1.1.1' ],
2025 silly audit   'aria-query': [ '5.3.2' ],
2025 silly audit   'ast-types-flow': [ '0.0.8' ],
2025 silly audit   'axe-core': [ '4.11.3' ],
2025 silly audit   'axobject-query': [ '4.1.0' ],
2025 silly audit   'damerau-levenshtein': [ '1.0.8' ],
2025 silly audit   'emoji-regex': [ '9.2.2' ],
2025 silly audit   'jsx-ast-utils': [ '3.3.5' ],
2025 silly audit   'language-tags': [ '1.0.9' ],
2025 silly audit   'string.prototype.includes': [ '2.0.1' ],
2025 silly audit   'array.prototype.findlast': [ '1.2.5' ],
2025 silly audit   'array.prototype.tosorted': [ '1.1.4' ],
2025 silly audit   'es-iterator-helpers': [ '1.3.2' ],
2025 silly audit   estraverse: [ '5.3.0' ],
2025 silly audit   'object.entries': [ '1.1.9' ],
2025 silly audit   'prop-types': [ '15.8.1' ],
2025 silly audit   'string.prototype.matchall': [ '4.0.12' ],
2025 silly audit   'string.prototype.repeat': [ '1.0.0' ],
2025 silly audit   'iterator.prototype': [ '1.1.5' ],
2025 silly audit   esrecurse: [ '4.3.0' ],
2025 silly audit   acorn: [ '8.16.0' ],
2025 silly audit   'acorn-jsx': [ '5.3.2' ],
2025 silly audit   '@nodelib/fs.stat': [ '2.0.5' ],
2025 silly audit   '@nodelib/fs.walk': [ '1.2.8' ],
2025 silly audit   merge2: [ '1.4.1' ],
2025 silly audit   micromatch: [ '4.0.8' ],
2025 silly audit   '@nodelib/fs.scandir': [ '2.1.5' ],
2025 silly audit   fastq: [ '1.20.1' ],
2025 silly audit   'run-parallel': [ '1.2.0' ],
2025 silly audit   reusify: [ '1.1.0' ],
2025 silly audit   'flat-cache': [ '4.0.1' ],
2025 silly audit   'locate-path': [ '6.0.0' ],
2025 silly audit   'path-exists': [ '4.0.0' ],
2025 silly audit   flatted: [ '3.4.2' ],
2025 silly audit   keyv: [ '4.5.4' ],
2025 silly audit   'functions-have-names': [ '1.2.3' ],
2025 silly audit   'dunder-proto': [ '1.0.1' ],
2025 silly audit   'resolve-pkg-maps': [ '1.0.0' ],
2025 silly audit   'parent-module': [ '1.0.1' ],
2025 silly audit   'resolve-from': [ '4.0.0' ],
2025 silly audit   'side-channel': [ '1.1.0' ],
2025 silly audit   'is-extglob': [ '2.1.1' ],
2025 silly audit   'set-function-name': [ '2.0.2' ],
2025 silly audit   argparse: [ '2.0.1' ],
2025 silly audit   'json-buffer': [ '3.0.1' ],
2025 silly audit   'language-subtag-registry': [ '0.3.23' ],
2025 silly audit   'prelude-ls': [ '1.2.1' ],
2025 silly audit   'type-check': [ '0.4.0' ],
2025 silly audit   'p-locate': [ '5.0.0' ],
2025 silly audit   braces: [ '3.0.3' ],
2025 silly audit   picomatch: [ '2.3.2', '4.0.4' ],
2025 silly audit   'fill-range': [ '7.1.1' ],
2025 silly audit   'to-regex-range': [ '5.0.1' ],
2025 silly audit   'brace-expansion': [ '1.1.14', '5.0.5' ],
2025 silly audit   'balanced-match': [ '1.0.2', '4.0.4' ],
2025 silly audit   'concat-map': [ '0.0.1' ],
2025 silly audit   '@next/env': [ '15.0.3' ],
2025 silly audit   '@next/swc-darwin-arm64': [ '15.0.3' ],
2025 silly audit   '@next/swc-darwin-x64': [ '15.0.3' ],
2025 silly audit   '@next/swc-linux-arm64-gnu': [ '15.0.3' ],
2025 silly audit   '@next/swc-linux-arm64-musl': [ '15.0.3' ],
2025 silly audit   '@next/swc-linux-x64-gnu': [ '15.0.3' ],
2025 silly audit   '@next/swc-linux-x64-musl': [ '15.0.3' ],
2025 silly audit   '@next/swc-win32-arm64-msvc': [ '15.0.3' ],
2025 silly audit   '@next/swc-win32-x64-msvc': [ '15.0.3' ],
2025 silly audit   '@swc/counter': [ '0.1.3' ],
2025 silly audit   '@swc/helpers': [ '0.5.13' ],
2025 silly audit   busboy: [ '1.6.0' ],
2025 silly audit   'caniuse-lite': [ '1.0.30001788' ],
2025 silly audit   postcss: [ '8.4.31' ],
2025 silly audit   sharp: [ '0.33.5' ],
2025 silly audit   'styled-jsx': [ '5.1.6' ],
2025 silly audit   tslib: [ '2.8.1' ],
2025 silly audit   streamsearch: [ '1.1.0' ],
2025 silly audit   'deep-is': [ '0.1.4' ],
2025 silly audit   'fast-levenshtein': [ '2.0.6' ],
2025 silly audit   'word-wrap': [ '1.2.5' ],
2025 silly audit   'p-limit': [ '3.1.0' ],
2025 silly audit   'yocto-queue': [ '0.1.0' ],
2025 silly audit   callsites: [ '3.1.0' ],
2025 silly audit   nanoid: [ '3.3.11' ],
2025 silly audit   picocolors: [ '1.1.1' ],
2025 silly audit   'source-map-js': [ '1.2.1' ],
2025 silly audit   'loose-envify': [ '1.4.0' ],
2025 silly audit   'object-assign': [ '4.1.1' ],
2025 silly audit   'react-is': [ '16.13.1' ],
2025 silly audit   'js-tokens': [ '4.0.0' ],
2025 silly audit   scheduler: [ '0.23.2' ],
2025 silly audit   'node-exports-info': [ '1.6.0' ],
2025 silly audit   'path-parse': [ '1.0.7' ],
2025 silly audit   'supports-preserve-symlinks-flag': [ '1.0.0' ],
2025 silly audit   'queue-microtask': [ '1.2.3' ],
2025 silly audit   isarray: [ '2.0.5' ],
2025 silly audit   '@img/sharp-darwin-arm64': [ '0.33.5' ],
2025 silly audit   '@img/sharp-darwin-x64': [ '0.33.5' ],
2025 silly audit   '@img/sharp-libvips-darwin-arm64': [ '1.0.4' ],
2025 silly audit   '@img/sharp-libvips-darwin-x64': [ '1.0.4' ],
2025 silly audit   '@img/sharp-libvips-linux-arm': [ '1.0.5' ],
2025 silly audit   '@img/sharp-libvips-linux-arm64': [ '1.0.4' ],
2025 silly audit   '@img/sharp-libvips-linux-s390x': [ '1.0.4' ],
2025 silly audit   '@img/sharp-libvips-linux-x64': [ '1.0.4' ],
2025 silly audit   '@img/sharp-libvips-linuxmusl-arm64': [ '1.0.4' ],
2025 silly audit   '@img/sharp-libvips-linuxmusl-x64': [ '1.0.4' ],
2025 silly audit   '@img/sharp-linux-arm': [ '0.33.5' ],
2025 silly audit   '@img/sharp-linux-arm64': [ '0.33.5' ],
2025 silly audit   '@img/sharp-linux-s390x': [ '0.33.5' ],
2025 silly audit   '@img/sharp-linux-x64': [ '0.33.5' ],
2025 silly audit   '@img/sharp-linuxmusl-arm64': [ '0.33.5' ],
2025 silly audit   '@img/sharp-linuxmusl-x64': [ '0.33.5' ],
2025 silly audit   '@img/sharp-wasm32': [ '0.33.5' ],
2025 silly audit   '@img/sharp-win32-ia32': [ '0.33.5' ],
2025 silly audit   '@img/sharp-win32-x64': [ '0.33.5' ],
2025 silly audit   color: [ '4.2.3' ],
2025 silly audit   'detect-libc': [ '2.1.2' ],
2025 silly audit   '@emnapi/runtime': [ '1.10.0' ],
2025 silly audit   'color-string': [ '1.9.1' ],
2025 silly audit   'simple-swizzle': [ '0.2.4' ],
2025 silly audit   'shebang-regex': [ '3.0.0' ],
2025 silly audit   'side-channel-list': [ '1.0.1' ],
2025 silly audit   'side-channel-map': [ '1.0.1' ],
2025 silly audit   'side-channel-weakmap': [ '1.0.2' ],
2025 silly audit   'is-arrayish': [ '0.3.4' ],
2025 silly audit   'client-only': [ '0.0.1' ],
2025 silly audit   'has-flag': [ '4.0.0' ],
2025 silly audit   fdir: [ '6.5.0' ],
2025 silly audit   'is-number': [ '7.0.0' ],
2025 silly audit   '@types/json5': [ '0.0.29' ],
2025 silly audit   json5: [ '1.0.2' ],
2025 silly audit   minimist: [ '1.2.8' ],
2025 silly audit   'strip-bom': [ '3.0.0' ],
2025 silly audit   'for-each': [ '0.3.5' ],
2025 silly audit   'reflect.getprototypeof': [ '1.0.10' ],
2025 silly audit   'which-builtin-type': [ '1.2.1' ],
2025 silly audit   'has-bigints': [ '1.1.0' ],
2025 silly audit   'which-boxed-primitive': [ '1.1.1' ],
2025 silly audit   '@unrs/resolver-binding-android-arm-eabi': [ '1.11.1' ],
2025 silly audit   '@unrs/resolver-binding-android-arm64': [ '1.11.1' ],
2025 silly audit   '@unrs/resolver-binding-darwin-arm64': [ '1.11.1' ],
2025 silly audit   '@unrs/resolver-binding-darwin-x64': [ '1.11.1' ],
2025 silly audit   '@unrs/resolver-binding-freebsd-x64': [ '1.11.1' ],
2025 silly audit   '@unrs/resolver-binding-linux-arm-gnueabihf': [ '1.11.1' ],
2025 silly audit   '@unrs/resolver-binding-linux-arm-musleabihf': [ '1.11.1' ],
2025 silly audit   '@unrs/resolver-binding-linux-arm64-gnu': [ '1.11.1' ],
2025 silly audit   '@unrs/resolver-binding-linux-arm64-musl': [ '1.11.1' ],
2025 silly audit   '@unrs/resolver-binding-linux-ppc64-gnu': [ '1.11.1' ],
2025 silly audit   '@unrs/resolver-binding-linux-riscv64-gnu': [ '1.11.1' ],
2025 silly audit   '@unrs/resolver-binding-linux-riscv64-musl': [ '1.11.1' ],
2025 silly audit   '@unrs/resolver-binding-linux-s390x-gnu': [ '1.11.1' ],
2025 silly audit   '@unrs/resolver-binding-linux-x64-gnu': [ '1.11.1' ],
2025 silly audit   '@unrs/resolver-binding-linux-x64-musl': [ '1.11.1' ],
2025 silly audit   '@unrs/resolver-binding-wasm32-wasi': [ '1.11.1' ],
2025 silly audit   '@unrs/resolver-binding-win32-arm64-msvc': [ '1.11.1' ],
2025 silly audit   '@unrs/resolver-binding-win32-ia32-msvc': [ '1.11.1' ],
2025 silly audit   '@unrs/resolver-binding-win32-x64-msvc': [ '1.11.1' ],
2025 silly audit   'napi-postinstall': [ '0.3.4' ],
2025 silly audit   '@napi-rs/wasm-runtime': [ '0.2.12' ],
2025 silly audit   '@emnapi/core': [ '1.10.0' ],
2025 silly audit   '@tybys/wasm-util': [ '0.10.1' ],
2025 silly audit   '@emnapi/wasi-threads': [ '1.2.1' ],
2025 silly audit   punycode: [ '2.3.1' ],
2025 silly audit   isexe: [ '2.0.0' ],
2025 silly audit   'is-bigint': [ '1.1.0' ],
2025 silly audit   'is-boolean-object': [ '1.2.2' ],
2025 silly audit   'is-number-object': [ '1.1.1' ],
2025 silly audit   'is-async-function': [ '2.1.1' ],
2025 silly audit   'is-finalizationregistry': [ '1.1.1' ],
2025 silly audit   'is-generator-function': [ '1.1.2' ],
2025 silly audit   'which-collection': [ '1.0.2' ],
2025 silly audit   'async-function': [ '1.0.0' ],
2025 silly audit   'generator-function': [ '2.0.1' ],
2025 silly audit   'is-map': [ '2.0.3' ],
2025 silly audit   'is-weakmap': [ '2.0.2' ],
2025 silly audit   'is-weakset': [ '2.0.4' ]
2025 silly audit }
2026 http cache is-weakmap@https://registry.npmjs.org/is-weakmap/-/is-weakmap-2.0.2.tgz 0ms (cache hit)
2027 http cache generator-function@https://registry.npmjs.org/generator-function/-/generator-function-2.0.1.tgz 0ms (cache hit)
2028 http cache which-collection@https://registry.npmjs.org/which-collection/-/which-collection-1.0.2.tgz 0ms (cache hit)
2029 http cache is-finalizationregistry@https://registry.npmjs.org/is-finalizationregistry/-/is-finalizationregistry-1.1.1.tgz 0ms (cache hit)
2030 http cache async-function@https://registry.npmjs.org/async-function/-/async-function-1.0.0.tgz 0ms (cache hit)
2031 http cache is-async-function@https://registry.npmjs.org/is-async-function/-/is-async-function-2.1.1.tgz 0ms (cache hit)
2032 http cache is-number-object@https://registry.npmjs.org/is-number-object/-/is-number-object-1.1.1.tgz 0ms (cache hit)
2033 http cache is-weakset@https://registry.npmjs.org/is-weakset/-/is-weakset-2.0.4.tgz 0ms (cache hit)
2034 http cache is-generator-function@https://registry.npmjs.org/is-generator-function/-/is-generator-function-1.1.2.tgz 0ms (cache hit)
2035 http cache is-boolean-object@https://registry.npmjs.org/is-boolean-object/-/is-boolean-object-1.2.2.tgz 0ms (cache hit)
2036 http cache is-bigint@https://registry.npmjs.org/is-bigint/-/is-bigint-1.1.0.tgz 0ms (cache hit)
2037 http cache isexe@https://registry.npmjs.org/isexe/-/isexe-2.0.0.tgz 0ms (cache hit)
2038 http cache is-map@https://registry.npmjs.org/is-map/-/is-map-2.0.3.tgz 0ms (cache hit)
2039 http cache punycode@https://registry.npmjs.org/punycode/-/punycode-2.3.1.tgz 0ms (cache hit)
2040 http cache napi-postinstall@https://registry.npmjs.org/napi-postinstall/-/napi-postinstall-0.3.4.tgz 0ms (cache hit)
2041 http cache which-builtin-type@https://registry.npmjs.org/which-builtin-type/-/which-builtin-type-1.2.1.tgz 0ms (cache hit)
2042 http cache which-boxed-primitive@https://registry.npmjs.org/which-boxed-primitive/-/which-boxed-primitive-1.1.1.tgz 0ms (cache hit)
2043 http cache for-each@https://registry.npmjs.org/for-each/-/for-each-0.3.5.tgz 0ms (cache hit)
2044 http cache reflect.getprototypeof@https://registry.npmjs.org/reflect.getprototypeof/-/reflect.getprototypeof-1.0.10.tgz 0ms (cache hit)
2045 http cache @unrs/resolver-binding-darwin-arm64@https://registry.npmjs.org/@unrs/resolver-binding-darwin-arm64/-/resolver-binding-darwin-arm64-1.11.1.tgz 0ms (cache hit)
2046 http cache @types/json5@https://registry.npmjs.org/@types/json5/-/json5-0.0.29.tgz 0ms (cache hit)
2047 http cache json5@https://registry.npmjs.org/json5/-/json5-1.0.2.tgz 0ms (cache hit)
2048 http cache strip-bom@https://registry.npmjs.org/strip-bom/-/strip-bom-3.0.0.tgz 0ms (cache hit)
2049 http cache has-flag@https://registry.npmjs.org/has-flag/-/has-flag-4.0.0.tgz 0ms (cache hit)
2050 http cache is-arrayish@https://registry.npmjs.org/is-arrayish/-/is-arrayish-0.3.4.tgz 0ms (cache hit)
2051 http cache side-channel-weakmap@https://registry.npmjs.org/side-channel-weakmap/-/side-channel-weakmap-1.0.2.tgz 0ms (cache hit)
2052 http cache minimist@https://registry.npmjs.org/minimist/-/minimist-1.2.8.tgz 0ms (cache hit)
2053 http cache is-number@https://registry.npmjs.org/is-number/-/is-number-7.0.0.tgz 0ms (cache hit)
2054 http cache has-bigints@https://registry.npmjs.org/has-bigints/-/has-bigints-1.1.0.tgz 0ms (cache hit)
2055 http cache side-channel-map@https://registry.npmjs.org/side-channel-map/-/side-channel-map-1.0.1.tgz 0ms (cache hit)
2056 http cache client-only@https://registry.npmjs.org/client-only/-/client-only-0.0.1.tgz 0ms (cache hit)
2057 http cache simple-swizzle@https://registry.npmjs.org/simple-swizzle/-/simple-swizzle-0.2.4.tgz 0ms (cache hit)
2058 http cache side-channel-list@https://registry.npmjs.org/side-channel-list/-/side-channel-list-1.0.1.tgz 0ms (cache hit)
2059 http cache color-string@https://registry.npmjs.org/color-string/-/color-string-1.9.1.tgz 0ms (cache hit)
2060 http cache color@https://registry.npmjs.org/color/-/color-4.2.3.tgz 0ms (cache hit)
2061 http cache @emnapi/runtime@https://registry.npmjs.org/@emnapi/runtime/-/runtime-1.10.0.tgz 0ms (cache hit)
2062 http cache shebang-regex@https://registry.npmjs.org/shebang-regex/-/shebang-regex-3.0.0.tgz 0ms (cache hit)
2063 http cache detect-libc@https://registry.npmjs.org/detect-libc/-/detect-libc-2.1.2.tgz 0ms (cache hit)
2064 http cache @img/sharp-libvips-darwin-arm64@https://registry.npmjs.org/@img/sharp-libvips-darwin-arm64/-/sharp-libvips-darwin-arm64-1.0.4.tgz 0ms (cache hit)
2065 http cache path-parse@https://registry.npmjs.org/path-parse/-/path-parse-1.0.7.tgz 0ms (cache hit)
2066 http cache @img/sharp-darwin-arm64@https://registry.npmjs.org/@img/sharp-darwin-arm64/-/sharp-darwin-arm64-0.33.5.tgz 0ms (cache hit)
2067 http cache node-exports-info@https://registry.npmjs.org/node-exports-info/-/node-exports-info-1.6.0.tgz 0ms (cache hit)
2068 http cache supports-preserve-symlinks-flag@https://registry.npmjs.org/supports-preserve-symlinks-flag/-/supports-preserve-symlinks-flag-1.0.0.tgz 0ms (cache hit)
2069 http cache isarray@https://registry.npmjs.org/isarray/-/isarray-2.0.5.tgz 0ms (cache hit)
2070 http cache queue-microtask@https://registry.npmjs.org/queue-microtask/-/queue-microtask-1.2.3.tgz 0ms (cache hit)
2071 http cache scheduler@https://registry.npmjs.org/scheduler/-/scheduler-0.23.2.tgz 0ms (cache hit)
2072 http cache object-assign@https://registry.npmjs.org/object-assign/-/object-assign-4.1.1.tgz 0ms (cache hit)
2073 http cache js-tokens@https://registry.npmjs.org/js-tokens/-/js-tokens-4.0.0.tgz 0ms (cache hit)
2074 http cache react-is@https://registry.npmjs.org/react-is/-/react-is-16.13.1.tgz 0ms (cache hit)
2075 http cache nanoid@https://registry.npmjs.org/nanoid/-/nanoid-3.3.11.tgz 0ms (cache hit)
2076 http cache source-map-js@https://registry.npmjs.org/source-map-js/-/source-map-js-1.2.1.tgz 0ms (cache hit)
2077 http cache yocto-queue@https://registry.npmjs.org/yocto-queue/-/yocto-queue-0.1.0.tgz 0ms (cache hit)
2078 http cache picocolors@https://registry.npmjs.org/picocolors/-/picocolors-1.1.1.tgz 0ms (cache hit)
2079 http cache loose-envify@https://registry.npmjs.org/loose-envify/-/loose-envify-1.4.0.tgz 0ms (cache hit)
2080 http cache p-limit@https://registry.npmjs.org/p-limit/-/p-limit-3.1.0.tgz 0ms (cache hit)
2081 http cache word-wrap@https://registry.npmjs.org/word-wrap/-/word-wrap-1.2.5.tgz 0ms (cache hit)
2082 http cache tslib@https://registry.npmjs.org/tslib/-/tslib-2.8.1.tgz 0ms (cache hit)
2083 http cache deep-is@https://registry.npmjs.org/deep-is/-/deep-is-0.1.4.tgz 0ms (cache hit)
2084 http cache streamsearch@https://registry.npmjs.org/streamsearch/-/streamsearch-1.1.0.tgz 0ms (cache hit)
2085 http cache fast-levenshtein@https://registry.npmjs.org/fast-levenshtein/-/fast-levenshtein-2.0.6.tgz 0ms (cache hit)
2086 http cache callsites@https://registry.npmjs.org/callsites/-/callsites-3.1.0.tgz 0ms (cache hit)
2087 http cache sharp@https://registry.npmjs.org/sharp/-/sharp-0.33.5.tgz 0ms (cache hit)
2088 http cache styled-jsx@https://registry.npmjs.org/styled-jsx/-/styled-jsx-5.1.6.tgz 0ms (cache hit)
2089 http cache caniuse-lite@https://registry.npmjs.org/caniuse-lite/-/caniuse-lite-1.0.30001788.tgz 0ms (cache hit)
2090 http cache busboy@https://registry.npmjs.org/busboy/-/busboy-1.6.0.tgz 0ms (cache hit)
2091 http cache postcss@https://registry.npmjs.org/postcss/-/postcss-8.4.31.tgz 0ms (cache hit)
2092 http cache @swc/helpers@https://registry.npmjs.org/@swc/helpers/-/helpers-0.5.13.tgz 0ms (cache hit)
2093 http cache concat-map@https://registry.npmjs.org/concat-map/-/concat-map-0.0.1.tgz 0ms (cache hit)
2094 http cache @next/env@https://registry.npmjs.org/@next/env/-/env-15.0.3.tgz 0ms (cache hit)
2095 http cache @next/swc-darwin-arm64@https://registry.npmjs.org/@next/swc-darwin-arm64/-/swc-darwin-arm64-15.0.3.tgz 0ms (cache hit)
2096 http cache balanced-match@https://registry.npmjs.org/balanced-match/-/balanced-match-1.0.2.tgz 0ms (cache hit)
2097 http cache fill-range@https://registry.npmjs.org/fill-range/-/fill-range-7.1.1.tgz 0ms (cache hit)
2098 http cache to-regex-range@https://registry.npmjs.org/to-regex-range/-/to-regex-range-5.0.1.tgz 0ms (cache hit)
2099 http cache @swc/counter@https://registry.npmjs.org/@swc/counter/-/counter-0.1.3.tgz 0ms (cache hit)
2100 http cache brace-expansion@https://registry.npmjs.org/brace-expansion/-/brace-expansion-1.1.14.tgz 0ms (cache hit)
2101 http cache braces@https://registry.npmjs.org/braces/-/braces-3.0.3.tgz 0ms (cache hit)
2102 http cache p-locate@https://registry.npmjs.org/p-locate/-/p-locate-5.0.0.tgz 0ms (cache hit)
2103 http cache prelude-ls@https://registry.npmjs.org/prelude-ls/-/prelude-ls-1.2.1.tgz 0ms (cache hit)
2104 http cache picomatch@https://registry.npmjs.org/picomatch/-/picomatch-2.3.2.tgz 0ms (cache hit)
2105 http cache language-subtag-registry@https://registry.npmjs.org/language-subtag-registry/-/language-subtag-registry-0.3.23.tgz 0ms (cache hit)
2106 http cache is-extglob@https://registry.npmjs.org/is-extglob/-/is-extglob-2.1.1.tgz 0ms (cache hit)
2107 http cache type-check@https://registry.npmjs.org/type-check/-/type-check-0.4.0.tgz 0ms (cache hit)
2108 http cache set-function-name@https://registry.npmjs.org/set-function-name/-/set-function-name-2.0.2.tgz 0ms (cache hit)
2109 http cache json-buffer@https://registry.npmjs.org/json-buffer/-/json-buffer-3.0.1.tgz 0ms (cache hit)
2110 http cache resolve-from@https://registry.npmjs.org/resolve-from/-/resolve-from-4.0.0.tgz 0ms (cache hit)
2111 http cache parent-module@https://registry.npmjs.org/parent-module/-/parent-module-1.0.1.tgz 0ms (cache hit)
2112 http cache resolve-pkg-maps@https://registry.npmjs.org/resolve-pkg-maps/-/resolve-pkg-maps-1.0.0.tgz 0ms (cache hit)
2113 http cache functions-have-names@https://registry.npmjs.org/functions-have-names/-/functions-have-names-1.2.3.tgz 0ms (cache hit)
2114 http cache side-channel@https://registry.npmjs.org/side-channel/-/side-channel-1.1.0.tgz 0ms (cache hit)
2115 http cache keyv@https://registry.npmjs.org/keyv/-/keyv-4.5.4.tgz 0ms (cache hit)
2116 http cache path-exists@https://registry.npmjs.org/path-exists/-/path-exists-4.0.0.tgz 0ms (cache hit)
2117 http cache dunder-proto@https://registry.npmjs.org/dunder-proto/-/dunder-proto-1.0.1.tgz 0ms (cache hit)
2118 http cache flatted@https://registry.npmjs.org/flatted/-/flatted-3.4.2.tgz 0ms (cache hit)
2119 http cache reusify@https://registry.npmjs.org/reusify/-/reusify-1.1.0.tgz 0ms (cache hit)
2120 http cache flat-cache@https://registry.npmjs.org/flat-cache/-/flat-cache-4.0.1.tgz 0ms (cache hit)
2121 http cache argparse@https://registry.npmjs.org/argparse/-/argparse-2.0.1.tgz 0ms (cache hit)
2122 http cache locate-path@https://registry.npmjs.org/locate-path/-/locate-path-6.0.0.tgz 0ms (cache hit)
2123 http cache run-parallel@https://registry.npmjs.org/run-parallel/-/run-parallel-1.2.0.tgz 0ms (cache hit)
2124 http cache @nodelib/fs.scandir@https://registry.npmjs.org/@nodelib/fs.scandir/-/fs.scandir-2.1.5.tgz 0ms (cache hit)
2125 http cache @nodelib/fs.walk@https://registry.npmjs.org/@nodelib/fs.walk/-/fs.walk-1.2.8.tgz 0ms (cache hit)
2126 http cache merge2@https://registry.npmjs.org/merge2/-/merge2-1.4.1.tgz 0ms (cache hit)
2127 http cache micromatch@https://registry.npmjs.org/micromatch/-/micromatch-4.0.8.tgz 0ms (cache hit)
2128 http cache acorn-jsx@https://registry.npmjs.org/acorn-jsx/-/acorn-jsx-5.3.2.tgz 0ms (cache hit)
2129 http cache @nodelib/fs.stat@https://registry.npmjs.org/@nodelib/fs.stat/-/fs.stat-2.0.5.tgz 0ms (cache hit)
2130 http cache esrecurse@https://registry.npmjs.org/esrecurse/-/esrecurse-4.3.0.tgz 0ms (cache hit)
2131 http cache fastq@https://registry.npmjs.org/fastq/-/fastq-1.20.1.tgz 0ms (cache hit)
2132 http cache acorn@https://registry.npmjs.org/acorn/-/acorn-8.16.0.tgz 0ms (cache hit)
2133 http cache iterator.prototype@https://registry.npmjs.org/iterator.prototype/-/iterator.prototype-1.1.5.tgz 0ms (cache hit)
2134 http cache string.prototype.repeat@https://registry.npmjs.org/string.prototype.repeat/-/string.prototype.repeat-1.0.0.tgz 0ms (cache hit)
2135 http cache prop-types@https://registry.npmjs.org/prop-types/-/prop-types-15.8.1.tgz 0ms (cache hit)
2136 http cache estraverse@https://registry.npmjs.org/estraverse/-/estraverse-5.3.0.tgz 0ms (cache hit)
2137 http cache string.prototype.matchall@https://registry.npmjs.org/string.prototype.matchall/-/string.prototype.matchall-4.0.12.tgz 0ms (cache hit)
2138 http cache object.entries@https://registry.npmjs.org/object.entries/-/object.entries-1.1.9.tgz 0ms (cache hit)
2139 http cache string.prototype.includes@https://registry.npmjs.org/string.prototype.includes/-/string.prototype.includes-2.0.1.tgz 0ms (cache hit)
2140 http cache array.prototype.tosorted@https://registry.npmjs.org/array.prototype.tosorted/-/array.prototype.tosorted-1.1.4.tgz 0ms (cache hit)
2141 http cache array.prototype.findlast@https://registry.npmjs.org/array.prototype.findlast/-/array.prototype.findlast-1.2.5.tgz 0ms (cache hit)
2142 http cache language-tags@https://registry.npmjs.org/language-tags/-/language-tags-1.0.9.tgz 0ms (cache hit)
2143 http cache jsx-ast-utils@https://registry.npmjs.org/jsx-ast-utils/-/jsx-ast-utils-3.3.5.tgz 0ms (cache hit)
2144 http cache emoji-regex@https://registry.npmjs.org/emoji-regex/-/emoji-regex-9.2.2.tgz 0ms (cache hit)
2145 http cache damerau-levenshtein@https://registry.npmjs.org/damerau-levenshtein/-/damerau-levenshtein-1.0.8.tgz 0ms (cache hit)
2146 http cache axobject-query@https://registry.npmjs.org/axobject-query/-/axobject-query-4.1.0.tgz 0ms (cache hit)
2147 http cache ast-types-flow@https://registry.npmjs.org/ast-types-flow/-/ast-types-flow-0.0.8.tgz 0ms (cache hit)
2148 http cache aria-query@https://registry.npmjs.org/aria-query/-/aria-query-5.3.2.tgz 0ms (cache hit)
2149 http cache axe-core@https://registry.npmjs.org/axe-core/-/axe-core-4.11.3.tgz 0ms (cache hit)
2150 http cache is-date-object@https://registry.npmjs.org/is-date-object/-/is-date-object-1.1.0.tgz 0ms (cache hit)
2151 http cache es-iterator-helpers@https://registry.npmjs.org/es-iterator-helpers/-/es-iterator-helpers-1.3.2.tgz 0ms (cache hit)
2152 http cache which-typed-array@https://registry.npmjs.org/which-typed-array/-/which-typed-array-1.1.20.tgz 0ms (cache hit)
2153 http cache possible-typed-array-names@https://registry.npmjs.org/possible-typed-array-names/-/possible-typed-array-names-1.1.0.tgz 0ms (cache hit)
2154 http cache is-symbol@https://registry.npmjs.org/is-symbol/-/is-symbol-1.1.1.tgz 0ms (cache hit)
2155 http cache typed-array-length@https://registry.npmjs.org/typed-array-length/-/typed-array-length-1.0.7.tgz 0ms (cache hit)
2156 http cache has-tostringtag@https://registry.npmjs.org/has-tostringtag/-/has-tostringtag-1.0.2.tgz 0ms (cache hit)
2157 http cache unbox-primitive@https://registry.npmjs.org/unbox-primitive/-/unbox-primitive-1.1.0.tgz 0ms (cache hit)
2158 http cache typed-array-byte-offset@https://registry.npmjs.org/typed-array-byte-offset/-/typed-array-byte-offset-1.0.4.tgz 0ms (cache hit)
2159 http cache typed-array-byte-length@https://registry.npmjs.org/typed-array-byte-length/-/typed-array-byte-length-1.0.3.tgz 0ms (cache hit)
2160 http cache string.prototype.trimstart@https://registry.npmjs.org/string.prototype.trimstart/-/string.prototype.trimstart-1.0.8.tgz 0ms (cache hit)
2161 http cache set-proto@https://registry.npmjs.org/set-proto/-/set-proto-1.0.0.tgz 0ms (cache hit)
2162 http cache safe-regex-test@https://registry.npmjs.org/safe-regex-test/-/safe-regex-test-1.1.0.tgz 0ms (cache hit)
2163 http cache stop-iteration-iterator@https://registry.npmjs.org/stop-iteration-iterator/-/stop-iteration-iterator-1.1.0.tgz 0ms (cache hit)
2164 http cache safe-push-apply@https://registry.npmjs.org/safe-push-apply/-/safe-push-apply-1.0.0.tgz 0ms (cache hit)
2165 http cache typed-array-buffer@https://registry.npmjs.org/typed-array-buffer/-/typed-array-buffer-1.0.3.tgz 0ms (cache hit)
2166 http cache string.prototype.trim@https://registry.npmjs.org/string.prototype.trim/-/string.prototype.trim-1.2.10.tgz 0ms (cache hit)
2167 http cache regexp.prototype.flags@https://registry.npmjs.org/regexp.prototype.flags/-/regexp.prototype.flags-1.5.4.tgz 0ms (cache hit)
2168 http cache object-inspect@https://registry.npmjs.org/object-inspect/-/object-inspect-1.13.4.tgz 0ms (cache hit)
2169 http cache safe-array-concat@https://registry.npmjs.org/safe-array-concat/-/safe-array-concat-1.1.4.tgz 0ms (cache hit)
2170 http cache object.assign@https://registry.npmjs.org/object.assign/-/object.assign-4.1.7.tgz 0ms (cache hit)
2171 http cache is-weakref@https://registry.npmjs.org/is-weakref/-/is-weakref-1.1.1.tgz 0ms (cache hit)
2172 http cache is-set@https://registry.npmjs.org/is-set/-/is-set-2.0.3.tgz 0ms (cache hit)
2173 http cache is-typed-array@https://registry.npmjs.org/is-typed-array/-/is-typed-array-1.1.15.tgz 0ms (cache hit)
2174 http cache is-regex@https://registry.npmjs.org/is-regex/-/is-regex-1.2.1.tgz 0ms (cache hit)
2175 http cache is-negative-zero@https://registry.npmjs.org/is-negative-zero/-/is-negative-zero-2.0.3.tgz 0ms (cache hit)
2176 http cache is-data-view@https://registry.npmjs.org/is-data-view/-/is-data-view-1.0.2.tgz 0ms (cache hit)
2177 http cache is-callable@https://registry.npmjs.org/is-callable/-/is-callable-1.2.7.tgz 0ms (cache hit)
2178 http cache own-keys@https://registry.npmjs.org/own-keys/-/own-keys-1.0.1.tgz 0ms (cache hit)
2179 http cache internal-slot@https://registry.npmjs.org/internal-slot/-/internal-slot-1.1.0.tgz 0ms (cache hit)
2180 http cache has-symbols@https://registry.npmjs.org/has-symbols/-/has-symbols-1.1.0.tgz 0ms (cache hit)
2181 http cache is-array-buffer@https://registry.npmjs.org/is-array-buffer/-/is-array-buffer-3.0.5.tgz 0ms (cache hit)
2182 http cache is-shared-array-buffer@https://registry.npmjs.org/is-shared-array-buffer/-/is-shared-array-buffer-1.0.4.tgz 0ms (cache hit)
2183 http cache has-proto@https://registry.npmjs.org/has-proto/-/has-proto-1.2.0.tgz 0ms (cache hit)
2184 http cache get-symbol-description@https://registry.npmjs.org/get-symbol-description/-/get-symbol-description-1.1.0.tgz 0ms (cache hit)
2185 http cache function.prototype.name@https://registry.npmjs.org/function.prototype.name/-/function.prototype.name-1.1.8.tgz 0ms (cache hit)
2186 http cache es-set-tostringtag@https://registry.npmjs.org/es-set-tostringtag/-/es-set-tostringtag-2.1.0.tgz 0ms (cache hit)
2187 http cache data-view-byte-length@https://registry.npmjs.org/data-view-byte-length/-/data-view-byte-length-1.0.2.tgz 0ms (cache hit)
2188 http cache get-proto@https://registry.npmjs.org/get-proto/-/get-proto-1.0.1.tgz 0ms (cache hit)
2189 http cache es-to-primitive@https://registry.npmjs.org/es-to-primitive/-/es-to-primitive-1.3.0.tgz 0ms (cache hit)
2190 http cache data-view-buffer@https://registry.npmjs.org/data-view-buffer/-/data-view-buffer-1.0.2.tgz 0ms (cache hit)
2191 http cache arraybuffer.prototype.slice@https://registry.npmjs.org/arraybuffer.prototype.slice/-/arraybuffer.prototype.slice-1.0.4.tgz 0ms (cache hit)
2192 http cache object-keys@https://registry.npmjs.org/object-keys/-/object-keys-1.1.1.tgz 0ms (cache hit)
2193 http cache globalthis@https://registry.npmjs.org/globalthis/-/globalthis-1.0.4.tgz 0ms (cache hit)
2194 http cache available-typed-arrays@https://registry.npmjs.org/available-typed-arrays/-/available-typed-arrays-1.0.7.tgz 0ms (cache hit)
2195 http cache has-property-descriptors@https://registry.npmjs.org/has-property-descriptors/-/has-property-descriptors-1.0.2.tgz 0ms (cache hit)
2196 http cache data-view-byte-offset@https://registry.npmjs.org/data-view-byte-offset/-/data-view-byte-offset-1.0.1.tgz 0ms (cache hit)
2197 http cache array-buffer-byte-length@https://registry.npmjs.org/array-buffer-byte-length/-/array-buffer-byte-length-1.0.2.tgz 0ms (cache hit)
2198 http cache define-data-property@https://registry.npmjs.org/define-data-property/-/define-data-property-1.1.4.tgz 0ms (cache hit)
2199 http cache gopd@https://registry.npmjs.org/gopd/-/gopd-1.2.0.tgz 0ms (cache hit)
2200 http cache call-bind-apply-helpers@https://registry.npmjs.org/call-bind-apply-helpers/-/call-bind-apply-helpers-1.0.2.tgz 0ms (cache hit)
2201 http cache function-bind@https://registry.npmjs.org/function-bind/-/function-bind-1.1.2.tgz 0ms (cache hit)
2202 http cache set-function-length@https://registry.npmjs.org/set-function-length/-/set-function-length-1.2.2.tgz 0ms (cache hit)
2203 http cache math-intrinsics@https://registry.npmjs.org/math-intrinsics/-/math-intrinsics-1.1.0.tgz 0ms (cache hit)
2204 http cache es-define-property@https://registry.npmjs.org/es-define-property/-/es-define-property-1.0.1.tgz 0ms (cache hit)
2205 http cache es-errors@https://registry.npmjs.org/es-errors/-/es-errors-1.3.0.tgz 0ms (cache hit)
2206 http cache es-shim-unscopables@https://registry.npmjs.org/es-shim-unscopables/-/es-shim-unscopables-1.1.0.tgz 0ms (cache hit)
2207 http cache es-object-atoms@https://registry.npmjs.org/es-object-atoms/-/es-object-atoms-1.1.1.tgz 0ms (cache hit)
2208 http cache get-intrinsic@https://registry.npmjs.org/get-intrinsic/-/get-intrinsic-1.3.0.tgz 0ms (cache hit)
2209 http cache es-abstract@https://registry.npmjs.org/es-abstract/-/es-abstract-1.24.2.tgz 0ms (cache hit)
2210 http cache call-bind@https://registry.npmjs.org/call-bind/-/call-bind-1.0.9.tgz 0ms (cache hit)
2211 http cache is-string@https://registry.npmjs.org/is-string/-/is-string-1.1.1.tgz 0ms (cache hit)
2212 http cache call-bound@https://registry.npmjs.org/call-bound/-/call-bound-1.0.4.tgz 0ms (cache hit)
2213 http cache tsconfig-paths@https://registry.npmjs.org/tsconfig-paths/-/tsconfig-paths-3.15.0.tgz 0ms (cache hit)
2214 http cache define-properties@https://registry.npmjs.org/define-properties/-/define-properties-1.2.1.tgz 0ms (cache hit)
2215 http cache object.groupby@https://registry.npmjs.org/object.groupby/-/object.groupby-1.0.3.tgz 0ms (cache hit)
2216 http cache hasown@https://registry.npmjs.org/hasown/-/hasown-2.0.3.tgz 0ms (cache hit)
2217 http cache string.prototype.trimend@https://registry.npmjs.org/string.prototype.trimend/-/string.prototype.trimend-1.0.9.tgz 0ms (cache hit)
2218 http cache eslint-module-utils@https://registry.npmjs.org/eslint-module-utils/-/eslint-module-utils-2.12.1.tgz 0ms (cache hit)
2219 http cache doctrine@https://registry.npmjs.org/doctrine/-/doctrine-2.1.0.tgz 0ms (cache hit)
2220 http cache array-includes@https://registry.npmjs.org/array-includes/-/array-includes-3.1.9.tgz 0ms (cache hit)
2221 http cache array.prototype.findlastindex@https://registry.npmjs.org/array.prototype.findlastindex/-/array.prototype.findlastindex-1.2.6.tgz 0ms (cache hit)
2222 http cache object.fromentries@https://registry.npmjs.org/object.fromentries/-/object.fromentries-2.0.8.tgz 0ms (cache hit)
2223 http cache array.prototype.flat@https://registry.npmjs.org/array.prototype.flat/-/array.prototype.flat-1.3.3.tgz 0ms (cache hit)
2224 http cache @rtsao/scc@https://registry.npmjs.org/@rtsao/scc/-/scc-1.1.0.tgz 0ms (cache hit)
2225 http cache unrs-resolver@https://registry.npmjs.org/unrs-resolver/-/unrs-resolver-1.11.1.tgz 0ms (cache hit)
2226 http cache get-tsconfig@https://registry.npmjs.org/get-tsconfig/-/get-tsconfig-4.14.0.tgz 0ms (cache hit)
2227 http cache is-bun-module@https://registry.npmjs.org/is-bun-module/-/is-bun-module-2.0.0.tgz 0ms (cache hit)
2228 http cache stable-hash@https://registry.npmjs.org/stable-hash/-/stable-hash-0.0.5.tgz 0ms (cache hit)
2229 http cache array.prototype.flatmap@https://registry.npmjs.org/array.prototype.flatmap/-/array.prototype.flatmap-1.3.3.tgz 0ms (cache hit)
2230 http cache resolve@https://registry.npmjs.org/resolve/-/resolve-2.0.0-next.6.tgz 0ms (cache hit)
2231 http cache is-core-module@https://registry.npmjs.org/is-core-module/-/is-core-module-2.16.1.tgz 0ms (cache hit)
2232 http cache @nolyfill/is-core-module@https://registry.npmjs.org/@nolyfill/is-core-module/-/is-core-module-1.0.39.tgz 0ms (cache hit)
2233 http cache semver@https://registry.npmjs.org/semver/-/semver-7.7.4.tgz 0ms (cache hit)
2234 http cache @typescript-eslint/tsconfig-utils@https://registry.npmjs.org/@typescript-eslint/tsconfig-utils/-/tsconfig-utils-8.59.0.tgz 0ms (cache hit)
2235 http cache tinyglobby@https://registry.npmjs.org/tinyglobby/-/tinyglobby-0.2.16.tgz 0ms (cache hit)
2236 http cache @typescript-eslint/types@https://registry.npmjs.org/@typescript-eslint/types/-/types-8.59.0.tgz 0ms (cache hit)
2237 http cache object.values@https://registry.npmjs.org/object.values/-/object.values-1.2.1.tgz 0ms (cache hit)
2238 http cache @typescript-eslint/typescript-estree@https://registry.npmjs.org/@typescript-eslint/typescript-estree/-/typescript-estree-8.59.0.tgz 0ms (cache hit)
2239 http cache @typescript-eslint/project-service@https://registry.npmjs.org/@typescript-eslint/project-service/-/project-service-8.59.0.tgz 0ms (cache hit)
2240 http cache @typescript-eslint/utils@https://registry.npmjs.org/@typescript-eslint/utils/-/utils-8.59.0.tgz 0ms (cache hit)
2241 http cache ts-api-utils@https://registry.npmjs.org/ts-api-utils/-/ts-api-utils-2.5.0.tgz 0ms (cache hit)
2242 http cache @typescript-eslint/visitor-keys@https://registry.npmjs.org/@typescript-eslint/visitor-keys/-/visitor-keys-8.59.0.tgz 0ms (cache hit)
2243 http cache @typescript-eslint/scope-manager@https://registry.npmjs.org/@typescript-eslint/scope-manager/-/scope-manager-8.59.0.tgz 0ms (cache hit)
2244 http cache eslint-plugin-jsx-a11y@https://registry.npmjs.org/eslint-plugin-jsx-a11y/-/eslint-plugin-jsx-a11y-6.10.2.tgz 0ms (cache hit)
2245 http cache eslint-plugin-react-hooks@https://registry.npmjs.org/eslint-plugin-react-hooks/-/eslint-plugin-react-hooks-5.2.0.tgz 0ms (cache hit)
2246 http cache eslint-import-resolver-typescript@https://registry.npmjs.org/eslint-import-resolver-typescript/-/eslint-import-resolver-typescript-3.10.1.tgz 0ms (cache hit)
2247 http cache @typescript-eslint/type-utils@https://registry.npmjs.org/@typescript-eslint/type-utils/-/type-utils-8.59.0.tgz 0ms (cache hit)
2248 http cache eslint-plugin-import@https://registry.npmjs.org/eslint-plugin-import/-/eslint-plugin-import-2.32.0.tgz 0ms (cache hit)
2249 http cache @rushstack/eslint-patch@https://registry.npmjs.org/@rushstack/eslint-patch/-/eslint-patch-1.16.1.tgz 0ms (cache hit)
2250 http cache fast-glob@https://registry.npmjs.org/fast-glob/-/fast-glob-3.3.1.tgz 0ms (cache hit)
2251 http cache eslint-import-resolver-node@https://registry.npmjs.org/eslint-import-resolver-node/-/eslint-import-resolver-node-0.3.10.tgz 0ms (cache hit)
2252 http cache @next/eslint-plugin-next@https://registry.npmjs.org/@next/eslint-plugin-next/-/eslint-plugin-next-15.0.3.tgz 0ms (cache hit)
2253 http cache @typescript-eslint/eslint-plugin@https://registry.npmjs.org/@typescript-eslint/eslint-plugin/-/eslint-plugin-8.59.0.tgz 0ms (cache hit)
2254 http cache eslint-plugin-react@https://registry.npmjs.org/eslint-plugin-react/-/eslint-plugin-react-7.37.5.tgz 0ms (cache hit)
2255 http cache ms@https://registry.npmjs.org/ms/-/ms-2.1.3.tgz 0ms (cache hit)
2256 http cache color-convert@https://registry.npmjs.org/color-convert/-/color-convert-2.0.1.tgz 0ms (cache hit)
2257 http cache @typescript-eslint/parser@https://registry.npmjs.org/@typescript-eslint/parser/-/parser-8.59.0.tgz 0ms (cache hit)
2258 http cache path-key@https://registry.npmjs.org/path-key/-/path-key-3.1.1.tgz 0ms (cache hit)
2259 http cache shebang-command@https://registry.npmjs.org/shebang-command/-/shebang-command-2.0.0.tgz 0ms (cache hit)
2260 http cache which@https://registry.npmjs.org/which/-/which-2.0.2.tgz 0ms (cache hit)
2261 http cache supports-color@https://registry.npmjs.org/supports-color/-/supports-color-7.2.0.tgz 0ms (cache hit)
2262 http cache uri-js@https://registry.npmjs.org/uri-js/-/uri-js-4.4.1.tgz 0ms (cache hit)
2263 http cache json-schema-traverse@https://registry.npmjs.org/json-schema-traverse/-/json-schema-traverse-0.4.1.tgz 0ms (cache hit)
2264 http cache ansi-styles@https://registry.npmjs.org/ansi-styles/-/ansi-styles-4.3.0.tgz 0ms (cache hit)
2265 http cache color-name@https://registry.npmjs.org/color-name/-/color-name-1.1.4.tgz 0ms (cache hit)
2266 http cache @humanfs/types@https://registry.npmjs.org/@humanfs/types/-/types-0.15.0.tgz 0ms (cache hit)
2267 http cache @humanfs/core@https://registry.npmjs.org/@humanfs/core/-/core-0.19.2.tgz 0ms (cache hit)
2268 http cache fast-json-stable-stringify@https://registry.npmjs.org/fast-json-stable-stringify/-/fast-json-stable-stringify-2.1.0.tgz 0ms (cache hit)
2269 http cache js-yaml@https://registry.npmjs.org/js-yaml/-/js-yaml-4.1.1.tgz 0ms (cache hit)
2270 http cache import-fresh@https://registry.npmjs.org/import-fresh/-/import-fresh-3.3.1.tgz 0ms (cache hit)
2271 http cache optionator@https://registry.npmjs.org/optionator/-/optionator-0.9.4.tgz 0ms (cache hit)
2272 http cache levn@https://registry.npmjs.org/levn/-/levn-0.4.1.tgz 0ms (cache hit)
2273 http cache @eslint/object-schema@https://registry.npmjs.org/@eslint/object-schema/-/object-schema-2.1.7.tgz 0ms (cache hit)
2274 http cache globals@https://registry.npmjs.org/globals/-/globals-14.0.0.tgz 0ms (cache hit)
2275 http cache minimatch@https://registry.npmjs.org/minimatch/-/minimatch-3.1.5.tgz 0ms (cache hit)
2276 http cache lodash.merge@https://registry.npmjs.org/lodash.merge/-/lodash.merge-4.6.2.tgz 0ms (cache hit)
2277 http cache natural-compare@https://registry.npmjs.org/natural-compare/-/natural-compare-1.4.0.tgz 0ms (cache hit)
2278 http cache strip-json-comments@https://registry.npmjs.org/strip-json-comments/-/strip-json-comments-3.1.1.tgz 0ms (cache hit)
2279 http cache is-glob@https://registry.npmjs.org/is-glob/-/is-glob-4.0.3.tgz 0ms (cache hit)
2280 http cache text-table@https://registry.npmjs.org/text-table/-/text-table-0.2.0.tgz 0ms (cache hit)
2281 http cache json-stable-stringify-without-jsonify@https://registry.npmjs.org/json-stable-stringify-without-jsonify/-/json-stable-stringify-without-jsonify-1.0.1.tgz 0ms (cache hit)
2282 http cache glob-parent@https://registry.npmjs.org/glob-parent/-/glob-parent-6.0.2.tgz 0ms (cache hit)
2283 http cache file-entry-cache@https://registry.npmjs.org/file-entry-cache/-/file-entry-cache-8.0.0.tgz 0ms (cache hit)
2284 http cache find-up@https://registry.npmjs.org/find-up/-/find-up-5.0.0.tgz 0ms (cache hit)
2285 http cache ignore@https://registry.npmjs.org/ignore/-/ignore-5.3.2.tgz 0ms (cache hit)
2286 http cache imurmurhash@https://registry.npmjs.org/imurmurhash/-/imurmurhash-0.1.4.tgz 0ms (cache hit)
2287 http cache esquery@https://registry.npmjs.org/esquery/-/esquery-1.7.0.tgz 0ms (cache hit)
2288 http cache esutils@https://registry.npmjs.org/esutils/-/esutils-2.0.3.tgz 0ms (cache hit)
2289 http cache escape-string-regexp@https://registry.npmjs.org/escape-string-regexp/-/escape-string-regexp-4.0.0.tgz 0ms (cache hit)
2290 http cache eslint-visitor-keys@https://registry.npmjs.org/eslint-visitor-keys/-/eslint-visitor-keys-4.2.1.tgz 0ms (cache hit)
2291 http cache fast-deep-equal@https://registry.npmjs.org/fast-deep-equal/-/fast-deep-equal-3.1.3.tgz 0ms (cache hit)
2292 http cache espree@https://registry.npmjs.org/espree/-/espree-10.4.0.tgz 0ms (cache hit)
2293 http cache eslint-scope@https://registry.npmjs.org/eslint-scope/-/eslint-scope-8.4.0.tgz 0ms (cache hit)
2294 http cache debug@https://registry.npmjs.org/debug/-/debug-4.4.3.tgz 0ms (cache hit)
2295 http cache cross-spawn@https://registry.npmjs.org/cross-spawn/-/cross-spawn-7.0.6.tgz 0ms (cache hit)
2296 http cache @types/estree@https://registry.npmjs.org/@types/estree/-/estree-1.0.8.tgz 0ms (cache hit)
2297 http cache chalk@https://registry.npmjs.org/chalk/-/chalk-4.1.2.tgz 0ms (cache hit)
2298 http cache ajv@https://registry.npmjs.org/ajv/-/ajv-6.14.0.tgz 0ms (cache hit)
2299 http cache @eslint/js@https://registry.npmjs.org/@eslint/js/-/js-9.14.0.tgz 0ms (cache hit)
2300 http cache @types/json-schema@https://registry.npmjs.org/@types/json-schema/-/json-schema-7.0.15.tgz 0ms (cache hit)
2301 http cache @humanfs/node@https://registry.npmjs.org/@humanfs/node/-/node-0.16.8.tgz 0ms (cache hit)
2302 http cache @eslint/eslintrc@https://registry.npmjs.org/@eslint/eslintrc/-/eslintrc-3.3.5.tgz 0ms (cache hit)
2303 http cache @eslint-community/regexpp@https://registry.npmjs.org/@eslint-community/regexpp/-/regexpp-4.12.2.tgz 0ms (cache hit)
2304 http cache @humanwhocodes/retry@https://registry.npmjs.org/@humanwhocodes/retry/-/retry-0.4.3.tgz 0ms (cache hit)
2305 http cache @humanwhocodes/module-importer@https://registry.npmjs.org/@humanwhocodes/module-importer/-/module-importer-1.0.1.tgz 0ms (cache hit)
2306 http cache @eslint/core@https://registry.npmjs.org/@eslint/core/-/core-0.7.0.tgz 0ms (cache hit)
2307 http cache @eslint/plugin-kit@https://registry.npmjs.org/@eslint/plugin-kit/-/plugin-kit-0.2.8.tgz 0ms (cache hit)
2308 http cache @eslint-community/eslint-utils@https://registry.npmjs.org/@eslint-community/eslint-utils/-/eslint-utils-4.9.1.tgz 0ms (cache hit)
2309 http cache undici-types@https://registry.npmjs.org/undici-types/-/undici-types-6.19.8.tgz 0ms (cache hit)
2310 http cache csstype@https://registry.npmjs.org/csstype/-/csstype-3.2.3.tgz 0ms (cache hit)
2311 http cache react-dom@https://registry.npmjs.org/react-dom/-/react-dom-18.3.1.tgz 0ms (cache hit)
2312 http cache next@https://registry.npmjs.org/next/-/next-15.0.3.tgz 0ms (cache hit)
2313 http cache typescript@https://registry.npmjs.org/typescript/-/typescript-5.6.3.tgz 0ms (cache hit)
2314 http cache @types/prop-types@https://registry.npmjs.org/@types/prop-types/-/prop-types-15.7.15.tgz 0ms (cache hit)
2315 http cache eslint-config-next@https://registry.npmjs.org/eslint-config-next/-/eslint-config-next-15.0.3.tgz 0ms (cache hit)
2316 http cache react@https://registry.npmjs.org/react/-/react-18.3.1.tgz 0ms (cache hit)
2317 http cache lucide-react@https://registry.npmjs.org/lucide-react/-/lucide-react-0.462.0.tgz 0ms (cache hit)
2318 http cache eslint@https://registry.npmjs.org/eslint/-/eslint-9.14.0.tgz 0ms (cache hit)
2319 http cache @eslint/config-array@https://registry.npmjs.org/@eslint/config-array/-/config-array-0.18.0.tgz 0ms (cache hit)
2320 http cache @types/react-dom@https://registry.npmjs.org/@types/react-dom/-/react-dom-18.3.1.tgz 0ms (cache hit)
2321 http cache picomatch@https://registry.npmjs.org/picomatch/-/picomatch-4.0.4.tgz 0ms (cache hit)
2322 http cache @types/node@https://registry.npmjs.org/@types/node/-/node-22.9.0.tgz 0ms (cache hit)
2323 http cache semver@https://registry.npmjs.org/semver/-/semver-6.3.1.tgz 0ms (cache hit)
2324 http cache fdir@https://registry.npmjs.org/fdir/-/fdir-6.5.0.tgz 0ms (cache hit)
2325 http cache balanced-match@https://registry.npmjs.org/balanced-match/-/balanced-match-4.0.4.tgz 0ms (cache hit)
2326 http cache debug@https://registry.npmjs.org/debug/-/debug-3.2.7.tgz 0ms (cache hit)
2327 http cache @types/react@https://registry.npmjs.org/@types/react/-/react-18.3.12.tgz 0ms (cache hit)
2328 http cache minimatch@https://registry.npmjs.org/minimatch/-/minimatch-10.2.5.tgz 0ms (cache hit)
2329 http cache brace-expansion@https://registry.npmjs.org/brace-expansion/-/brace-expansion-5.0.5.tgz 0ms (cache hit)
2330 http cache glob-parent@https://registry.npmjs.org/glob-parent/-/glob-parent-5.1.2.tgz 0ms (cache hit)
2331 http cache eslint-visitor-keys@https://registry.npmjs.org/eslint-visitor-keys/-/eslint-visitor-keys-5.0.1.tgz 0ms (cache hit)
2332 http cache semver@https://registry.npmjs.org/semver/-/semver-6.3.1.tgz 0ms (cache hit)
2333 http cache debug@https://registry.npmjs.org/debug/-/debug-3.2.7.tgz 0ms (cache hit)
2334 http cache debug@https://registry.npmjs.org/debug/-/debug-3.2.7.tgz 0ms (cache hit)
2335 http cache semver@https://registry.npmjs.org/semver/-/semver-6.3.1.tgz 0ms (cache hit)
2336 silly tarball no local data for is-weakmap@https://registry.npmjs.org/is-weakmap/-/is-weakmap-2.0.2.tgz. Extracting by manifest.
2337 http cache ignore@https://registry.npmjs.org/ignore/-/ignore-7.0.5.tgz 0ms (cache hit)
2338 silly tarball no local data for generator-function@https://registry.npmjs.org/generator-function/-/generator-function-2.0.1.tgz. Extracting by manifest.
2339 silly tarball no local data for which-collection@https://registry.npmjs.org/which-collection/-/which-collection-1.0.2.tgz. Extracting by manifest.
2340 silly tarball no local data for is-finalizationregistry@https://registry.npmjs.org/is-finalizationregistry/-/is-finalizationregistry-1.1.1.tgz. Extracting by manifest.
2341 silly tarball no local data for async-function@https://registry.npmjs.org/async-function/-/async-function-1.0.0.tgz. Extracting by manifest.
2342 silly tarball no local data for is-async-function@https://registry.npmjs.org/is-async-function/-/is-async-function-2.1.1.tgz. Extracting by manifest.
2343 silly tarball no local data for is-number-object@https://registry.npmjs.org/is-number-object/-/is-number-object-1.1.1.tgz. Extracting by manifest.
2344 silly tarball no local data for is-weakset@https://registry.npmjs.org/is-weakset/-/is-weakset-2.0.4.tgz. Extracting by manifest.
2345 silly tarball no local data for is-generator-function@https://registry.npmjs.org/is-generator-function/-/is-generator-function-1.1.2.tgz. Extracting by manifest.
2346 silly tarball no local data for is-boolean-object@https://registry.npmjs.org/is-boolean-object/-/is-boolean-object-1.2.2.tgz. Extracting by manifest.
2347 silly tarball no local data for is-bigint@https://registry.npmjs.org/is-bigint/-/is-bigint-1.1.0.tgz. Extracting by manifest.
2348 silly tarball no local data for isexe@https://registry.npmjs.org/isexe/-/isexe-2.0.0.tgz. Extracting by manifest.
2349 silly tarball no local data for is-map@https://registry.npmjs.org/is-map/-/is-map-2.0.3.tgz. Extracting by manifest.
2350 silly tarball no local data for punycode@https://registry.npmjs.org/punycode/-/punycode-2.3.1.tgz. Extracting by manifest.
2351 http cache eslint-visitor-keys@https://registry.npmjs.org/eslint-visitor-keys/-/eslint-visitor-keys-3.4.3.tgz 0ms (cache hit)
2352 silly tarball no local data for napi-postinstall@https://registry.npmjs.org/napi-postinstall/-/napi-postinstall-0.3.4.tgz. Extracting by manifest.
2353 silly tarball no local data for which-builtin-type@https://registry.npmjs.org/which-builtin-type/-/which-builtin-type-1.2.1.tgz. Extracting by manifest.
2354 silly tarball no local data for which-boxed-primitive@https://registry.npmjs.org/which-boxed-primitive/-/which-boxed-primitive-1.1.1.tgz. Extracting by manifest.
2355 http cache @eslint/core@https://registry.npmjs.org/@eslint/core/-/core-0.13.0.tgz 0ms (cache hit)
2356 silly tarball no local data for for-each@https://registry.npmjs.org/for-each/-/for-each-0.3.5.tgz. Extracting by manifest.
2357 silly tarball no local data for reflect.getprototypeof@https://registry.npmjs.org/reflect.getprototypeof/-/reflect.getprototypeof-1.0.10.tgz. Extracting by manifest.
2358 silly tarball no local data for @unrs/resolver-binding-darwin-arm64@https://registry.npmjs.org/@unrs/resolver-binding-darwin-arm64/-/resolver-binding-darwin-arm64-1.11.1.tgz. Extracting by manifest.
2359 silly tarball no local data for @types/json5@https://registry.npmjs.org/@types/json5/-/json5-0.0.29.tgz. Extracting by manifest.
2360 silly tarball no local data for json5@https://registry.npmjs.org/json5/-/json5-1.0.2.tgz. Extracting by manifest.
2361 silly tarball no local data for strip-bom@https://registry.npmjs.org/strip-bom/-/strip-bom-3.0.0.tgz. Extracting by manifest.
2362 silly tarball no local data for has-flag@https://registry.npmjs.org/has-flag/-/has-flag-4.0.0.tgz. Extracting by manifest.
2363 silly tarball no local data for is-arrayish@https://registry.npmjs.org/is-arrayish/-/is-arrayish-0.3.4.tgz. Extracting by manifest.
2364 silly tarball no local data for side-channel-weakmap@https://registry.npmjs.org/side-channel-weakmap/-/side-channel-weakmap-1.0.2.tgz. Extracting by manifest.
2365 silly tarball no local data for minimist@https://registry.npmjs.org/minimist/-/minimist-1.2.8.tgz. Extracting by manifest.
2366 silly tarball no local data for is-number@https://registry.npmjs.org/is-number/-/is-number-7.0.0.tgz. Extracting by manifest.
2367 silly tarball no local data for has-bigints@https://registry.npmjs.org/has-bigints/-/has-bigints-1.1.0.tgz. Extracting by manifest.
2368 silly tarball no local data for side-channel-map@https://registry.npmjs.org/side-channel-map/-/side-channel-map-1.0.1.tgz. Extracting by manifest.
2369 silly tarball no local data for client-only@https://registry.npmjs.org/client-only/-/client-only-0.0.1.tgz. Extracting by manifest.
2370 silly tarball no local data for simple-swizzle@https://registry.npmjs.org/simple-swizzle/-/simple-swizzle-0.2.4.tgz. Extracting by manifest.
2371 silly tarball no local data for side-channel-list@https://registry.npmjs.org/side-channel-list/-/side-channel-list-1.0.1.tgz. Extracting by manifest.
2372 silly tarball no local data for color-string@https://registry.npmjs.org/color-string/-/color-string-1.9.1.tgz. Extracting by manifest.
2373 silly tarball no local data for color@https://registry.npmjs.org/color/-/color-4.2.3.tgz. Extracting by manifest.
2374 silly tarball no local data for @emnapi/runtime@https://registry.npmjs.org/@emnapi/runtime/-/runtime-1.10.0.tgz. Extracting by manifest.
2375 silly tarball no local data for shebang-regex@https://registry.npmjs.org/shebang-regex/-/shebang-regex-3.0.0.tgz. Extracting by manifest.
2376 silly tarball no local data for detect-libc@https://registry.npmjs.org/detect-libc/-/detect-libc-2.1.2.tgz. Extracting by manifest.
2377 silly tarball no local data for @img/sharp-libvips-darwin-arm64@https://registry.npmjs.org/@img/sharp-libvips-darwin-arm64/-/sharp-libvips-darwin-arm64-1.0.4.tgz. Extracting by manifest.
2378 silly tarball no local data for path-parse@https://registry.npmjs.org/path-parse/-/path-parse-1.0.7.tgz. Extracting by manifest.
2379 silly tarball no local data for @img/sharp-darwin-arm64@https://registry.npmjs.org/@img/sharp-darwin-arm64/-/sharp-darwin-arm64-0.33.5.tgz. Extracting by manifest.
2380 silly tarball no local data for node-exports-info@https://registry.npmjs.org/node-exports-info/-/node-exports-info-1.6.0.tgz. Extracting by manifest.
2381 silly tarball no local data for supports-preserve-symlinks-flag@https://registry.npmjs.org/supports-preserve-symlinks-flag/-/supports-preserve-symlinks-flag-1.0.0.tgz. Extracting by manifest.
2382 silly tarball no local data for isarray@https://registry.npmjs.org/isarray/-/isarray-2.0.5.tgz. Extracting by manifest.
2383 silly tarball no local data for queue-microtask@https://registry.npmjs.org/queue-microtask/-/queue-microtask-1.2.3.tgz. Extracting by manifest.
2384 silly tarball no local data for scheduler@https://registry.npmjs.org/scheduler/-/scheduler-0.23.2.tgz. Extracting by manifest.
2385 silly tarball no local data for object-assign@https://registry.npmjs.org/object-assign/-/object-assign-4.1.1.tgz. Extracting by manifest.
2386 silly tarball no local data for js-tokens@https://registry.npmjs.org/js-tokens/-/js-tokens-4.0.0.tgz. Extracting by manifest.
2387 silly tarball no local data for react-is@https://registry.npmjs.org/react-is/-/react-is-16.13.1.tgz. Extracting by manifest.
2388 silly tarball no local data for nanoid@https://registry.npmjs.org/nanoid/-/nanoid-3.3.11.tgz. Extracting by manifest.
2389 silly tarball no local data for source-map-js@https://registry.npmjs.org/source-map-js/-/source-map-js-1.2.1.tgz. Extracting by manifest.
2390 silly tarball no local data for yocto-queue@https://registry.npmjs.org/yocto-queue/-/yocto-queue-0.1.0.tgz. Extracting by manifest.
2391 silly tarball no local data for picocolors@https://registry.npmjs.org/picocolors/-/picocolors-1.1.1.tgz. Extracting by manifest.
2392 silly tarball no local data for loose-envify@https://registry.npmjs.org/loose-envify/-/loose-envify-1.4.0.tgz. Extracting by manifest.
2393 silly tarball no local data for p-limit@https://registry.npmjs.org/p-limit/-/p-limit-3.1.0.tgz. Extracting by manifest.
2394 silly tarball no local data for word-wrap@https://registry.npmjs.org/word-wrap/-/word-wrap-1.2.5.tgz. Extracting by manifest.
2395 silly tarball no local data for tslib@https://registry.npmjs.org/tslib/-/tslib-2.8.1.tgz. Extracting by manifest.
2396 silly tarball no local data for deep-is@https://registry.npmjs.org/deep-is/-/deep-is-0.1.4.tgz. Extracting by manifest.
2397 silly tarball no local data for fast-levenshtein@https://registry.npmjs.org/fast-levenshtein/-/fast-levenshtein-2.0.6.tgz. Extracting by manifest.
2398 silly tarball no local data for streamsearch@https://registry.npmjs.org/streamsearch/-/streamsearch-1.1.0.tgz. Extracting by manifest.
2399 silly tarball no local data for callsites@https://registry.npmjs.org/callsites/-/callsites-3.1.0.tgz. Extracting by manifest.
2400 silly tarball no local data for sharp@https://registry.npmjs.org/sharp/-/sharp-0.33.5.tgz. Extracting by manifest.
2401 silly tarball no local data for styled-jsx@https://registry.npmjs.org/styled-jsx/-/styled-jsx-5.1.6.tgz. Extracting by manifest.
2402 silly tarball no local data for caniuse-lite@https://registry.npmjs.org/caniuse-lite/-/caniuse-lite-1.0.30001788.tgz. Extracting by manifest.
2403 silly tarball no local data for busboy@https://registry.npmjs.org/busboy/-/busboy-1.6.0.tgz. Extracting by manifest.
2404 silly tarball no local data for postcss@https://registry.npmjs.org/postcss/-/postcss-8.4.31.tgz. Extracting by manifest.
2405 silly tarball no local data for @swc/helpers@https://registry.npmjs.org/@swc/helpers/-/helpers-0.5.13.tgz. Extracting by manifest.
2406 silly tarball no local data for concat-map@https://registry.npmjs.org/concat-map/-/concat-map-0.0.1.tgz. Extracting by manifest.
2407 silly tarball no local data for @next/env@https://registry.npmjs.org/@next/env/-/env-15.0.3.tgz. Extracting by manifest.
2408 silly tarball no local data for @next/swc-darwin-arm64@https://registry.npmjs.org/@next/swc-darwin-arm64/-/swc-darwin-arm64-15.0.3.tgz. Extracting by manifest.
2409 silly tarball no local data for balanced-match@https://registry.npmjs.org/balanced-match/-/balanced-match-1.0.2.tgz. Extracting by manifest.
2410 silly tarball no local data for fill-range@https://registry.npmjs.org/fill-range/-/fill-range-7.1.1.tgz. Extracting by manifest.
2411 silly tarball no local data for to-regex-range@https://registry.npmjs.org/to-regex-range/-/to-regex-range-5.0.1.tgz. Extracting by manifest.
2412 silly tarball no local data for @swc/counter@https://registry.npmjs.org/@swc/counter/-/counter-0.1.3.tgz. Extracting by manifest.
2413 silly tarball no local data for brace-expansion@https://registry.npmjs.org/brace-expansion/-/brace-expansion-1.1.14.tgz. Extracting by manifest.
2414 silly tarball no local data for braces@https://registry.npmjs.org/braces/-/braces-3.0.3.tgz. Extracting by manifest.
2415 silly tarball no local data for p-locate@https://registry.npmjs.org/p-locate/-/p-locate-5.0.0.tgz. Extracting by manifest.
2416 silly tarball no local data for prelude-ls@https://registry.npmjs.org/prelude-ls/-/prelude-ls-1.2.1.tgz. Extracting by manifest.
2417 silly tarball no local data for picomatch@https://registry.npmjs.org/picomatch/-/picomatch-2.3.2.tgz. Extracting by manifest.
2418 silly tarball no local data for language-subtag-registry@https://registry.npmjs.org/language-subtag-registry/-/language-subtag-registry-0.3.23.tgz. Extracting by manifest.
2419 silly tarball no local data for is-extglob@https://registry.npmjs.org/is-extglob/-/is-extglob-2.1.1.tgz. Extracting by manifest.
2420 silly tarball no local data for type-check@https://registry.npmjs.org/type-check/-/type-check-0.4.0.tgz. Extracting by manifest.
2421 silly tarball no local data for set-function-name@https://registry.npmjs.org/set-function-name/-/set-function-name-2.0.2.tgz. Extracting by manifest.
2422 silly tarball no local data for json-buffer@https://registry.npmjs.org/json-buffer/-/json-buffer-3.0.1.tgz. Extracting by manifest.
2423 silly tarball no local data for resolve-from@https://registry.npmjs.org/resolve-from/-/resolve-from-4.0.0.tgz. Extracting by manifest.
2424 silly tarball no local data for parent-module@https://registry.npmjs.org/parent-module/-/parent-module-1.0.1.tgz. Extracting by manifest.
2425 silly tarball no local data for resolve-pkg-maps@https://registry.npmjs.org/resolve-pkg-maps/-/resolve-pkg-maps-1.0.0.tgz. Extracting by manifest.
2426 silly tarball no local data for functions-have-names@https://registry.npmjs.org/functions-have-names/-/functions-have-names-1.2.3.tgz. Extracting by manifest.
2427 silly tarball no local data for side-channel@https://registry.npmjs.org/side-channel/-/side-channel-1.1.0.tgz. Extracting by manifest.
2428 silly tarball no local data for keyv@https://registry.npmjs.org/keyv/-/keyv-4.5.4.tgz. Extracting by manifest.
2429 silly tarball no local data for path-exists@https://registry.npmjs.org/path-exists/-/path-exists-4.0.0.tgz. Extracting by manifest.
2430 silly tarball no local data for dunder-proto@https://registry.npmjs.org/dunder-proto/-/dunder-proto-1.0.1.tgz. Extracting by manifest.
2431 silly tarball no local data for flatted@https://registry.npmjs.org/flatted/-/flatted-3.4.2.tgz. Extracting by manifest.
2432 silly tarball no local data for reusify@https://registry.npmjs.org/reusify/-/reusify-1.1.0.tgz. Extracting by manifest.
2433 silly tarball no local data for flat-cache@https://registry.npmjs.org/flat-cache/-/flat-cache-4.0.1.tgz. Extracting by manifest.
2434 silly tarball no local data for argparse@https://registry.npmjs.org/argparse/-/argparse-2.0.1.tgz. Extracting by manifest.
2435 silly tarball no local data for locate-path@https://registry.npmjs.org/locate-path/-/locate-path-6.0.0.tgz. Extracting by manifest.
2436 silly tarball no local data for run-parallel@https://registry.npmjs.org/run-parallel/-/run-parallel-1.2.0.tgz. Extracting by manifest.
2437 silly tarball no local data for @nodelib/fs.scandir@https://registry.npmjs.org/@nodelib/fs.scandir/-/fs.scandir-2.1.5.tgz. Extracting by manifest.
2438 silly tarball no local data for @nodelib/fs.walk@https://registry.npmjs.org/@nodelib/fs.walk/-/fs.walk-1.2.8.tgz. Extracting by manifest.
2439 silly tarball no local data for merge2@https://registry.npmjs.org/merge2/-/merge2-1.4.1.tgz. Extracting by manifest.
2440 silly tarball no local data for micromatch@https://registry.npmjs.org/micromatch/-/micromatch-4.0.8.tgz. Extracting by manifest.
2441 silly tarball no local data for acorn-jsx@https://registry.npmjs.org/acorn-jsx/-/acorn-jsx-5.3.2.tgz. Extracting by manifest.
2442 silly tarball no local data for @nodelib/fs.stat@https://registry.npmjs.org/@nodelib/fs.stat/-/fs.stat-2.0.5.tgz. Extracting by manifest.
2443 silly tarball no local data for esrecurse@https://registry.npmjs.org/esrecurse/-/esrecurse-4.3.0.tgz. Extracting by manifest.
2444 silly tarball no local data for fastq@https://registry.npmjs.org/fastq/-/fastq-1.20.1.tgz. Extracting by manifest.
2445 silly tarball no local data for acorn@https://registry.npmjs.org/acorn/-/acorn-8.16.0.tgz. Extracting by manifest.
2446 silly tarball no local data for iterator.prototype@https://registry.npmjs.org/iterator.prototype/-/iterator.prototype-1.1.5.tgz. Extracting by manifest.
2447 silly tarball no local data for string.prototype.repeat@https://registry.npmjs.org/string.prototype.repeat/-/string.prototype.repeat-1.0.0.tgz. Extracting by manifest.
2448 silly tarball no local data for prop-types@https://registry.npmjs.org/prop-types/-/prop-types-15.8.1.tgz. Extracting by manifest.
2449 silly tarball no local data for estraverse@https://registry.npmjs.org/estraverse/-/estraverse-5.3.0.tgz. Extracting by manifest.
2450 silly tarball no local data for string.prototype.matchall@https://registry.npmjs.org/string.prototype.matchall/-/string.prototype.matchall-4.0.12.tgz. Extracting by manifest.
2451 silly tarball no local data for object.entries@https://registry.npmjs.org/object.entries/-/object.entries-1.1.9.tgz. Extracting by manifest.
2452 silly tarball no local data for string.prototype.includes@https://registry.npmjs.org/string.prototype.includes/-/string.prototype.includes-2.0.1.tgz. Extracting by manifest.
2453 silly tarball no local data for array.prototype.tosorted@https://registry.npmjs.org/array.prototype.tosorted/-/array.prototype.tosorted-1.1.4.tgz. Extracting by manifest.
2454 silly tarball no local data for array.prototype.findlast@https://registry.npmjs.org/array.prototype.findlast/-/array.prototype.findlast-1.2.5.tgz. Extracting by manifest.
2455 silly tarball no local data for language-tags@https://registry.npmjs.org/language-tags/-/language-tags-1.0.9.tgz. Extracting by manifest.
2456 silly tarball no local data for jsx-ast-utils@https://registry.npmjs.org/jsx-ast-utils/-/jsx-ast-utils-3.3.5.tgz. Extracting by manifest.
2457 silly tarball no local data for emoji-regex@https://registry.npmjs.org/emoji-regex/-/emoji-regex-9.2.2.tgz. Extracting by manifest.
2458 silly tarball no local data for damerau-levenshtein@https://registry.npmjs.org/damerau-levenshtein/-/damerau-levenshtein-1.0.8.tgz. Extracting by manifest.
2459 silly tarball no local data for axobject-query@https://registry.npmjs.org/axobject-query/-/axobject-query-4.1.0.tgz. Extracting by manifest.
2460 silly tarball no local data for ast-types-flow@https://registry.npmjs.org/ast-types-flow/-/ast-types-flow-0.0.8.tgz. Extracting by manifest.
2461 silly tarball no local data for aria-query@https://registry.npmjs.org/aria-query/-/aria-query-5.3.2.tgz. Extracting by manifest.
2462 silly tarball no local data for axe-core@https://registry.npmjs.org/axe-core/-/axe-core-4.11.3.tgz. Extracting by manifest.
2463 silly tarball no local data for is-date-object@https://registry.npmjs.org/is-date-object/-/is-date-object-1.1.0.tgz. Extracting by manifest.
2464 silly tarball no local data for es-iterator-helpers@https://registry.npmjs.org/es-iterator-helpers/-/es-iterator-helpers-1.3.2.tgz. Extracting by manifest.
2465 silly tarball no local data for which-typed-array@https://registry.npmjs.org/which-typed-array/-/which-typed-array-1.1.20.tgz. Extracting by manifest.
2466 silly tarball no local data for possible-typed-array-names@https://registry.npmjs.org/possible-typed-array-names/-/possible-typed-array-names-1.1.0.tgz. Extracting by manifest.
2467 silly tarball no local data for is-symbol@https://registry.npmjs.org/is-symbol/-/is-symbol-1.1.1.tgz. Extracting by manifest.
2468 silly tarball no local data for typed-array-length@https://registry.npmjs.org/typed-array-length/-/typed-array-length-1.0.7.tgz. Extracting by manifest.
2469 silly tarball no local data for has-tostringtag@https://registry.npmjs.org/has-tostringtag/-/has-tostringtag-1.0.2.tgz. Extracting by manifest.
2470 silly tarball no local data for unbox-primitive@https://registry.npmjs.org/unbox-primitive/-/unbox-primitive-1.1.0.tgz. Extracting by manifest.
2471 silly tarball no local data for typed-array-byte-offset@https://registry.npmjs.org/typed-array-byte-offset/-/typed-array-byte-offset-1.0.4.tgz. Extracting by manifest.
2472 silly tarball no local data for typed-array-byte-length@https://registry.npmjs.org/typed-array-byte-length/-/typed-array-byte-length-1.0.3.tgz. Extracting by manifest.
2473 silly tarball no local data for string.prototype.trimstart@https://registry.npmjs.org/string.prototype.trimstart/-/string.prototype.trimstart-1.0.8.tgz. Extracting by manifest.
2474 silly tarball no local data for set-proto@https://registry.npmjs.org/set-proto/-/set-proto-1.0.0.tgz. Extracting by manifest.
2475 silly tarball no local data for safe-regex-test@https://registry.npmjs.org/safe-regex-test/-/safe-regex-test-1.1.0.tgz. Extracting by manifest.
2476 silly tarball no local data for stop-iteration-iterator@https://registry.npmjs.org/stop-iteration-iterator/-/stop-iteration-iterator-1.1.0.tgz. Extracting by manifest.
2477 silly tarball no local data for safe-push-apply@https://registry.npmjs.org/safe-push-apply/-/safe-push-apply-1.0.0.tgz. Extracting by manifest.
2478 silly tarball no local data for typed-array-buffer@https://registry.npmjs.org/typed-array-buffer/-/typed-array-buffer-1.0.3.tgz. Extracting by manifest.
2479 silly tarball no local data for string.prototype.trim@https://registry.npmjs.org/string.prototype.trim/-/string.prototype.trim-1.2.10.tgz. Extracting by manifest.
2480 silly tarball no local data for regexp.prototype.flags@https://registry.npmjs.org/regexp.prototype.flags/-/regexp.prototype.flags-1.5.4.tgz. Extracting by manifest.
2481 silly tarball no local data for object-inspect@https://registry.npmjs.org/object-inspect/-/object-inspect-1.13.4.tgz. Extracting by manifest.
2482 silly tarball no local data for safe-array-concat@https://registry.npmjs.org/safe-array-concat/-/safe-array-concat-1.1.4.tgz. Extracting by manifest.
2483 silly tarball no local data for object.assign@https://registry.npmjs.org/object.assign/-/object.assign-4.1.7.tgz. Extracting by manifest.
2484 silly tarball no local data for is-weakref@https://registry.npmjs.org/is-weakref/-/is-weakref-1.1.1.tgz. Extracting by manifest.
2485 silly tarball no local data for is-set@https://registry.npmjs.org/is-set/-/is-set-2.0.3.tgz. Extracting by manifest.
2486 silly tarball no local data for is-typed-array@https://registry.npmjs.org/is-typed-array/-/is-typed-array-1.1.15.tgz. Extracting by manifest.
2487 silly tarball no local data for is-regex@https://registry.npmjs.org/is-regex/-/is-regex-1.2.1.tgz. Extracting by manifest.
2488 silly tarball no local data for is-negative-zero@https://registry.npmjs.org/is-negative-zero/-/is-negative-zero-2.0.3.tgz. Extracting by manifest.
2489 silly tarball no local data for is-data-view@https://registry.npmjs.org/is-data-view/-/is-data-view-1.0.2.tgz. Extracting by manifest.
2490 silly tarball no local data for is-callable@https://registry.npmjs.org/is-callable/-/is-callable-1.2.7.tgz. Extracting by manifest.
2491 silly tarball no local data for own-keys@https://registry.npmjs.org/own-keys/-/own-keys-1.0.1.tgz. Extracting by manifest.
2492 silly tarball no local data for internal-slot@https://registry.npmjs.org/internal-slot/-/internal-slot-1.1.0.tgz. Extracting by manifest.
2493 silly tarball no local data for has-symbols@https://registry.npmjs.org/has-symbols/-/has-symbols-1.1.0.tgz. Extracting by manifest.
2494 silly tarball no local data for is-array-buffer@https://registry.npmjs.org/is-array-buffer/-/is-array-buffer-3.0.5.tgz. Extracting by manifest.
2495 silly tarball no local data for is-shared-array-buffer@https://registry.npmjs.org/is-shared-array-buffer/-/is-shared-array-buffer-1.0.4.tgz. Extracting by manifest.
2496 silly tarball no local data for has-proto@https://registry.npmjs.org/has-proto/-/has-proto-1.2.0.tgz. Extracting by manifest.
2497 silly tarball no local data for get-symbol-description@https://registry.npmjs.org/get-symbol-description/-/get-symbol-description-1.1.0.tgz. Extracting by manifest.
2498 silly tarball no local data for function.prototype.name@https://registry.npmjs.org/function.prototype.name/-/function.prototype.name-1.1.8.tgz. Extracting by manifest.
2499 silly tarball no local data for es-set-tostringtag@https://registry.npmjs.org/es-set-tostringtag/-/es-set-tostringtag-2.1.0.tgz. Extracting by manifest.
2500 silly tarball no local data for data-view-byte-length@https://registry.npmjs.org/data-view-byte-length/-/data-view-byte-length-1.0.2.tgz. Extracting by manifest.
2501 silly tarball no local data for get-proto@https://registry.npmjs.org/get-proto/-/get-proto-1.0.1.tgz. Extracting by manifest.
2502 silly tarball no local data for es-to-primitive@https://registry.npmjs.org/es-to-primitive/-/es-to-primitive-1.3.0.tgz. Extracting by manifest.
2503 silly tarball no local data for data-view-buffer@https://registry.npmjs.org/data-view-buffer/-/data-view-buffer-1.0.2.tgz. Extracting by manifest.
2504 silly tarball no local data for arraybuffer.prototype.slice@https://registry.npmjs.org/arraybuffer.prototype.slice/-/arraybuffer.prototype.slice-1.0.4.tgz. Extracting by manifest.
2505 silly tarball no local data for object-keys@https://registry.npmjs.org/object-keys/-/object-keys-1.1.1.tgz. Extracting by manifest.
2506 silly tarball no local data for globalthis@https://registry.npmjs.org/globalthis/-/globalthis-1.0.4.tgz. Extracting by manifest.
2507 silly tarball no local data for available-typed-arrays@https://registry.npmjs.org/available-typed-arrays/-/available-typed-arrays-1.0.7.tgz. Extracting by manifest.
2508 silly tarball no local data for has-property-descriptors@https://registry.npmjs.org/has-property-descriptors/-/has-property-descriptors-1.0.2.tgz. Extracting by manifest.
2509 silly tarball no local data for data-view-byte-offset@https://registry.npmjs.org/data-view-byte-offset/-/data-view-byte-offset-1.0.1.tgz. Extracting by manifest.
2510 silly tarball no local data for array-buffer-byte-length@https://registry.npmjs.org/array-buffer-byte-length/-/array-buffer-byte-length-1.0.2.tgz. Extracting by manifest.
2511 silly tarball no local data for define-data-property@https://registry.npmjs.org/define-data-property/-/define-data-property-1.1.4.tgz. Extracting by manifest.
2512 silly tarball no local data for gopd@https://registry.npmjs.org/gopd/-/gopd-1.2.0.tgz. Extracting by manifest.
2513 silly tarball no local data for call-bind-apply-helpers@https://registry.npmjs.org/call-bind-apply-helpers/-/call-bind-apply-helpers-1.0.2.tgz. Extracting by manifest.
2514 silly tarball no local data for function-bind@https://registry.npmjs.org/function-bind/-/function-bind-1.1.2.tgz. Extracting by manifest.
2515 silly tarball no local data for set-function-length@https://registry.npmjs.org/set-function-length/-/set-function-length-1.2.2.tgz. Extracting by manifest.
2516 silly tarball no local data for math-intrinsics@https://registry.npmjs.org/math-intrinsics/-/math-intrinsics-1.1.0.tgz. Extracting by manifest.
2517 silly tarball no local data for es-define-property@https://registry.npmjs.org/es-define-property/-/es-define-property-1.0.1.tgz. Extracting by manifest.
2518 silly tarball no local data for es-errors@https://registry.npmjs.org/es-errors/-/es-errors-1.3.0.tgz. Extracting by manifest.
2519 silly tarball no local data for es-shim-unscopables@https://registry.npmjs.org/es-shim-unscopables/-/es-shim-unscopables-1.1.0.tgz. Extracting by manifest.
2520 silly tarball no local data for es-object-atoms@https://registry.npmjs.org/es-object-atoms/-/es-object-atoms-1.1.1.tgz. Extracting by manifest.
2521 silly tarball no local data for get-intrinsic@https://registry.npmjs.org/get-intrinsic/-/get-intrinsic-1.3.0.tgz. Extracting by manifest.
2522 silly tarball no local data for es-abstract@https://registry.npmjs.org/es-abstract/-/es-abstract-1.24.2.tgz. Extracting by manifest.
2523 silly tarball no local data for call-bind@https://registry.npmjs.org/call-bind/-/call-bind-1.0.9.tgz. Extracting by manifest.
2524 silly tarball no local data for is-string@https://registry.npmjs.org/is-string/-/is-string-1.1.1.tgz. Extracting by manifest.
2525 silly tarball no local data for call-bound@https://registry.npmjs.org/call-bound/-/call-bound-1.0.4.tgz. Extracting by manifest.
2526 silly tarball no local data for tsconfig-paths@https://registry.npmjs.org/tsconfig-paths/-/tsconfig-paths-3.15.0.tgz. Extracting by manifest.
2527 silly tarball no local data for define-properties@https://registry.npmjs.org/define-properties/-/define-properties-1.2.1.tgz. Extracting by manifest.
2528 silly tarball no local data for object.groupby@https://registry.npmjs.org/object.groupby/-/object.groupby-1.0.3.tgz. Extracting by manifest.
2529 silly tarball no local data for hasown@https://registry.npmjs.org/hasown/-/hasown-2.0.3.tgz. Extracting by manifest.
2530 silly tarball no local data for string.prototype.trimend@https://registry.npmjs.org/string.prototype.trimend/-/string.prototype.trimend-1.0.9.tgz. Extracting by manifest.
2531 silly tarball no local data for eslint-module-utils@https://registry.npmjs.org/eslint-module-utils/-/eslint-module-utils-2.12.1.tgz. Extracting by manifest.
2532 silly tarball no local data for doctrine@https://registry.npmjs.org/doctrine/-/doctrine-2.1.0.tgz. Extracting by manifest.
2533 silly tarball no local data for array-includes@https://registry.npmjs.org/array-includes/-/array-includes-3.1.9.tgz. Extracting by manifest.
2534 silly tarball no local data for array.prototype.findlastindex@https://registry.npmjs.org/array.prototype.findlastindex/-/array.prototype.findlastindex-1.2.6.tgz. Extracting by manifest.
2535 silly tarball no local data for object.fromentries@https://registry.npmjs.org/object.fromentries/-/object.fromentries-2.0.8.tgz. Extracting by manifest.
2536 silly tarball no local data for array.prototype.flat@https://registry.npmjs.org/array.prototype.flat/-/array.prototype.flat-1.3.3.tgz. Extracting by manifest.
2537 silly tarball no local data for @rtsao/scc@https://registry.npmjs.org/@rtsao/scc/-/scc-1.1.0.tgz. Extracting by manifest.
2538 silly tarball no local data for unrs-resolver@https://registry.npmjs.org/unrs-resolver/-/unrs-resolver-1.11.1.tgz. Extracting by manifest.
2539 silly tarball no local data for get-tsconfig@https://registry.npmjs.org/get-tsconfig/-/get-tsconfig-4.14.0.tgz. Extracting by manifest.
2540 silly tarball no local data for is-bun-module@https://registry.npmjs.org/is-bun-module/-/is-bun-module-2.0.0.tgz. Extracting by manifest.
2541 silly tarball no local data for stable-hash@https://registry.npmjs.org/stable-hash/-/stable-hash-0.0.5.tgz. Extracting by manifest.
2542 silly tarball no local data for array.prototype.flatmap@https://registry.npmjs.org/array.prototype.flatmap/-/array.prototype.flatmap-1.3.3.tgz. Extracting by manifest.
2543 silly tarball no local data for resolve@https://registry.npmjs.org/resolve/-/resolve-2.0.0-next.6.tgz. Extracting by manifest.
2544 silly tarball no local data for is-core-module@https://registry.npmjs.org/is-core-module/-/is-core-module-2.16.1.tgz. Extracting by manifest.
2545 silly tarball no local data for @nolyfill/is-core-module@https://registry.npmjs.org/@nolyfill/is-core-module/-/is-core-module-1.0.39.tgz. Extracting by manifest.
2546 silly tarball no local data for semver@https://registry.npmjs.org/semver/-/semver-7.7.4.tgz. Extracting by manifest.
2547 silly tarball no local data for @typescript-eslint/tsconfig-utils@https://registry.npmjs.org/@typescript-eslint/tsconfig-utils/-/tsconfig-utils-8.59.0.tgz. Extracting by manifest.
2548 silly tarball no local data for tinyglobby@https://registry.npmjs.org/tinyglobby/-/tinyglobby-0.2.16.tgz. Extracting by manifest.
2549 silly tarball no local data for @typescript-eslint/types@https://registry.npmjs.org/@typescript-eslint/types/-/types-8.59.0.tgz. Extracting by manifest.
2550 silly tarball no local data for object.values@https://registry.npmjs.org/object.values/-/object.values-1.2.1.tgz. Extracting by manifest.
2551 silly tarball no local data for @typescript-eslint/typescript-estree@https://registry.npmjs.org/@typescript-eslint/typescript-estree/-/typescript-estree-8.59.0.tgz. Extracting by manifest.
2552 silly tarball no local data for @typescript-eslint/project-service@https://registry.npmjs.org/@typescript-eslint/project-service/-/project-service-8.59.0.tgz. Extracting by manifest.
2553 silly tarball no local data for @typescript-eslint/utils@https://registry.npmjs.org/@typescript-eslint/utils/-/utils-8.59.0.tgz. Extracting by manifest.
2554 silly tarball no local data for ts-api-utils@https://registry.npmjs.org/ts-api-utils/-/ts-api-utils-2.5.0.tgz. Extracting by manifest.
2555 silly tarball no local data for @typescript-eslint/visitor-keys@https://registry.npmjs.org/@typescript-eslint/visitor-keys/-/visitor-keys-8.59.0.tgz. Extracting by manifest.
2556 silly tarball no local data for @typescript-eslint/scope-manager@https://registry.npmjs.org/@typescript-eslint/scope-manager/-/scope-manager-8.59.0.tgz. Extracting by manifest.
2557 silly tarball no local data for eslint-plugin-jsx-a11y@https://registry.npmjs.org/eslint-plugin-jsx-a11y/-/eslint-plugin-jsx-a11y-6.10.2.tgz. Extracting by manifest.
2558 silly tarball no local data for eslint-plugin-react-hooks@https://registry.npmjs.org/eslint-plugin-react-hooks/-/eslint-plugin-react-hooks-5.2.0.tgz. Extracting by manifest.
2559 silly tarball no local data for eslint-import-resolver-typescript@https://registry.npmjs.org/eslint-import-resolver-typescript/-/eslint-import-resolver-typescript-3.10.1.tgz. Extracting by manifest.
2560 silly tarball no local data for @typescript-eslint/type-utils@https://registry.npmjs.org/@typescript-eslint/type-utils/-/type-utils-8.59.0.tgz. Extracting by manifest.
2561 silly tarball no local data for eslint-plugin-import@https://registry.npmjs.org/eslint-plugin-import/-/eslint-plugin-import-2.32.0.tgz. Extracting by manifest.
2562 silly tarball no local data for @rushstack/eslint-patch@https://registry.npmjs.org/@rushstack/eslint-patch/-/eslint-patch-1.16.1.tgz. Extracting by manifest.
2563 silly tarball no local data for fast-glob@https://registry.npmjs.org/fast-glob/-/fast-glob-3.3.1.tgz. Extracting by manifest.
2564 silly tarball no local data for eslint-import-resolver-node@https://registry.npmjs.org/eslint-import-resolver-node/-/eslint-import-resolver-node-0.3.10.tgz. Extracting by manifest.
2565 silly tarball no local data for @next/eslint-plugin-next@https://registry.npmjs.org/@next/eslint-plugin-next/-/eslint-plugin-next-15.0.3.tgz. Extracting by manifest.
2566 silly tarball no local data for @typescript-eslint/eslint-plugin@https://registry.npmjs.org/@typescript-eslint/eslint-plugin/-/eslint-plugin-8.59.0.tgz. Extracting by manifest.
2567 silly tarball no local data for eslint-plugin-react@https://registry.npmjs.org/eslint-plugin-react/-/eslint-plugin-react-7.37.5.tgz. Extracting by manifest.
2568 silly tarball no local data for ms@https://registry.npmjs.org/ms/-/ms-2.1.3.tgz. Extracting by manifest.
2569 silly tarball no local data for color-convert@https://registry.npmjs.org/color-convert/-/color-convert-2.0.1.tgz. Extracting by manifest.
2570 silly tarball no local data for @typescript-eslint/parser@https://registry.npmjs.org/@typescript-eslint/parser/-/parser-8.59.0.tgz. Extracting by manifest.
2571 silly tarball no local data for path-key@https://registry.npmjs.org/path-key/-/path-key-3.1.1.tgz. Extracting by manifest.
2572 silly tarball no local data for shebang-command@https://registry.npmjs.org/shebang-command/-/shebang-command-2.0.0.tgz. Extracting by manifest.
2573 silly tarball no local data for which@https://registry.npmjs.org/which/-/which-2.0.2.tgz. Extracting by manifest.
2574 silly tarball no local data for supports-color@https://registry.npmjs.org/supports-color/-/supports-color-7.2.0.tgz. Extracting by manifest.
2575 silly tarball no local data for uri-js@https://registry.npmjs.org/uri-js/-/uri-js-4.4.1.tgz. Extracting by manifest.
2576 silly tarball no local data for json-schema-traverse@https://registry.npmjs.org/json-schema-traverse/-/json-schema-traverse-0.4.1.tgz. Extracting by manifest.
2577 silly tarball no local data for ansi-styles@https://registry.npmjs.org/ansi-styles/-/ansi-styles-4.3.0.tgz. Extracting by manifest.
2578 silly tarball no local data for color-name@https://registry.npmjs.org/color-name/-/color-name-1.1.4.tgz. Extracting by manifest.
2579 silly tarball no local data for @humanfs/types@https://registry.npmjs.org/@humanfs/types/-/types-0.15.0.tgz. Extracting by manifest.
2580 silly tarball no local data for @humanfs/core@https://registry.npmjs.org/@humanfs/core/-/core-0.19.2.tgz. Extracting by manifest.
2581 silly tarball no local data for fast-json-stable-stringify@https://registry.npmjs.org/fast-json-stable-stringify/-/fast-json-stable-stringify-2.1.0.tgz. Extracting by manifest.
2582 silly tarball no local data for js-yaml@https://registry.npmjs.org/js-yaml/-/js-yaml-4.1.1.tgz. Extracting by manifest.
2583 silly tarball no local data for import-fresh@https://registry.npmjs.org/import-fresh/-/import-fresh-3.3.1.tgz. Extracting by manifest.
2584 silly tarball no local data for optionator@https://registry.npmjs.org/optionator/-/optionator-0.9.4.tgz. Extracting by manifest.
2585 silly tarball no local data for levn@https://registry.npmjs.org/levn/-/levn-0.4.1.tgz. Extracting by manifest.
2586 silly tarball no local data for @eslint/object-schema@https://registry.npmjs.org/@eslint/object-schema/-/object-schema-2.1.7.tgz. Extracting by manifest.
2587 silly tarball no local data for globals@https://registry.npmjs.org/globals/-/globals-14.0.0.tgz. Extracting by manifest.
2588 silly tarball no local data for minimatch@https://registry.npmjs.org/minimatch/-/minimatch-3.1.5.tgz. Extracting by manifest.
2589 silly tarball no local data for lodash.merge@https://registry.npmjs.org/lodash.merge/-/lodash.merge-4.6.2.tgz. Extracting by manifest.
2590 silly tarball no local data for natural-compare@https://registry.npmjs.org/natural-compare/-/natural-compare-1.4.0.tgz. Extracting by manifest.
2591 silly tarball no local data for strip-json-comments@https://registry.npmjs.org/strip-json-comments/-/strip-json-comments-3.1.1.tgz. Extracting by manifest.
2592 silly tarball no local data for is-glob@https://registry.npmjs.org/is-glob/-/is-glob-4.0.3.tgz. Extracting by manifest.
2593 silly tarball no local data for text-table@https://registry.npmjs.org/text-table/-/text-table-0.2.0.tgz. Extracting by manifest.
2594 silly tarball no local data for json-stable-stringify-without-jsonify@https://registry.npmjs.org/json-stable-stringify-without-jsonify/-/json-stable-stringify-without-jsonify-1.0.1.tgz. Extracting by manifest.
2595 silly tarball no local data for glob-parent@https://registry.npmjs.org/glob-parent/-/glob-parent-6.0.2.tgz. Extracting by manifest.
2596 silly tarball no local data for file-entry-cache@https://registry.npmjs.org/file-entry-cache/-/file-entry-cache-8.0.0.tgz. Extracting by manifest.
2597 silly tarball no local data for find-up@https://registry.npmjs.org/find-up/-/find-up-5.0.0.tgz. Extracting by manifest.
2598 silly tarball no local data for ignore@https://registry.npmjs.org/ignore/-/ignore-5.3.2.tgz. Extracting by manifest.
2599 silly tarball no local data for imurmurhash@https://registry.npmjs.org/imurmurhash/-/imurmurhash-0.1.4.tgz. Extracting by manifest.
2600 silly tarball no local data for esquery@https://registry.npmjs.org/esquery/-/esquery-1.7.0.tgz. Extracting by manifest.
2601 silly tarball no local data for esutils@https://registry.npmjs.org/esutils/-/esutils-2.0.3.tgz. Extracting by manifest.
2602 silly tarball no local data for escape-string-regexp@https://registry.npmjs.org/escape-string-regexp/-/escape-string-regexp-4.0.0.tgz. Extracting by manifest.
2603 silly tarball no local data for eslint-visitor-keys@https://registry.npmjs.org/eslint-visitor-keys/-/eslint-visitor-keys-4.2.1.tgz. Extracting by manifest.
2604 silly tarball no local data for fast-deep-equal@https://registry.npmjs.org/fast-deep-equal/-/fast-deep-equal-3.1.3.tgz. Extracting by manifest.
2605 silly tarball no local data for espree@https://registry.npmjs.org/espree/-/espree-10.4.0.tgz. Extracting by manifest.
2606 silly tarball no local data for eslint-scope@https://registry.npmjs.org/eslint-scope/-/eslint-scope-8.4.0.tgz. Extracting by manifest.
2607 silly tarball no local data for debug@https://registry.npmjs.org/debug/-/debug-4.4.3.tgz. Extracting by manifest.
2608 silly tarball no local data for cross-spawn@https://registry.npmjs.org/cross-spawn/-/cross-spawn-7.0.6.tgz. Extracting by manifest.
2609 silly tarball no local data for @types/estree@https://registry.npmjs.org/@types/estree/-/estree-1.0.8.tgz. Extracting by manifest.
2610 silly tarball no local data for chalk@https://registry.npmjs.org/chalk/-/chalk-4.1.2.tgz. Extracting by manifest.
2611 silly tarball no local data for ajv@https://registry.npmjs.org/ajv/-/ajv-6.14.0.tgz. Extracting by manifest.
2612 silly tarball no local data for @eslint/js@https://registry.npmjs.org/@eslint/js/-/js-9.14.0.tgz. Extracting by manifest.
2613 silly tarball no local data for @types/json-schema@https://registry.npmjs.org/@types/json-schema/-/json-schema-7.0.15.tgz. Extracting by manifest.
2614 silly tarball no local data for @humanfs/node@https://registry.npmjs.org/@humanfs/node/-/node-0.16.8.tgz. Extracting by manifest.
2615 silly tarball no local data for @eslint/eslintrc@https://registry.npmjs.org/@eslint/eslintrc/-/eslintrc-3.3.5.tgz. Extracting by manifest.
2616 silly tarball no local data for @eslint-community/regexpp@https://registry.npmjs.org/@eslint-community/regexpp/-/regexpp-4.12.2.tgz. Extracting by manifest.
2617 silly tarball no local data for @humanwhocodes/retry@https://registry.npmjs.org/@humanwhocodes/retry/-/retry-0.4.3.tgz. Extracting by manifest.
2618 silly tarball no local data for @humanwhocodes/module-importer@https://registry.npmjs.org/@humanwhocodes/module-importer/-/module-importer-1.0.1.tgz. Extracting by manifest.
2619 silly tarball no local data for @eslint/core@https://registry.npmjs.org/@eslint/core/-/core-0.7.0.tgz. Extracting by manifest.
2620 silly tarball no local data for @eslint/plugin-kit@https://registry.npmjs.org/@eslint/plugin-kit/-/plugin-kit-0.2.8.tgz. Extracting by manifest.
2621 silly tarball no local data for @eslint-community/eslint-utils@https://registry.npmjs.org/@eslint-community/eslint-utils/-/eslint-utils-4.9.1.tgz. Extracting by manifest.
2622 silly tarball no local data for undici-types@https://registry.npmjs.org/undici-types/-/undici-types-6.19.8.tgz. Extracting by manifest.
2623 silly tarball no local data for csstype@https://registry.npmjs.org/csstype/-/csstype-3.2.3.tgz. Extracting by manifest.
2624 silly tarball no local data for react-dom@https://registry.npmjs.org/react-dom/-/react-dom-18.3.1.tgz. Extracting by manifest.
2625 silly tarball no local data for next@https://registry.npmjs.org/next/-/next-15.0.3.tgz. Extracting by manifest.
2626 silly tarball no local data for typescript@https://registry.npmjs.org/typescript/-/typescript-5.6.3.tgz. Extracting by manifest.
2627 silly tarball no local data for @types/prop-types@https://registry.npmjs.org/@types/prop-types/-/prop-types-15.7.15.tgz. Extracting by manifest.
2628 silly tarball no local data for eslint-config-next@https://registry.npmjs.org/eslint-config-next/-/eslint-config-next-15.0.3.tgz. Extracting by manifest.
2629 silly tarball no local data for react@https://registry.npmjs.org/react/-/react-18.3.1.tgz. Extracting by manifest.
2630 silly tarball no local data for lucide-react@https://registry.npmjs.org/lucide-react/-/lucide-react-0.462.0.tgz. Extracting by manifest.
2631 silly tarball no local data for eslint@https://registry.npmjs.org/eslint/-/eslint-9.14.0.tgz. Extracting by manifest.
2632 silly tarball no local data for @eslint/config-array@https://registry.npmjs.org/@eslint/config-array/-/config-array-0.18.0.tgz. Extracting by manifest.
2633 silly tarball no local data for @types/react-dom@https://registry.npmjs.org/@types/react-dom/-/react-dom-18.3.1.tgz. Extracting by manifest.
2634 silly tarball no local data for picomatch@https://registry.npmjs.org/picomatch/-/picomatch-4.0.4.tgz. Extracting by manifest.
2635 silly tarball no local data for @types/node@https://registry.npmjs.org/@types/node/-/node-22.9.0.tgz. Extracting by manifest.
2636 silly tarball no local data for semver@https://registry.npmjs.org/semver/-/semver-6.3.1.tgz. Extracting by manifest.
2637 silly tarball no local data for fdir@https://registry.npmjs.org/fdir/-/fdir-6.5.0.tgz. Extracting by manifest.
2638 silly tarball no local data for balanced-match@https://registry.npmjs.org/balanced-match/-/balanced-match-4.0.4.tgz. Extracting by manifest.
2639 silly tarball no local data for debug@https://registry.npmjs.org/debug/-/debug-3.2.7.tgz. Extracting by manifest.
2640 silly tarball no local data for @types/react@https://registry.npmjs.org/@types/react/-/react-18.3.12.tgz. Extracting by manifest.
2641 silly tarball no local data for minimatch@https://registry.npmjs.org/minimatch/-/minimatch-10.2.5.tgz. Extracting by manifest.
2642 silly tarball no local data for brace-expansion@https://registry.npmjs.org/brace-expansion/-/brace-expansion-5.0.5.tgz. Extracting by manifest.
2643 silly tarball no local data for glob-parent@https://registry.npmjs.org/glob-parent/-/glob-parent-5.1.2.tgz. Extracting by manifest.
2644 silly tarball no local data for eslint-visitor-keys@https://registry.npmjs.org/eslint-visitor-keys/-/eslint-visitor-keys-5.0.1.tgz. Extracting by manifest.
2645 silly tarball no local data for semver@https://registry.npmjs.org/semver/-/semver-6.3.1.tgz. Extracting by manifest.
2646 silly tarball no local data for debug@https://registry.npmjs.org/debug/-/debug-3.2.7.tgz. Extracting by manifest.
2647 silly tarball no local data for debug@https://registry.npmjs.org/debug/-/debug-3.2.7.tgz. Extracting by manifest.
2648 silly tarball no local data for semver@https://registry.npmjs.org/semver/-/semver-6.3.1.tgz. Extracting by manifest.
2649 silly tarball no local data for ignore@https://registry.npmjs.org/ignore/-/ignore-7.0.5.tgz. Extracting by manifest.
2650 silly tarball no local data for eslint-visitor-keys@https://registry.npmjs.org/eslint-visitor-keys/-/eslint-visitor-keys-3.4.3.tgz. Extracting by manifest.
2651 silly tarball no local data for @eslint/core@https://registry.npmjs.org/@eslint/core/-/core-0.13.0.tgz. Extracting by manifest.
2652 http fetch GET 200 https://registry.npmjs.org/is-finalizationregistry/-/is-finalizationregistry-1.1.1.tgz 241ms (cache miss)
2653 http fetch GET 200 https://registry.npmjs.org/generator-function/-/generator-function-2.0.1.tgz 242ms (cache miss)
2654 http fetch GET 200 https://registry.npmjs.org/is-weakmap/-/is-weakmap-2.0.2.tgz 247ms (cache miss)
2655 http fetch GET 200 https://registry.npmjs.org/async-function/-/async-function-1.0.0.tgz 286ms (cache miss)
2656 http fetch GET 200 https://registry.npmjs.org/which-collection/-/which-collection-1.0.2.tgz 288ms (cache miss)
2657 http fetch POST 200 https://registry.npmjs.org/-/npm/v1/security/advisories/bulk 462ms
2658 silly audit report {
2658 silly audit report   next: [
2658 silly audit report     {
2658 silly audit report       id: 1101437,
2658 silly audit report       url: 'https://github.com/advisories/GHSA-7m27-7ghc-44w9',
2658 silly audit report       title: 'Next.js Allows a Denial of Service (DoS) with Server Actions',
2658 silly audit report       severity: 'moderate',
2658 silly audit report       vulnerable_versions: '>=15.0.0 <15.1.2',
2658 silly audit report       cwe: [Array],
2658 silly audit report       cvss: [Object]
2658 silly audit report     },
2658 silly audit report     {
2658 silly audit report       id: 1105462,
2658 silly audit report       url: 'https://github.com/advisories/GHSA-3h52-269p-cp9r',
2658 silly audit report       title: 'Information exposure in Next.js dev server due to lack of origin verification',
2658 silly audit report       severity: 'low',
2658 silly audit report       vulnerable_versions: '>=15.0.0 <15.2.2',
2658 silly audit report       cwe: [Array],
2658 silly audit report       cvss: [Object]
2658 silly audit report     },
2658 silly audit report     {
2658 silly audit report       id: 1111372,
2658 silly audit report       url: 'https://github.com/advisories/GHSA-9qr9-h5gf-34mp',
2658 silly audit report       title: 'Next.js is vulnerable to RCE in React flight protocol',
2658 silly audit report       severity: 'critical',
2658 silly audit report       vulnerable_versions: '>=14.3.0-canary.77 <15.0.5',
2658 silly audit report       cwe: [Array],
2658 silly audit report       cvss: [Object]
2658 silly audit report     },
2658 silly audit report     {
2658 silly audit report       id: 1111381,
2658 silly audit report       url: 'https://github.com/advisories/GHSA-w37m-7fhw-fmv9',
2658 silly audit report       title: 'Next Server Actions Source Code Exposure ',
2658 silly audit report       severity: 'moderate',
2658 silly audit report       vulnerable_versions: '>=15.0.0-canary.0 <15.0.6',
2658 silly audit report       cwe: [Array],
2658 silly audit report       cvss: [Object]
2658 silly audit report     },
2658 silly audit report     {
2658 silly audit report       id: 1111390,
2658 silly audit report       url: 'https://github.com/advisories/GHSA-mwv6-3258-q52c',
2658 silly audit report       title: 'Next Vulnerable to Denial of Service with Server Components',
2658 silly audit report       severity: 'high',
2658 silly audit report       vulnerable_versions: '>=15.0.0-canary.0 <15.0.6',
2658 silly audit report       cwe: [Array],
2658 silly audit report       cvss: [Object]
2658 silly audit report     },
2658 silly audit report     {
2658 silly audit report       id: 1107228,
2658 silly audit report       url: 'https://github.com/advisories/GHSA-g5qg-72qw-gw5v',
2658 silly audit report       title: 'Next.js Affected by Cache Key Confusion for Image Optimization API Routes',
2658 silly audit report       severity: 'moderate',
2658 silly audit report       vulnerable_versions: '>=15.0.0 <=15.4.4',
2658 silly audit report       cwe: [Array],
2658 silly audit report       cvss: [Object]
2658 silly audit report     },
2658 silly audit report     {
2658 silly audit report       id: 1107514,
2658 silly audit report       url: 'https://github.com/advisories/GHSA-xv57-4mr9-wg8v',
2658 silly audit report       title: 'Next.js Content Injection Vulnerability for Image Optimization',
2658 silly audit report       severity: 'moderate',
2658 silly audit report       vulnerable_versions: '>=15.0.0 <=15.4.4',
2658 silly audit report       cwe: [Array],
2658 silly audit report       cvss: [Object]
2658 silly audit report     },
2658 silly audit report     {
2658 silly audit report       id: 1107515,
2658 silly audit report       url: 'https://github.com/advisories/GHSA-4342-x723-ch2f',
2658 silly audit report       title: 'Next.js Improper Middleware Redirect Handling Leads to SSRF',
2658 silly audit report       severity: 'moderate',
2658 silly audit report       vulnerable_versions: '>=15.0.0-canary.0 <15.4.7',
2658 silly audit report       cwe: [Array],
2658 silly audit report       cvss: [Object]
2658 silly audit report     },
2658 silly audit report     {
2658 silly audit report       id: 1108410,
2658 silly audit report       url: 'https://github.com/advisories/GHSA-qpjv-v59x-3qc4',
2658 silly audit report       title: 'Next.js Race Condition to Cache Poisoning',
2658 silly audit report       severity: 'low',
2658 silly audit report       vulnerable_versions: '>=15.0.0 <15.1.6',
2658 silly audit report       cwe: [Array],
2658 silly audit report       cvss: [Object]
2658 silly audit report     },
2658 silly audit report     {
2658 silly audit report       id: 1112593,
2658 silly audit report       url: 'https://github.com/advisories/GHSA-9g9p-9gw9-jx7f',
2658 silly audit report       title: 'Next.js self-hosted applications vulnerable to DoS via Image Optimizer remotePatterns configuration',
2658 silly audit report       severity: 'moderate',
2658 silly audit report       vulnerable_versions: '>=10.0.0 <15.5.10',
2658 silly audit report       cwe: [Array],
2658 silly audit report       cvss: [Object]
2658 silly audit report     },
2658 silly audit report     {
2658 silly audit report       id: 1112653,
2658 silly audit report       url: 'https://github.com/advisories/GHSA-h25m-26qc-wcjf',
2658 silly audit report       title: 'Next.js HTTP request deserialization can lead to DoS when using insecure React Server Components',
2658 silly audit report       severity: 'high',
2658 silly audit report       vulnerable_versions: '>=13.0.0 <15.0.8',
2658 silly audit report       cwe: [Array],
2658 silly audit report       cvss: [Object]
2658 silly audit report     },
2658 silly audit report     {
2658 silly audit report       id: 1113688,
2658 silly audit report       url: 'https://github.com/advisories/GHSA-f82v-jwr5-mffw',
2658 silly audit report       title: 'Authorization Bypass in Next.js Middleware',
2658 silly audit report       severity: 'critical',
2658 silly audit report       vulnerable_versions: '>=15.0.0 <15.2.3',
2658 silly audit report       cwe: [Array],
2658 silly audit report       cvss: [Object]
2658 silly audit report     },
2658 silly audit report     {
2658 silly audit report       id: 1114897,
2658 silly audit report       url: 'https://github.com/advisories/GHSA-ggv3-7p47-pfv8',
2658 silly audit report       title: 'Next.js: HTTP request smuggling in rewrites',
2658 silly audit report       severity: 'moderate',
2658 silly audit report       vulnerable_versions: '>=9.5.0 <15.5.13',
2658 silly audit report       cwe: [Array],
2658 silly audit report       cvss: [Object]
2658 silly audit report     },
2658 silly audit report     {
2658 silly audit report       id: 1114940,
2658 silly audit report       url: 'https://github.com/advisories/GHSA-3x4c-7xq6-9pq8',
2658 silly audit report       title: 'Next.js: Unbounded next/image disk cache growth can exhaust storage',
2658 silly audit report       severity: 'moderate',
2658 silly audit report       vulnerable_versions: '>=10.0.0 <15.5.14',
2658 silly audit report       cwe: [Array],
2658 silly audit report       cvss: [Object]
2658 silly audit report     },
2658 silly audit report     {
2658 silly audit report       id: 1116376,
2658 silly audit report       url: 'https://github.com/advisories/GHSA-q4gf-8mx6-v5v3',
2658 silly audit report       title: 'Next.js has a Denial of Service with Server Components',
2658 silly audit report       severity: 'high',
2658 silly audit report       vulnerable_versions: '>=13.0.0 <15.5.15',
2658 silly audit report       cwe: [Array],
2658 silly audit report       cvss: [Object]
2658 silly audit report     }
2658 silly audit report   ],
2658 silly audit report   '@eslint/plugin-kit': [
2658 silly audit report     {
2658 silly audit report       id: 1106734,
2658 silly audit report       url: 'https://github.com/advisories/GHSA-xffm-g5w8-qvg7',
2658 silly audit report       title: '@eslint/plugin-kit is vulnerable to Regular Expression Denial of Service attacks through ConfigCommentParser',
2658 silly audit report       severity: 'low',
2658 silly audit report       vulnerable_versions: '<0.3.4',
2658 silly audit report       cwe: [Array],
2658 silly audit report       cvss: [Object]
2658 silly audit report     }
2658 silly audit report   ]
2658 silly audit report }
2659 silly packumentCache corgi:https://registry.npmjs.org/next cache-miss
2660 silly packumentCache corgi:https://registry.npmjs.org/@eslint%2fplugin-kit cache-miss
2661 http fetch GET 200 https://registry.npmjs.org/is-async-function/-/is-async-function-2.1.1.tgz 416ms (cache miss)
2662 http fetch GET 200 https://registry.npmjs.org/which-builtin-type/-/which-builtin-type-1.2.1.tgz 448ms (cache miss)
2663 http fetch GET 200 https://registry.npmjs.org/which-boxed-primitive/-/which-boxed-primitive-1.1.1.tgz 450ms (cache miss)
2664 http fetch GET 200 https://registry.npmjs.org/napi-postinstall/-/napi-postinstall-0.3.4.tgz 457ms (cache miss)
2665 http fetch GET 200 https://registry.npmjs.org/reflect.getprototypeof/-/reflect.getprototypeof-1.0.10.tgz 483ms (cache miss)
2666 http fetch GET 200 https://registry.npmjs.org/for-each/-/for-each-0.3.5.tgz 544ms (cache miss)
2667 http fetch GET 200 https://registry.npmjs.org/@types/json5/-/json5-0.0.29.tgz 603ms (cache miss)
2668 http fetch GET 200 https://registry.npmjs.org/strip-bom/-/strip-bom-3.0.0.tgz 612ms (cache miss)
2669 http fetch GET 200 https://registry.npmjs.org/has-flag/-/has-flag-4.0.0.tgz 617ms (cache miss)
2670 http fetch GET 200 https://registry.npmjs.org/json5/-/json5-1.0.2.tgz 629ms (cache miss)
2671 http fetch GET 200 https://registry.npmjs.org/is-arrayish/-/is-arrayish-0.3.4.tgz 695ms (cache miss)
2672 http fetch GET 200 https://registry.npmjs.org/isexe/-/isexe-2.0.0.tgz 738ms (cache miss)
2673 http fetch GET 200 https://registry.npmjs.org/is-weakset/-/is-weakset-2.0.4.tgz 748ms (cache miss)
2674 http fetch GET 200 https://registry.npmjs.org/is-map/-/is-map-2.0.3.tgz 747ms (cache miss)
2675 http fetch GET 200 https://registry.npmjs.org/is-generator-function/-/is-generator-function-1.1.2.tgz 750ms (cache miss)
2676 http fetch GET 200 https://registry.npmjs.org/is-number-object/-/is-number-object-1.1.1.tgz 774ms (cache miss)
2677 http fetch GET 200 https://registry.npmjs.org/side-channel-weakmap/-/side-channel-weakmap-1.0.2.tgz 799ms (cache miss)
2678 http fetch GET 200 https://registry.npmjs.org/has-bigints/-/has-bigints-1.1.0.tgz 1289ms (cache miss)
2679 http fetch GET 200 https://registry.npmjs.org/is-number/-/is-number-7.0.0.tgz 1299ms (cache miss)
2680 http fetch GET 200 https://registry.npmjs.org/path-parse/-/path-parse-1.0.7.tgz 1301ms (cache miss)
2681 http fetch GET 200 https://registry.npmjs.org/side-channel-map/-/side-channel-map-1.0.1.tgz 1321ms (cache miss)
2682 http fetch GET 200 https://registry.npmjs.org/client-only/-/client-only-0.0.1.tgz 1326ms (cache miss)
2683 http fetch GET 200 https://registry.npmjs.org/color-string/-/color-string-1.9.1.tgz 1327ms (cache miss)
2684 http fetch GET 200 https://registry.npmjs.org/punycode/-/punycode-2.3.1.tgz 1339ms (cache miss)
2685 http fetch GET 200 https://registry.npmjs.org/simple-swizzle/-/simple-swizzle-0.2.4.tgz 1333ms (cache miss)
2686 http fetch GET 200 https://registry.npmjs.org/color/-/color-4.2.3.tgz 1336ms (cache miss)
2687 http fetch GET 200 https://registry.npmjs.org/shebang-regex/-/shebang-regex-3.0.0.tgz 1337ms (cache miss)
2688 http fetch GET 200 https://registry.npmjs.org/side-channel-list/-/side-channel-list-1.0.1.tgz 1341ms (cache miss)
2689 http fetch GET 200 https://registry.npmjs.org/detect-libc/-/detect-libc-2.1.2.tgz 1342ms (cache miss)
2690 http fetch GET 200 https://registry.npmjs.org/is-bigint/-/is-bigint-1.1.0.tgz 1351ms (cache miss)
2691 http fetch GET 200 https://registry.npmjs.org/is-boolean-object/-/is-boolean-object-1.2.2.tgz 1356ms (cache miss)
2692 http fetch GET 200 https://registry.npmjs.org/isarray/-/isarray-2.0.5.tgz 1355ms (cache miss)
2693 http fetch GET 200 https://registry.npmjs.org/object-assign/-/object-assign-4.1.1.tgz 1346ms (cache miss)
2694 http fetch GET 200 https://registry.npmjs.org/js-tokens/-/js-tokens-4.0.0.tgz 1346ms (cache miss)
2695 http fetch GET 200 https://registry.npmjs.org/supports-preserve-symlinks-flag/-/supports-preserve-symlinks-flag-1.0.0.tgz 1359ms (cache miss)
2696 http fetch GET 200 https://registry.npmjs.org/queue-microtask/-/queue-microtask-1.2.3.tgz 1359ms (cache miss)
2697 http fetch GET 200 https://registry.npmjs.org/react-is/-/react-is-16.13.1.tgz 1351ms (cache miss)
2698 http fetch GET 200 https://registry.npmjs.org/scheduler/-/scheduler-0.23.2.tgz 1355ms (cache miss)
2699 http fetch GET 200 https://registry.npmjs.org/minimist/-/minimist-1.2.8.tgz 1369ms (cache miss)
2700 http fetch GET 200 https://registry.npmjs.org/node-exports-info/-/node-exports-info-1.6.0.tgz 1368ms (cache miss)
2701 http fetch GET 200 https://registry.npmjs.org/nanoid/-/nanoid-3.3.11.tgz 1359ms (cache miss)
2702 http fetch GET 200 https://registry.npmjs.org/@emnapi/runtime/-/runtime-1.10.0.tgz 1378ms (cache miss)
2703 http fetch GET 200 https://registry.npmjs.org/yocto-queue/-/yocto-queue-0.1.0.tgz 1456ms (cache miss)
2704 http fetch GET 200 https://registry.npmjs.org/picocolors/-/picocolors-1.1.1.tgz 1456ms (cache miss)
2705 http fetch GET 200 https://registry.npmjs.org/source-map-js/-/source-map-js-1.2.1.tgz 1465ms (cache miss)
2706 http fetch GET 200 https://registry.npmjs.org/loose-envify/-/loose-envify-1.4.0.tgz 1476ms (cache miss)
2707 http fetch GET 200 https://registry.npmjs.org/word-wrap/-/word-wrap-1.2.5.tgz 1483ms (cache miss)
2708 http fetch GET 200 https://registry.npmjs.org/p-limit/-/p-limit-3.1.0.tgz 1537ms (cache miss)
2709 http fetch GET 200 https://registry.npmjs.org/deep-is/-/deep-is-0.1.4.tgz 1543ms (cache miss)
2710 http fetch GET 200 https://registry.npmjs.org/callsites/-/callsites-3.1.0.tgz 1545ms (cache miss)
2711 http fetch GET 200 https://registry.npmjs.org/streamsearch/-/streamsearch-1.1.0.tgz 1547ms (cache miss)
2712 http fetch GET 200 https://registry.npmjs.org/fast-levenshtein/-/fast-levenshtein-2.0.6.tgz 1551ms (cache miss)
2713 http fetch GET 200 https://registry.npmjs.org/tslib/-/tslib-2.8.1.tgz 1564ms (cache miss)
2714 http fetch GET 200 https://registry.npmjs.org/@img/sharp-darwin-arm64/-/sharp-darwin-arm64-0.33.5.tgz 1585ms (cache miss)
2715 http fetch GET 200 https://registry.npmjs.org/busboy/-/busboy-1.6.0.tgz 1642ms (cache miss)
2716 http fetch GET 200 https://registry.npmjs.org/fill-range/-/fill-range-7.1.1.tgz 1722ms (cache miss)
2717 http fetch GET 200 https://registry.npmjs.org/balanced-match/-/balanced-match-1.0.2.tgz 1735ms (cache miss)
2718 http fetch GET 200 https://registry.npmjs.org/concat-map/-/concat-map-0.0.1.tgz 1736ms (cache miss)
2719 http fetch GET 200 https://registry.npmjs.org/to-regex-range/-/to-regex-range-5.0.1.tgz 1736ms (cache miss)
2720 http fetch GET 200 https://registry.npmjs.org/@swc/counter/-/counter-0.1.3.tgz 1759ms (cache miss)
2721 http fetch GET 200 https://registry.npmjs.org/sharp/-/sharp-0.33.5.tgz 1868ms (cache miss)
2722 http fetch GET 200 https://registry.npmjs.org/brace-expansion/-/brace-expansion-1.1.14.tgz 1885ms (cache miss)
2723 http fetch GET 200 https://registry.npmjs.org/@next/env/-/env-15.0.3.tgz 1889ms (cache miss)
2724 http fetch GET 200 https://registry.npmjs.org/styled-jsx/-/styled-jsx-5.1.6.tgz 1892ms (cache miss)
2725 http fetch GET 200 https://registry.npmjs.org/p-locate/-/p-locate-5.0.0.tgz 1904ms (cache miss)
2726 http fetch GET 200 https://registry.npmjs.org/picomatch/-/picomatch-2.3.2.tgz 1931ms (cache miss)
2727 http fetch GET 200 https://registry.npmjs.org/braces/-/braces-3.0.3.tgz 1933ms (cache miss)
2728 http fetch GET 200 https://registry.npmjs.org/postcss/-/postcss-8.4.31.tgz 1943ms (cache miss)
2729 http fetch GET 200 https://registry.npmjs.org/@swc/helpers/-/helpers-0.5.13.tgz 2007ms (cache miss)
2730 http fetch GET 200 https://registry.npmjs.org/prelude-ls/-/prelude-ls-1.2.1.tgz 2036ms (cache miss)
2731 http fetch GET 200 https://registry.npmjs.org/is-extglob/-/is-extglob-2.1.1.tgz 2038ms (cache miss)
2732 http fetch GET 200 https://registry.npmjs.org/json-buffer/-/json-buffer-3.0.1.tgz 2078ms (cache miss)
2733 http fetch GET 200 https://registry.npmjs.org/parent-module/-/parent-module-1.0.1.tgz 2081ms (cache miss)
2734 http fetch GET 200 https://registry.npmjs.org/resolve-from/-/resolve-from-4.0.0.tgz 2082ms (cache miss)
2735 http fetch GET 200 https://registry.npmjs.org/type-check/-/type-check-0.4.0.tgz 2094ms (cache miss)
2736 http fetch GET 200 https://registry.npmjs.org/set-function-name/-/set-function-name-2.0.2.tgz 2096ms (cache miss)
2737 http fetch GET 200 https://registry.npmjs.org/functions-have-names/-/functions-have-names-1.2.3.tgz 2102ms (cache miss)
2738 http fetch GET 200 https://registry.npmjs.org/resolve-pkg-maps/-/resolve-pkg-maps-1.0.0.tgz 2122ms (cache miss)
2739 http fetch GET 200 https://registry.npmjs.org/side-channel/-/side-channel-1.1.0.tgz 2591ms (cache miss)
2740 http fetch GET 200 https://registry.npmjs.org/dunder-proto/-/dunder-proto-1.0.1.tgz 2616ms (cache miss)
2741 http fetch GET 200 https://registry.npmjs.org/path-exists/-/path-exists-4.0.0.tgz 2617ms (cache miss)
2742 http fetch GET 200 https://registry.npmjs.org/run-parallel/-/run-parallel-1.2.0.tgz 2621ms (cache miss)
2743 http fetch GET 200 https://registry.npmjs.org/keyv/-/keyv-4.5.4.tgz 2628ms (cache miss)
2744 http fetch GET 200 https://registry.npmjs.org/flat-cache/-/flat-cache-4.0.1.tgz 2630ms (cache miss)
2745 http fetch GET 200 https://registry.npmjs.org/locate-path/-/locate-path-6.0.0.tgz 2629ms (cache miss)
2746 http fetch GET 200 https://registry.npmjs.org/reusify/-/reusify-1.1.0.tgz 2630ms (cache miss)
2747 http fetch GET 200 https://registry.npmjs.org/merge2/-/merge2-1.4.1.tgz 2642ms (cache miss)
2748 http fetch GET 200 https://registry.npmjs.org/@nodelib/fs.walk/-/fs.walk-1.2.8.tgz 2664ms (cache miss)
2749 http fetch GET 200 https://registry.npmjs.org/micromatch/-/micromatch-4.0.8.tgz 2665ms (cache miss)
2750 http fetch GET 200 https://registry.npmjs.org/acorn-jsx/-/acorn-jsx-5.3.2.tgz 2666ms (cache miss)
2751 http fetch GET 200 https://registry.npmjs.org/esrecurse/-/esrecurse-4.3.0.tgz 2717ms (cache miss)
2752 http fetch GET 200 https://registry.npmjs.org/flatted/-/flatted-3.4.2.tgz 2728ms (cache miss)
2753 http fetch GET 200 https://registry.npmjs.org/iterator.prototype/-/iterator.prototype-1.1.5.tgz 2726ms (cache miss)
2754 http fetch GET 200 https://registry.npmjs.org/argparse/-/argparse-2.0.1.tgz 2738ms (cache miss)
2755 http fetch GET 200 https://registry.npmjs.org/fastq/-/fastq-1.20.1.tgz 2736ms (cache miss)
2756 http fetch GET 200 https://registry.npmjs.org/estraverse/-/estraverse-5.3.0.tgz 2739ms (cache miss)
2757 http fetch GET 200 https://registry.npmjs.org/string.prototype.repeat/-/string.prototype.repeat-1.0.0.tgz 2742ms (cache miss)
2758 http fetch GET 200 https://registry.npmjs.org/prop-types/-/prop-types-15.8.1.tgz 2748ms (cache miss)
2759 http fetch GET 200 https://registry.npmjs.org/@nodelib/fs.stat/-/fs.stat-2.0.5.tgz 2750ms (cache miss)
2760 http fetch GET 200 https://registry.npmjs.org/@nodelib/fs.scandir/-/fs.scandir-2.1.5.tgz 2757ms (cache miss)
2761 http fetch GET 200 https://registry.npmjs.org/language-subtag-registry/-/language-subtag-registry-0.3.23.tgz 2771ms (cache miss)
2762 http fetch GET 200 https://registry.npmjs.org/string.prototype.includes/-/string.prototype.includes-2.0.1.tgz 2836ms (cache miss)
2763 http fetch GET 200 https://registry.npmjs.org/array.prototype.findlast/-/array.prototype.findlast-1.2.5.tgz 2837ms (cache miss)
2764 http fetch GET 200 https://registry.npmjs.org/object.entries/-/object.entries-1.1.9.tgz 2855ms (cache miss)
2765 http fetch GET 200 https://registry.npmjs.org/language-tags/-/language-tags-1.0.9.tgz 2854ms (cache miss)
2766 http fetch GET 200 https://registry.npmjs.org/array.prototype.tosorted/-/array.prototype.tosorted-1.1.4.tgz 2867ms (cache miss)
2767 http fetch GET 200 https://registry.npmjs.org/acorn/-/acorn-8.16.0.tgz 2876ms (cache miss)
2768 http fetch GET 200 https://registry.npmjs.org/caniuse-lite/-/caniuse-lite-1.0.30001788.tgz 3054ms (cache miss)
2769 http fetch GET 200 https://registry.npmjs.org/jsx-ast-utils/-/jsx-ast-utils-3.3.5.tgz 3128ms (cache miss)
2770 http fetch GET 200 https://registry.npmjs.org/axobject-query/-/axobject-query-4.1.0.tgz 3620ms (cache miss)
2771 http fetch GET 200 https://registry.npmjs.org/emoji-regex/-/emoji-regex-9.2.2.tgz 3713ms (cache miss)
2772 http fetch GET 200 https://registry.npmjs.org/string.prototype.matchall/-/string.prototype.matchall-4.0.12.tgz 3832ms (cache miss)
2773 http fetch GET 200 https://registry.npmjs.org/is-symbol/-/is-symbol-1.1.1.tgz 3904ms (cache miss)
2774 http fetch GET 200 https://registry.npmjs.org/typed-array-length/-/typed-array-length-1.0.7.tgz 4004ms (cache miss)
2775 http fetch GET 200 https://registry.npmjs.org/is-date-object/-/is-date-object-1.1.0.tgz 4057ms (cache miss)
2776 http fetch GET 200 https://registry.npmjs.org/possible-typed-array-names/-/possible-typed-array-names-1.1.0.tgz 4170ms (cache miss)
2777 http fetch GET 200 https://registry.npmjs.org/typed-array-byte-length/-/typed-array-byte-length-1.0.3.tgz 4295ms (cache miss)
2778 http fetch GET 200 https://registry.npmjs.org/ast-types-flow/-/ast-types-flow-0.0.8.tgz 4325ms (cache miss)
2779 http fetch GET 200 https://registry.npmjs.org/typed-array-byte-offset/-/typed-array-byte-offset-1.0.4.tgz 4402ms (cache miss)
2780 http fetch GET 200 https://registry.npmjs.org/es-iterator-helpers/-/es-iterator-helpers-1.3.2.tgz 4710ms (cache miss)
2781 http fetch GET 200 https://registry.npmjs.org/aria-query/-/aria-query-5.3.2.tgz 4753ms (cache miss)
2782 http fetch GET 200 https://registry.npmjs.org/stop-iteration-iterator/-/stop-iteration-iterator-1.1.0.tgz 4765ms (cache miss)
2783 http fetch GET 200 https://registry.npmjs.org/has-tostringtag/-/has-tostringtag-1.0.2.tgz 5018ms (cache miss)
2784 http fetch GET 200 https://registry.npmjs.org/regexp.prototype.flags/-/regexp.prototype.flags-1.5.4.tgz 5107ms (cache miss)
2785 http fetch GET 200 https://registry.npmjs.org/safe-regex-test/-/safe-regex-test-1.1.0.tgz 5175ms (cache miss)
2786 http fetch GET 200 https://registry.npmjs.org/which-typed-array/-/which-typed-array-1.1.20.tgz 5178ms (cache miss)
2787 http fetch GET 200 https://registry.npmjs.org/typed-array-buffer/-/typed-array-buffer-1.0.3.tgz 5182ms (cache miss)
2788 http fetch GET 200 https://registry.npmjs.org/unbox-primitive/-/unbox-primitive-1.1.0.tgz 5239ms (cache miss)
2789 http fetch GET 200 https://registry.npmjs.org/string.prototype.trim/-/string.prototype.trim-1.2.10.tgz 5384ms (cache miss)
2790 http fetch GET 200 https://registry.npmjs.org/damerau-levenshtein/-/damerau-levenshtein-1.0.8.tgz 5424ms (cache miss)
2791 http fetch GET 200 https://registry.npmjs.org/string.prototype.trimstart/-/string.prototype.trimstart-1.0.8.tgz 5516ms (cache miss)
2792 http fetch GET 200 https://registry.npmjs.org/safe-array-concat/-/safe-array-concat-1.1.4.tgz 5649ms (cache miss)
2793 http fetch GET 200 https://registry.npmjs.org/safe-push-apply/-/safe-push-apply-1.0.0.tgz 5650ms (cache miss)
2794 http fetch GET 200 https://registry.npmjs.org/object.assign/-/object.assign-4.1.7.tgz 5787ms (cache miss)
2795 http fetch GET 200 https://registry.npmjs.org/is-regex/-/is-regex-1.2.1.tgz 5879ms (cache miss)
2796 http fetch GET 200 https://registry.npmjs.org/is-data-view/-/is-data-view-1.0.2.tgz 5965ms (cache miss)
2797 http fetch GET 200 https://registry.npmjs.org/is-set/-/is-set-2.0.3.tgz 6087ms (cache miss)
2798 http fetch GET 200 https://registry.npmjs.org/is-callable/-/is-callable-1.2.7.tgz 6122ms (cache miss)
2799 http fetch GET 200 https://registry.npmjs.org/is-weakref/-/is-weakref-1.1.1.tgz 6195ms (cache miss)
2800 http fetch GET 200 https://registry.npmjs.org/has-symbols/-/has-symbols-1.1.0.tgz 6230ms (cache miss)
2801 http fetch GET 200 https://registry.npmjs.org/internal-slot/-/internal-slot-1.1.0.tgz 6237ms (cache miss)
2802 http fetch GET 200 https://registry.npmjs.org/has-proto/-/has-proto-1.2.0.tgz 6285ms (cache miss)
2803 http fetch GET 200 https://registry.npmjs.org/@unrs/resolver-binding-darwin-arm64/-/resolver-binding-darwin-arm64-1.11.1.tgz 6356ms (cache miss)
2804 http fetch GET 200 https://registry.npmjs.org/get-symbol-description/-/get-symbol-description-1.1.0.tgz 6368ms (cache miss)
2805 http fetch GET 200 https://registry.npmjs.org/is-array-buffer/-/is-array-buffer-3.0.5.tgz 6383ms (cache miss)
2806 http fetch GET 200 https://registry.npmjs.org/own-keys/-/own-keys-1.0.1.tgz 6426ms (cache miss)
2807 http fetch GET 200 https://registry.npmjs.org/set-proto/-/set-proto-1.0.0.tgz 6499ms (cache miss)
2808 http fetch GET 200 https://registry.npmjs.org/is-typed-array/-/is-typed-array-1.1.15.tgz 6498ms (cache miss)
2809 http fetch GET 200 https://registry.npmjs.org/data-view-byte-length/-/data-view-byte-length-1.0.2.tgz 6496ms (cache miss)
2810 http fetch GET 200 https://registry.npmjs.org/get-proto/-/get-proto-1.0.1.tgz 6500ms (cache miss)
2811 http fetch GET 200 https://registry.npmjs.org/es-set-tostringtag/-/es-set-tostringtag-2.1.0.tgz 6516ms (cache miss)
2812 http fetch GET 200 https://registry.npmjs.org/function.prototype.name/-/function.prototype.name-1.1.8.tgz 6680ms (cache miss)
2813 http fetch GET 200 https://registry.npmjs.org/available-typed-arrays/-/available-typed-arrays-1.0.7.tgz 6699ms (cache miss)
2814 http fetch GET 200 https://registry.npmjs.org/object-keys/-/object-keys-1.1.1.tgz 6700ms (cache miss)
2815 http fetch GET 200 https://registry.npmjs.org/has-property-descriptors/-/has-property-descriptors-1.0.2.tgz 6701ms (cache miss)
2816 http fetch GET 200 https://registry.npmjs.org/data-view-buffer/-/data-view-buffer-1.0.2.tgz 6717ms (cache miss)
2817 http fetch GET 200 https://registry.npmjs.org/arraybuffer.prototype.slice/-/arraybuffer.prototype.slice-1.0.4.tgz 6739ms (cache miss)
2818 http fetch GET 200 https://registry.npmjs.org/data-view-byte-offset/-/data-view-byte-offset-1.0.1.tgz 6759ms (cache miss)
2819 http fetch GET 200 https://registry.npmjs.org/is-shared-array-buffer/-/is-shared-array-buffer-1.0.4.tgz 6842ms (cache miss)
2820 http fetch GET 200 https://registry.npmjs.org/gopd/-/gopd-1.2.0.tgz 6879ms (cache miss)
2821 http fetch GET 200 https://registry.npmjs.org/define-data-property/-/define-data-property-1.1.4.tgz 6879ms (cache miss)
2822 http fetch GET 200 https://registry.npmjs.org/call-bind-apply-helpers/-/call-bind-apply-helpers-1.0.2.tgz 6907ms (cache miss)
2823 http fetch GET 200 https://registry.npmjs.org/array-buffer-byte-length/-/array-buffer-byte-length-1.0.2.tgz 6941ms (cache miss)
2824 http fetch GET 200 https://registry.npmjs.org/is-negative-zero/-/is-negative-zero-2.0.3.tgz 6971ms (cache miss)
2825 http fetch GET 200 https://registry.npmjs.org/set-function-length/-/set-function-length-1.2.2.tgz 7064ms (cache miss)
2826 http fetch GET 200 https://registry.npmjs.org/es-shim-unscopables/-/es-shim-unscopables-1.1.0.tgz 7065ms (cache miss)
2827 http fetch GET 200 https://registry.npmjs.org/es-errors/-/es-errors-1.3.0.tgz 7066ms (cache miss)
2828 http fetch GET 200 https://registry.npmjs.org/es-object-atoms/-/es-object-atoms-1.1.1.tgz 7098ms (cache miss)
2829 http fetch GET 200 https://registry.npmjs.org/es-define-property/-/es-define-property-1.0.1.tgz 7099ms (cache miss)
2830 http fetch GET 200 https://registry.npmjs.org/math-intrinsics/-/math-intrinsics-1.1.0.tgz 7104ms (cache miss)
2831 http fetch GET 200 https://registry.npmjs.org/object-inspect/-/object-inspect-1.13.4.tgz 7207ms (cache miss)
2832 http fetch GET 200 https://registry.npmjs.org/globalthis/-/globalthis-1.0.4.tgz 7283ms (cache miss)
2833 http fetch GET 200 https://registry.npmjs.org/es-to-primitive/-/es-to-primitive-1.3.0.tgz 7300ms (cache miss)
2834 http fetch GET 200 https://registry.npmjs.org/function-bind/-/function-bind-1.1.2.tgz 7298ms (cache miss)
2835 http fetch GET 200 https://registry.npmjs.org/define-properties/-/define-properties-1.2.1.tgz 7325ms (cache miss)
2836 http fetch GET 200 https://registry.npmjs.org/object.groupby/-/object.groupby-1.0.3.tgz 7371ms (cache miss)
2837 http fetch GET 200 https://registry.npmjs.org/call-bind/-/call-bind-1.0.9.tgz 7423ms (cache miss)
2838 http fetch GET 200 https://registry.npmjs.org/is-string/-/is-string-1.1.1.tgz 7424ms (cache miss)
2839 http fetch GET 200 https://registry.npmjs.org/hasown/-/hasown-2.0.3.tgz 7571ms (cache miss)
2840 http fetch GET 200 https://registry.npmjs.org/array-includes/-/array-includes-3.1.9.tgz 7578ms (cache miss)
2841 http fetch GET 200 https://registry.npmjs.org/axe-core/-/axe-core-4.11.3.tgz 7587ms (cache miss)
2842 http fetch GET 200 https://registry.npmjs.org/object.fromentries/-/object.fromentries-2.0.8.tgz 7744ms (cache miss)
2843 http fetch GET 200 https://registry.npmjs.org/array.prototype.findlastindex/-/array.prototype.findlastindex-1.2.6.tgz 7745ms (cache miss)
2844 http fetch GET 200 https://registry.npmjs.org/array.prototype.flat/-/array.prototype.flat-1.3.3.tgz 7758ms (cache miss)
2845 http fetch GET 200 https://registry.npmjs.org/eslint-module-utils/-/eslint-module-utils-2.12.1.tgz 7763ms (cache miss)
2846 http fetch GET 200 https://registry.npmjs.org/@rtsao/scc/-/scc-1.1.0.tgz 7845ms (cache miss)
2847 http fetch GET 200 https://registry.npmjs.org/unrs-resolver/-/unrs-resolver-1.11.1.tgz 7851ms (cache miss)
2848 http fetch GET 200 https://registry.npmjs.org/call-bound/-/call-bound-1.0.4.tgz 7949ms (cache miss)
2849 http fetch GET 200 https://registry.npmjs.org/stable-hash/-/stable-hash-0.0.5.tgz 7944ms (cache miss)
2850 http fetch GET 200 https://registry.npmjs.org/get-intrinsic/-/get-intrinsic-1.3.0.tgz 8003ms (cache miss)
2851 http fetch GET 200 https://registry.npmjs.org/string.prototype.trimend/-/string.prototype.trimend-1.0.9.tgz 8042ms (cache miss)
2852 http fetch GET 200 https://registry.npmjs.org/@nolyfill/is-core-module/-/is-core-module-1.0.39.tgz 8119ms (cache miss)
2853 http fetch GET 200 https://registry.npmjs.org/@typescript-eslint/tsconfig-utils/-/tsconfig-utils-8.59.0.tgz 8131ms (cache miss)
2854 http fetch GET 200 https://registry.npmjs.org/get-tsconfig/-/get-tsconfig-4.14.0.tgz 8172ms (cache miss)
2855 http fetch GET 200 https://registry.npmjs.org/array.prototype.flatmap/-/array.prototype.flatmap-1.3.3.tgz 8208ms (cache miss)
2856 http fetch GET 200 https://registry.npmjs.org/doctrine/-/doctrine-2.1.0.tgz 8279ms (cache miss)
2857 http fetch GET 200 https://registry.npmjs.org/tsconfig-paths/-/tsconfig-paths-3.15.0.tgz 8323ms (cache miss)
2858 http fetch GET 200 https://registry.npmjs.org/tinyglobby/-/tinyglobby-0.2.16.tgz 8359ms (cache miss)
2859 http fetch GET 200 https://registry.npmjs.org/object.values/-/object.values-1.2.1.tgz 8360ms (cache miss)
2860 http fetch GET 200 https://registry.npmjs.org/is-bun-module/-/is-bun-module-2.0.0.tgz 8534ms (cache miss)
2861 http fetch GET 200 https://registry.npmjs.org/@typescript-eslint/visitor-keys/-/visitor-keys-8.59.0.tgz 8552ms (cache miss)
2862 http fetch GET 200 https://registry.npmjs.org/@typescript-eslint/project-service/-/project-service-8.59.0.tgz 8557ms (cache miss)
2863 http fetch GET 200 https://registry.npmjs.org/semver/-/semver-7.7.4.tgz 8583ms (cache miss)
2864 http fetch GET 200 https://registry.npmjs.org/is-core-module/-/is-core-module-2.16.1.tgz 8722ms (cache miss)
2865 http fetch GET 200 https://registry.npmjs.org/es-abstract/-/es-abstract-1.24.2.tgz 8835ms (cache miss)
2866 http fetch GET 200 https://registry.npmjs.org/@typescript-eslint/typescript-estree/-/typescript-estree-8.59.0.tgz 8834ms (cache miss)
2867 http fetch GET 200 https://registry.npmjs.org/resolve/-/resolve-2.0.0-next.6.tgz 8839ms (cache miss)
2868 http fetch GET 200 https://registry.npmjs.org/@typescript-eslint/type-utils/-/type-utils-8.59.0.tgz 8930ms (cache miss)
2869 http fetch GET 200 https://registry.npmjs.org/eslint-plugin-react-hooks/-/eslint-plugin-react-hooks-5.2.0.tgz 8932ms (cache miss)
2870 http fetch GET 200 https://registry.npmjs.org/eslint-import-resolver-node/-/eslint-import-resolver-node-0.3.10.tgz 8954ms (cache miss)
2871 http fetch GET 200 https://registry.npmjs.org/eslint-import-resolver-typescript/-/eslint-import-resolver-typescript-3.10.1.tgz 9062ms (cache miss)
2872 http fetch GET 200 https://registry.npmjs.org/ms/-/ms-2.1.3.tgz 9124ms (cache miss)
2873 http fetch GET 200 https://registry.npmjs.org/@typescript-eslint/utils/-/utils-8.59.0.tgz 9347ms (cache miss)
2874 http fetch GET 200 https://registry.npmjs.org/@rushstack/eslint-patch/-/eslint-patch-1.16.1.tgz 9456ms (cache miss)
2875 http fetch GET 200 https://registry.npmjs.org/@typescript-eslint/types/-/types-8.59.0.tgz 9699ms (cache miss)
2876 http fetch GET 200 https://registry.npmjs.org/ts-api-utils/-/ts-api-utils-2.5.0.tgz 9832ms (cache miss)
2877 http fetch GET 200 https://registry.npmjs.org/@next/eslint-plugin-next/-/eslint-plugin-next-15.0.3.tgz 9861ms (cache miss)
2878 http fetch GET 200 https://registry.npmjs.org/@typescript-eslint/scope-manager/-/scope-manager-8.59.0.tgz 9889ms (cache miss)
2879 http fetch GET 200 https://registry.npmjs.org/color-convert/-/color-convert-2.0.1.tgz 10023ms (cache miss)
2880 http fetch GET 200 https://registry.npmjs.org/supports-color/-/supports-color-7.2.0.tgz 10049ms (cache miss)
2881 http fetch GET 200 https://registry.npmjs.org/@typescript-eslint/eslint-plugin/-/eslint-plugin-8.59.0.tgz 10082ms (cache miss)
2882 http fetch GET 200 https://registry.npmjs.org/shebang-command/-/shebang-command-2.0.0.tgz 10095ms (cache miss)
2883 http fetch GET 200 https://registry.npmjs.org/json-schema-traverse/-/json-schema-traverse-0.4.1.tgz 10102ms (cache miss)
2884 http fetch GET 200 https://registry.npmjs.org/fast-glob/-/fast-glob-3.3.1.tgz 10105ms (cache miss)
2885 http fetch GET 200 https://registry.npmjs.org/which/-/which-2.0.2.tgz 10124ms (cache miss)
2886 http fetch GET 200 https://registry.npmjs.org/@typescript-eslint/parser/-/parser-8.59.0.tgz 10197ms (cache miss)
2887 http fetch GET 200 https://registry.npmjs.org/ansi-styles/-/ansi-styles-4.3.0.tgz 10198ms (cache miss)
2888 http fetch GET 200 https://registry.npmjs.org/path-key/-/path-key-3.1.1.tgz 10214ms (cache miss)
2889 http fetch GET 200 https://registry.npmjs.org/color-name/-/color-name-1.1.4.tgz 10254ms (cache miss)
2890 http fetch GET 200 https://registry.npmjs.org/@humanfs/types/-/types-0.15.0.tgz 10334ms (cache miss)
2891 http fetch GET 200 https://registry.npmjs.org/fast-json-stable-stringify/-/fast-json-stable-stringify-2.1.0.tgz 10352ms (cache miss)
2892 http fetch GET 200 https://registry.npmjs.org/eslint-plugin-react/-/eslint-plugin-react-7.37.5.tgz 10435ms (cache miss)
2893 http fetch GET 200 https://registry.npmjs.org/import-fresh/-/import-fresh-3.3.1.tgz 10470ms (cache miss)
2894 http fetch GET 200 https://registry.npmjs.org/optionator/-/optionator-0.9.4.tgz 10606ms (cache miss)
2895 http fetch GET 200 https://registry.npmjs.org/@humanfs/core/-/core-0.19.2.tgz 10647ms (cache miss)
2896 http fetch GET 200 https://registry.npmjs.org/@eslint/object-schema/-/object-schema-2.1.7.tgz 10657ms (cache miss)
2897 http fetch GET 200 https://registry.npmjs.org/lodash.merge/-/lodash.merge-4.6.2.tgz 10721ms (cache miss)
2898 http fetch GET 200 https://registry.npmjs.org/minimatch/-/minimatch-3.1.5.tgz 10860ms (cache miss)
2899 http fetch GET 200 https://registry.npmjs.org/strip-json-comments/-/strip-json-comments-3.1.1.tgz 10941ms (cache miss)
2900 http fetch GET 200 https://registry.npmjs.org/levn/-/levn-0.4.1.tgz 10944ms (cache miss)
2901 http fetch GET 200 https://registry.npmjs.org/is-glob/-/is-glob-4.0.3.tgz 10944ms (cache miss)
2902 http fetch GET 200 https://registry.npmjs.org/globals/-/globals-14.0.0.tgz 10945ms (cache miss)
2903 http fetch GET 200 https://registry.npmjs.org/json-stable-stringify-without-jsonify/-/json-stable-stringify-without-jsonify-1.0.1.tgz 11038ms (cache miss)
2904 http fetch GET 200 https://registry.npmjs.org/find-up/-/find-up-5.0.0.tgz 11045ms (cache miss)
2905 http fetch GET 200 https://registry.npmjs.org/text-table/-/text-table-0.2.0.tgz 11063ms (cache miss)
2906 http fetch GET 200 https://registry.npmjs.org/natural-compare/-/natural-compare-1.4.0.tgz 11069ms (cache miss)
2907 http fetch GET 200 https://registry.npmjs.org/imurmurhash/-/imurmurhash-0.1.4.tgz 11086ms (cache miss)
2908 http fetch GET 200 https://registry.npmjs.org/eslint-plugin-jsx-a11y/-/eslint-plugin-jsx-a11y-6.10.2.tgz 11112ms (cache miss)
2909 http fetch GET 200 https://registry.npmjs.org/fast-deep-equal/-/fast-deep-equal-3.1.3.tgz 11271ms (cache miss)
2910 http fetch GET 200 https://registry.npmjs.org/escape-string-regexp/-/escape-string-regexp-4.0.0.tgz 11271ms (cache miss)
2911 http fetch GET 200 https://registry.npmjs.org/esutils/-/esutils-2.0.3.tgz 11494ms (cache miss)
2912 http fetch GET 200 https://registry.npmjs.org/glob-parent/-/glob-parent-6.0.2.tgz 11518ms (cache miss)
2913 http fetch GET 200 https://registry.npmjs.org/eslint-visitor-keys/-/eslint-visitor-keys-4.2.1.tgz 11591ms (cache miss)
2914 http fetch GET 200 https://registry.npmjs.org/file-entry-cache/-/file-entry-cache-8.0.0.tgz 11648ms (cache miss)
2915 http fetch GET 200 https://registry.npmjs.org/espree/-/espree-10.4.0.tgz 11658ms (cache miss)
2916 http fetch GET 200 https://registry.npmjs.org/eslint-scope/-/eslint-scope-8.4.0.tgz 11699ms (cache miss)
2917 http fetch GET 200 https://registry.npmjs.org/debug/-/debug-4.4.3.tgz 11784ms (cache miss)
2918 http fetch GET 200 https://registry.npmjs.org/@types/estree/-/estree-1.0.8.tgz 12157ms (cache miss)
2919 http fetch GET 200 https://registry.npmjs.org/chalk/-/chalk-4.1.2.tgz 12159ms (cache miss)
2920 http fetch GET 200 https://registry.npmjs.org/@humanfs/node/-/node-0.16.8.tgz 12163ms (cache miss)
2921 http fetch GET 200 https://registry.npmjs.org/@types/json-schema/-/json-schema-7.0.15.tgz 12165ms (cache miss)
2922 http fetch GET 200 https://registry.npmjs.org/cross-spawn/-/cross-spawn-7.0.6.tgz 12182ms (cache miss)
2923 http fetch GET 200 https://registry.npmjs.org/uri-js/-/uri-js-4.4.1.tgz 12300ms (cache miss)
2924 http fetch GET 200 https://registry.npmjs.org/@eslint/js/-/js-9.14.0.tgz 12527ms (cache miss)
2925 http fetch GET 200 https://registry.npmjs.org/ignore/-/ignore-5.3.2.tgz 12574ms (cache miss)
2926 http fetch GET 200 https://registry.npmjs.org/@humanwhocodes/retry/-/retry-0.4.3.tgz 12624ms (cache miss)
2927 http fetch GET 200 https://registry.npmjs.org/@humanwhocodes/module-importer/-/module-importer-1.0.1.tgz 12991ms (cache miss)
2928 http fetch GET 200 https://registry.npmjs.org/@eslint/core/-/core-0.7.0.tgz 13002ms (cache miss)
2929 http fetch GET 200 https://registry.npmjs.org/@eslint/plugin-kit/-/plugin-kit-0.2.8.tgz 13033ms (cache miss)
2930 http fetch GET 200 https://registry.npmjs.org/undici-types/-/undici-types-6.19.8.tgz 13159ms (cache miss)
2931 http fetch GET 200 https://registry.npmjs.org/eslint-config-next/-/eslint-config-next-15.0.3.tgz 13602ms (cache miss)
2932 http fetch GET 200 https://registry.npmjs.org/ajv/-/ajv-6.14.0.tgz 13617ms (cache miss)
2933 http fetch GET 200 https://registry.npmjs.org/eslint-plugin-import/-/eslint-plugin-import-2.32.0.tgz 13633ms (cache miss)
2934 http fetch GET 200 https://registry.npmjs.org/@eslint-community/eslint-utils/-/eslint-utils-4.9.1.tgz 13703ms (cache miss)
2935 http fetch GET 200 https://registry.npmjs.org/@types/prop-types/-/prop-types-15.7.15.tgz 13795ms (cache miss)
2936 http fetch GET 200 https://registry.npmjs.org/js-yaml/-/js-yaml-4.1.1.tgz 13851ms (cache miss)
2937 http fetch GET 200 https://registry.npmjs.org/@eslint-community/regexpp/-/regexpp-4.12.2.tgz 14176ms (cache miss)
2938 http fetch GET 200 https://registry.npmjs.org/@eslint/eslintrc/-/eslintrc-3.3.5.tgz 14591ms (cache miss)
2939 http fetch GET 200 https://registry.npmjs.org/@types/react-dom/-/react-dom-18.3.1.tgz 14603ms (cache miss)
2940 http fetch GET 200 https://registry.npmjs.org/@eslint/config-array/-/config-array-0.18.0.tgz 14622ms (cache miss)
2941 http fetch GET 200 https://registry.npmjs.org/react/-/react-18.3.1.tgz 14730ms (cache miss)
2942 http fetch GET 200 https://registry.npmjs.org/semver/-/semver-6.3.1.tgz 14801ms (cache miss)
2943 http fetch GET 200 https://registry.npmjs.org/fdir/-/fdir-6.5.0.tgz 14845ms (cache miss)
2944 http fetch GET 200 https://registry.npmjs.org/esquery/-/esquery-1.7.0.tgz 14991ms (cache miss)
2945 http fetch GET 200 https://registry.npmjs.org/balanced-match/-/balanced-match-4.0.4.tgz 15192ms (cache miss)
2946 http fetch GET 200 https://registry.npmjs.org/picomatch/-/picomatch-4.0.4.tgz 15198ms (cache miss)
2947 http fetch GET 200 https://registry.npmjs.org/eslint-visitor-keys/-/eslint-visitor-keys-5.0.1.tgz 15366ms (cache miss)
2948 http fetch GET 200 https://registry.npmjs.org/glob-parent/-/glob-parent-5.1.2.tgz 15502ms (cache miss)
2949 http fetch GET 200 https://registry.npmjs.org/debug/-/debug-3.2.7.tgz 15651ms (cache miss)
2950 http fetch GET 200 https://registry.npmjs.org/brace-expansion/-/brace-expansion-5.0.5.tgz 15738ms (cache miss)
2951 http fetch GET 200 https://registry.npmjs.org/semver/-/semver-6.3.1.tgz 15868ms (cache miss)
2952 http fetch GET 200 https://registry.npmjs.org/debug/-/debug-3.2.7.tgz 16096ms (cache miss)
2953 http fetch GET 200 https://registry.npmjs.org/debug/-/debug-3.2.7.tgz 16115ms (cache miss)
2954 http fetch GET 200 https://registry.npmjs.org/@types/react/-/react-18.3.12.tgz 16124ms (cache miss)
2955 http fetch GET 200 https://registry.npmjs.org/semver/-/semver-6.3.1.tgz 16262ms (cache miss)
2956 http fetch GET 200 https://registry.npmjs.org/@eslint%2fplugin-kit 16126ms (cache miss)
2957 silly packumentCache corgi:https://registry.npmjs.org/@eslint%2fplugin-kit set size:undefined disposed:false
2958 http fetch GET 200 https://registry.npmjs.org/ignore/-/ignore-7.0.5.tgz 16573ms (cache miss)
2959 http fetch GET 200 https://registry.npmjs.org/@eslint/core/-/core-0.13.0.tgz 16965ms (cache miss)
2960 http fetch GET 200 https://registry.npmjs.org/eslint-visitor-keys/-/eslint-visitor-keys-3.4.3.tgz 17807ms (cache miss)
2961 http fetch GET 200 https://registry.npmjs.org/eslint/-/eslint-9.14.0.tgz 19759ms (cache miss)
2962 http fetch GET 200 https://registry.npmjs.org/csstype/-/csstype-3.2.3.tgz 20113ms (cache miss)
2963 http fetch GET 200 https://registry.npmjs.org/minimatch/-/minimatch-10.2.5.tgz 21230ms (cache miss)
2964 http fetch GET 200 https://registry.npmjs.org/@types/node/-/node-22.9.0.tgz 22101ms (cache miss)
2965 http fetch GET 200 https://registry.npmjs.org/react-dom/-/react-dom-18.3.1.tgz 25931ms (cache miss)
2966 http fetch GET 200 https://registry.npmjs.org/next 32770ms (cache miss)
2967 silly packumentCache corgi:https://registry.npmjs.org/next set size:undefined disposed:false
2968 silly packumentCache corgi:https://registry.npmjs.org/eslint cache-miss
2969 http fetch GET 200 https://registry.npmjs.org/lucide-react/-/lucide-react-0.462.0.tgz 35800ms (cache miss)
2970 http fetch GET 200 https://registry.npmjs.org/eslint 1784ms (cache miss)
2971 silly packumentCache corgi:https://registry.npmjs.org/eslint set size:undefined disposed:false
2972 silly packumentCache corgi:https://registry.npmjs.org/eslint-config-next cache-miss
2973 silly packumentCache corgi:https://registry.npmjs.org/@eslint-community%2feslint-utils cache-miss
2974 silly packumentCache corgi:https://registry.npmjs.org/@typescript-eslint%2feslint-plugin cache-miss
2975 silly packumentCache corgi:https://registry.npmjs.org/@typescript-eslint%2fparser cache-miss
2976 silly packumentCache corgi:https://registry.npmjs.org/eslint-import-resolver-typescript cache-miss
2977 silly packumentCache corgi:https://registry.npmjs.org/eslint-plugin-import cache-miss
2978 silly packumentCache corgi:https://registry.npmjs.org/eslint-plugin-jsx-a11y cache-miss
2979 silly packumentCache corgi:https://registry.npmjs.org/eslint-plugin-react cache-miss
2980 silly packumentCache corgi:https://registry.npmjs.org/eslint-plugin-react-hooks cache-miss
2981 silly packumentCache corgi:https://registry.npmjs.org/@typescript-eslint%2ftype-utils cache-miss
2982 silly packumentCache corgi:https://registry.npmjs.org/@typescript-eslint%2futils cache-miss
2983 http fetch GET 200 https://registry.npmjs.org/@eslint-community%2feslint-utils 1000ms (cache miss)
2984 silly packumentCache corgi:https://registry.npmjs.org/@eslint-community%2feslint-utils set size:undefined disposed:false
2985 http fetch GET 200 https://registry.npmjs.org/eslint-plugin-react 1124ms (cache miss)
2986 silly packumentCache corgi:https://registry.npmjs.org/eslint-plugin-react set size:undefined disposed:false
2987 http fetch GET 200 https://registry.npmjs.org/eslint-import-resolver-typescript 1378ms (cache miss)
2988 silly packumentCache corgi:https://registry.npmjs.org/eslint-import-resolver-typescript set size:undefined disposed:false
2989 http fetch GET 200 https://registry.npmjs.org/eslint-plugin-import 1496ms (cache miss)
2990 silly packumentCache corgi:https://registry.npmjs.org/eslint-plugin-import set size:undefined disposed:false
2991 http fetch GET 200 https://registry.npmjs.org/eslint-plugin-jsx-a11y 2589ms (cache miss)
2992 silly packumentCache corgi:https://registry.npmjs.org/eslint-plugin-jsx-a11y set size:undefined disposed:false
2993 http fetch GET 200 https://registry.npmjs.org/@img/sharp-libvips-darwin-arm64/-/sharp-libvips-darwin-arm64-1.0.4.tgz 40743ms (cache miss)
2994 http fetch GET 200 https://registry.npmjs.org/@typescript-eslint%2futils 9775ms (cache miss)
2995 silly packumentCache corgi:https://registry.npmjs.org/@typescript-eslint%2futils set size:undefined disposed:false
2996 http fetch GET 200 https://registry.npmjs.org/eslint-plugin-react-hooks 10352ms (cache miss)
2997 silly packumentCache corgi:https://registry.npmjs.org/eslint-plugin-react-hooks set size:undefined disposed:false
2998 http fetch GET 200 https://registry.npmjs.org/eslint-config-next 15121ms (cache miss)
2999 silly packumentCache corgi:https://registry.npmjs.org/eslint-config-next set size:undefined disposed:false
3000 http fetch GET 200 https://registry.npmjs.org/@typescript-eslint%2fparser 24291ms (cache miss)
3001 silly packumentCache corgi:https://registry.npmjs.org/@typescript-eslint%2fparser set size:undefined disposed:false
3002 http fetch GET 200 https://registry.npmjs.org/@typescript-eslint%2feslint-plugin 30113ms (cache miss)
3003 silly packumentCache corgi:https://registry.npmjs.org/@typescript-eslint%2feslint-plugin set size:undefined disposed:false
3004 http fetch GET 200 https://registry.npmjs.org/typescript/-/typescript-5.6.3.tgz 68243ms (cache miss)
3005 http fetch GET 200 https://registry.npmjs.org/@typescript-eslint%2ftype-utils 57757ms (cache miss)
3006 silly packumentCache corgi:https://registry.npmjs.org/@typescript-eslint%2ftype-utils set size:undefined disposed:false
3007 http fetch GET 200 https://registry.npmjs.org/next/-/next-15.0.3.tgz 117371ms (cache miss)
3008 warn deprecated next@15.0.3: This version has a security vulnerability. Please upgrade to a patched version. See https://nextjs.org/blog/CVE-2025-66478 for more details.
3009 http fetch GET 200 https://registry.npmjs.org/@next/swc-darwin-arm64/-/swc-darwin-arm64-15.0.3.tgz 122459ms (cache miss)
3010 info run sharp@0.33.5 install node_modules/sharp node install/check
3011 info run sharp@0.33.5 install { code: 0, signal: null }
3012 info run unrs-resolver@1.11.1 postinstall node_modules/unrs-resolver napi-postinstall unrs-resolver 1.11.1 check
3013 info run unrs-resolver@1.11.1 postinstall { code: 0, signal: null }
3014 silly ADD node_modules/is-weakset
3015 silly ADD node_modules/is-weakmap
3016 silly ADD node_modules/is-map
3017 silly ADD node_modules/generator-function
3018 silly ADD node_modules/async-function
3019 silly ADD node_modules/which-collection
3020 silly ADD node_modules/is-generator-function
3021 silly ADD node_modules/is-finalizationregistry
3022 silly ADD node_modules/is-async-function
3023 silly ADD node_modules/is-number-object
3024 silly ADD node_modules/is-boolean-object
3025 silly ADD node_modules/is-bigint
3026 silly ADD node_modules/isexe
3027 silly ADD node_modules/punycode
3028 silly ADD node_modules/napi-postinstall
3029 silly ADD node_modules/@unrs/resolver-binding-darwin-arm64
3030 silly ADD node_modules/which-boxed-primitive
3031 silly ADD node_modules/has-bigints
3032 silly ADD node_modules/which-builtin-type
3033 silly ADD node_modules/reflect.getprototypeof
3034 silly ADD node_modules/for-each
3035 silly ADD node_modules/strip-bom
3036 silly ADD node_modules/minimist
3037 silly ADD node_modules/json5
3038 silly ADD node_modules/@types/json5
3039 silly ADD node_modules/is-number
3040 silly ADD node_modules/has-flag
3041 silly ADD node_modules/client-only
3042 silly ADD node_modules/is-arrayish
3043 silly ADD node_modules/side-channel-weakmap
3044 silly ADD node_modules/side-channel-map
3045 silly ADD node_modules/side-channel-list
3046 silly ADD node_modules/shebang-regex
3047 silly ADD node_modules/simple-swizzle
3048 silly ADD node_modules/color-string
3049 silly ADD node_modules/@emnapi/runtime
3050 silly ADD node_modules/detect-libc
3051 silly ADD node_modules/color
3052 silly ADD node_modules/@img/sharp-libvips-darwin-arm64
3053 silly ADD node_modules/@img/sharp-darwin-arm64
3054 silly ADD node_modules/isarray
3055 silly ADD node_modules/queue-microtask
3056 silly ADD node_modules/supports-preserve-symlinks-flag
3057 silly ADD node_modules/path-parse
3058 silly ADD node_modules/node-exports-info
3059 silly ADD node_modules/node-exports-info/node_modules/semver
3060 silly ADD node_modules/scheduler
3061 silly ADD node_modules/js-tokens
3062 silly ADD node_modules/react-is
3063 silly ADD node_modules/object-assign
3064 silly ADD node_modules/loose-envify
3065 silly ADD node_modules/source-map-js
3066 silly ADD node_modules/picocolors
3067 silly ADD node_modules/nanoid
3068 silly ADD node_modules/callsites
3069 silly ADD node_modules/yocto-queue
3070 silly ADD node_modules/p-limit
3071 silly ADD node_modules/word-wrap
3072 silly ADD node_modules/fast-levenshtein
3073 silly ADD node_modules/deep-is
3074 silly ADD node_modules/streamsearch
3075 silly ADD node_modules/tslib
3076 silly ADD node_modules/styled-jsx
3077 silly ADD node_modules/sharp
3078 silly ADD node_modules/postcss
3079 silly ADD node_modules/caniuse-lite
3080 silly ADD node_modules/busboy
3081 silly ADD node_modules/@swc/helpers
3082 silly ADD node_modules/@swc/counter
3083 silly ADD node_modules/@next/swc-darwin-arm64
3084 silly ADD node_modules/@next/env
3085 silly ADD node_modules/concat-map
3086 silly ADD node_modules/balanced-match
3087 silly ADD node_modules/brace-expansion
3088 silly ADD node_modules/to-regex-range
3089 silly ADD node_modules/fill-range
3090 silly ADD node_modules/picomatch
3091 silly ADD node_modules/braces
3092 silly ADD node_modules/p-locate
3093 silly ADD node_modules/type-check
3094 silly ADD node_modules/prelude-ls
3095 silly ADD node_modules/language-subtag-registry
3096 silly ADD node_modules/json-buffer
3097 silly ADD node_modules/argparse
3098 silly ADD node_modules/set-function-name
3099 silly ADD node_modules/is-extglob
3100 silly ADD node_modules/side-channel
3101 silly ADD node_modules/resolve-from
3102 silly ADD node_modules/parent-module
3103 silly ADD node_modules/resolve-pkg-maps
3104 silly ADD node_modules/dunder-proto
3105 silly ADD node_modules/functions-have-names
3106 silly ADD node_modules/keyv
3107 silly ADD node_modules/flatted
3108 silly ADD node_modules/path-exists
3109 silly ADD node_modules/locate-path
3110 silly ADD node_modules/flat-cache
3111 silly ADD node_modules/reusify
3112 silly ADD node_modules/run-parallel
3113 silly ADD node_modules/fastq
3114 silly ADD node_modules/@nodelib/fs.scandir
3115 silly ADD node_modules/micromatch
3116 silly ADD node_modules/merge2
3117 silly ADD node_modules/@nodelib/fs.walk
3118 silly ADD node_modules/@nodelib/fs.stat
3119 silly ADD node_modules/acorn-jsx
3120 silly ADD node_modules/acorn
3121 silly ADD node_modules/esrecurse
3122 silly ADD node_modules/iterator.prototype
3123 silly ADD node_modules/string.prototype.repeat
3124 silly ADD node_modules/string.prototype.matchall
3125 silly ADD node_modules/prop-types
3126 silly ADD node_modules/object.entries
3127 silly ADD node_modules/estraverse
3128 silly ADD node_modules/es-iterator-helpers
3129 silly ADD node_modules/array.prototype.tosorted
3130 silly ADD node_modules/array.prototype.findlast
3131 silly ADD node_modules/string.prototype.includes
3132 silly ADD node_modules/language-tags
3133 silly ADD node_modules/jsx-ast-utils
3134 silly ADD node_modules/emoji-regex
3135 silly ADD node_modules/damerau-levenshtein
3136 silly ADD node_modules/axobject-query
3137 silly ADD node_modules/axe-core
3138 silly ADD node_modules/ast-types-flow
3139 silly ADD node_modules/aria-query
3140 silly ADD node_modules/is-symbol
3141 silly ADD node_modules/is-date-object
3142 silly ADD node_modules/has-tostringtag
3143 silly ADD node_modules/possible-typed-array-names
3144 silly ADD node_modules/which-typed-array
3145 silly ADD node_modules/unbox-primitive
3146 silly ADD node_modules/typed-array-length
3147 silly ADD node_modules/typed-array-byte-offset
3148 silly ADD node_modules/typed-array-byte-length
3149 silly ADD node_modules/typed-array-buffer
3150 silly ADD node_modules/string.prototype.trimstart
3151 silly ADD node_modules/string.prototype.trim
3152 silly ADD node_modules/stop-iteration-iterator
3153 silly ADD node_modules/set-proto
3154 silly ADD node_modules/safe-regex-test
3155 silly ADD node_modules/safe-push-apply
3156 silly ADD node_modules/safe-array-concat
3157 silly ADD node_modules/regexp.prototype.flags
3158 silly ADD node_modules/own-keys
3159 silly ADD node_modules/object.assign
3160 silly ADD node_modules/object-inspect
3161 silly ADD node_modules/is-weakref
3162 silly ADD node_modules/is-typed-array
3163 silly ADD node_modules/is-shared-array-buffer
3164 silly ADD node_modules/is-set
3165 silly ADD node_modules/is-regex
3166 silly ADD node_modules/is-negative-zero
3167 silly ADD node_modules/is-data-view
3168 silly ADD node_modules/is-callable
3169 silly ADD node_modules/is-array-buffer
3170 silly ADD node_modules/internal-slot
3171 silly ADD node_modules/has-symbols
3172 silly ADD node_modules/has-proto
3173 silly ADD node_modules/globalthis
3174 silly ADD node_modules/get-symbol-description
3175 silly ADD node_modules/get-proto
3176 silly ADD node_modules/function.prototype.name
3177 silly ADD node_modules/es-to-primitive
3178 silly ADD node_modules/es-set-tostringtag
3179 silly ADD node_modules/data-view-byte-offset
3180 silly ADD node_modules/data-view-byte-length
3181 silly ADD node_modules/data-view-buffer
3182 silly ADD node_modules/available-typed-arrays
3183 silly ADD node_modules/arraybuffer.prototype.slice
3184 silly ADD node_modules/array-buffer-byte-length
3185 silly ADD node_modules/gopd
3186 silly ADD node_modules/object-keys
3187 silly ADD node_modules/has-property-descriptors
3188 silly ADD node_modules/define-data-property
3189 silly ADD node_modules/function-bind
3190 silly ADD node_modules/set-function-length
3191 silly ADD node_modules/es-define-property
3192 silly ADD node_modules/call-bind-apply-helpers
3193 silly ADD node_modules/es-shim-unscopables
3194 silly ADD node_modules/es-errors
3195 silly ADD node_modules/math-intrinsics
3196 silly ADD node_modules/is-string
3197 silly ADD node_modules/get-intrinsic
3198 silly ADD node_modules/es-object-atoms
3199 silly ADD node_modules/es-abstract
3200 silly ADD node_modules/define-properties
3201 silly ADD node_modules/call-bound
3202 silly ADD node_modules/call-bind
3203 silly ADD node_modules/tsconfig-paths
3204 silly ADD node_modules/string.prototype.trimend
3205 silly ADD node_modules/object.values
3206 silly ADD node_modules/object.groupby
3207 silly ADD node_modules/object.fromentries
3208 silly ADD node_modules/hasown
3209 silly ADD node_modules/eslint-module-utils
3210 silly ADD node_modules/eslint-module-utils/node_modules/debug
3211 silly ADD node_modules/doctrine
3212 silly ADD node_modules/array.prototype.flatmap
3213 silly ADD node_modules/array.prototype.flat
3214 silly ADD node_modules/array.prototype.findlastindex
3215 silly ADD node_modules/array-includes
3216 silly ADD node_modules/@rtsao/scc
3217 silly ADD node_modules/unrs-resolver
3218 silly ADD node_modules/stable-hash
3219 silly ADD node_modules/is-bun-module
3220 silly ADD node_modules/get-tsconfig
3221 silly ADD node_modules/@nolyfill/is-core-module
3222 silly ADD node_modules/resolve
3223 silly ADD node_modules/is-core-module
3224 silly ADD node_modules/tinyglobby
3225 silly ADD node_modules/tinyglobby/node_modules/picomatch
3226 silly ADD node_modules/tinyglobby/node_modules/fdir
3227 silly ADD node_modules/semver
3228 silly ADD node_modules/@typescript-eslint/tsconfig-utils
3229 silly ADD node_modules/@typescript-eslint/project-service
3230 silly ADD node_modules/@typescript-eslint/typescript-estree
3231 silly ADD node_modules/@typescript-eslint/typescript-estree/node_modules/balanced-match
3232 silly ADD node_modules/@typescript-eslint/typescript-estree/node_modules/brace-expansion
3233 silly ADD node_modules/@typescript-eslint/typescript-estree/node_modules/minimatch
3234 silly ADD node_modules/@typescript-eslint/types
3235 silly ADD node_modules/ts-api-utils
3236 silly ADD node_modules/@typescript-eslint/visitor-keys
3237 silly ADD node_modules/@typescript-eslint/visitor-keys/node_modules/eslint-visitor-keys
3238 silly ADD node_modules/@typescript-eslint/utils
3239 silly ADD node_modules/@typescript-eslint/type-utils
3240 silly ADD node_modules/@typescript-eslint/scope-manager
3241 silly ADD node_modules/fast-glob
3242 silly ADD node_modules/fast-glob/node_modules/glob-parent
3243 silly ADD node_modules/eslint-plugin-react-hooks
3244 silly ADD node_modules/eslint-plugin-react
3245 silly ADD node_modules/eslint-plugin-react/node_modules/semver
3246 silly ADD node_modules/eslint-plugin-jsx-a11y
3247 silly ADD node_modules/eslint-plugin-import
3248 silly ADD node_modules/eslint-plugin-import/node_modules/semver
3249 silly ADD node_modules/eslint-plugin-import/node_modules/debug
3250 silly ADD node_modules/eslint-import-resolver-typescript
3251 silly ADD node_modules/eslint-import-resolver-node
3252 silly ADD node_modules/eslint-import-resolver-node/node_modules/debug
3253 silly ADD node_modules/@typescript-eslint/parser
3254 silly ADD node_modules/@typescript-eslint/eslint-plugin
3255 silly ADD node_modules/@typescript-eslint/eslint-plugin/node_modules/ignore
3256 silly ADD node_modules/@rushstack/eslint-patch
3257 silly ADD node_modules/@next/eslint-plugin-next
3258 silly ADD node_modules/ms
3259 silly ADD node_modules/which
3260 silly ADD node_modules/shebang-command
3261 silly ADD node_modules/path-key
3262 silly ADD node_modules/color-name
3263 silly ADD node_modules/color-convert
3264 silly ADD node_modules/supports-color
3265 silly ADD node_modules/ansi-styles
3266 silly ADD node_modules/uri-js
3267 silly ADD node_modules/json-schema-traverse
3268 silly ADD node_modules/fast-json-stable-stringify
3269 silly ADD node_modules/@humanfs/types
3270 silly ADD node_modules/@humanfs/core
3271 silly ADD node_modules/levn
3272 silly ADD node_modules/strip-json-comments
3273 silly ADD node_modules/js-yaml
3274 silly ADD node_modules/import-fresh
3275 silly ADD node_modules/globals
3276 silly ADD node_modules/@eslint/object-schema
3277 silly ADD node_modules/text-table
3278 silly ADD node_modules/optionator
3279 silly ADD node_modules/natural-compare
3280 silly ADD node_modules/minimatch
3281 silly ADD node_modules/lodash.merge
3282 silly ADD node_modules/json-stable-stringify-without-jsonify
3283 silly ADD node_modules/is-glob
3284 silly ADD node_modules/imurmurhash
3285 silly ADD node_modules/ignore
3286 silly ADD node_modules/glob-parent
3287 silly ADD node_modules/find-up
3288 silly ADD node_modules/file-entry-cache
3289 silly ADD node_modules/fast-deep-equal
3290 silly ADD node_modules/esutils
3291 silly ADD node_modules/esquery
3292 silly ADD node_modules/espree
3293 silly ADD node_modules/eslint-visitor-keys
3294 silly ADD node_modules/eslint-scope
3295 silly ADD node_modules/escape-string-regexp
3296 silly ADD node_modules/debug
3297 silly ADD node_modules/cross-spawn
3298 silly ADD node_modules/chalk
3299 silly ADD node_modules/ajv
3300 silly ADD node_modules/@types/json-schema
3301 silly ADD node_modules/@types/estree
3302 silly ADD node_modules/@humanwhocodes/retry
3303 silly ADD node_modules/@humanwhocodes/module-importer
3304 silly ADD node_modules/@humanfs/node
3305 silly ADD node_modules/@eslint/plugin-kit
3306 silly ADD node_modules/@eslint/plugin-kit/node_modules/@eslint/core
3307 silly ADD node_modules/@eslint/js
3308 silly ADD node_modules/@eslint/eslintrc
3309 silly ADD node_modules/@eslint/core
3310 silly ADD node_modules/@eslint/config-array
3311 silly ADD node_modules/@eslint-community/regexpp
3312 silly ADD node_modules/@eslint-community/eslint-utils
3313 silly ADD node_modules/@eslint-community/eslint-utils/node_modules/eslint-visitor-keys
3314 silly ADD node_modules/csstype
3315 silly ADD node_modules/@types/prop-types
3316 silly ADD node_modules/undici-types
3317 silly ADD node_modules/typescript
3318 silly ADD node_modules/react-dom
3319 silly ADD node_modules/next
3320 silly ADD node_modules/react
3321 silly ADD node_modules/lucide-react
3322 silly ADD node_modules/eslint-config-next
3323 silly ADD node_modules/eslint
3324 silly ADD node_modules/@types/react-dom
3325 silly ADD node_modules/@types/react
3326 silly ADD node_modules/@types/node
3327 verbose cwd /Users/edwininganji/VSCodeProjects/cchis/frontend
3328 verbose os Darwin 25.3.0
3329 verbose node v25.6.0
3330 verbose npm  v11.8.0
3331 notice
3331 notice New minor version of npm available! 11.8.0 -> 11.12.1
3331 notice Changelog: https://github.com/npm/cli/releases/tag/v11.12.1
3331 notice To update run: npm install -g npm@11.12.1
3331 notice  { force: true, Symbol(proc-log.meta): true }
3332 verbose exit 0
3333 info ok
